Date,Adj Close,Close,High,Low,Open,Volume,MA_50,MA_200,Daily Return,Volatility
2014-09-19,90.6739502,93.88999939,99.69999695,89.94999695,92.69999695,271879400,93.88999939,93.88999939,,
2014-09-22,86.81096649,89.88999939,92.94999695,89.5,92.69999695,66657800,91.88999939,91.88999939,-0.042603046394587896,
2014-09-23,84.18412781,87.16999817,90.48000336,86.62000275,88.94000244,39009800,90.31666565,90.31666565,-0.03025921947333543,
2014-09-24,87.46766663,90.56999969,90.56999969,87.22000122,88.47000122,32088000,90.37999916,90.37999916,0.039004262835583337,
2014-09-25,85.87419128,88.91999817,91.5,88.5,91.08999634,28598000,90.087998962,90.087998962,-0.018217969809512846,
2014-09-26,87.36144257,90.45999908,90.45999908,88.66000366,89.73000336,18340000,90.14999898166667,90.14999898166667,0.017318948961917213,
2014-09-29,85.71000671,88.75,89.69999695,88.01999664,89.62000275,25302000,89.94999912714286,89.94999912714286,-0.01890337273260123,
2014-09-30,85.80658722,88.84999847,90.87999725,88.45999908,89.0,24419400,89.812499045,89.812499045,0.0011267433239436908,
2014-10-01,83.15078735,86.09999847,88.94000244,86.04000092,88.69999695,24029600,89.39999898111111,89.39999898111111,-0.030951041613450636,
2014-10-02,84.07790375,87.05999756,88.19999695,85.61100006,86.26999664,21469700,89.165998839,89.165998839,0.011149815412998976,
2014-10-03,85.08227539,88.09999847,89.94000244,87.65000153,88.09999847,18485700,89.06908971454546,89.06908971454546,0.011945795303787587,
2014-10-06,85.28507996,88.30999756,89.65000153,88.05999756,89.15000153,9268400,89.00583203500001,89.00583203500001,0.0023836446497953467,
2014-10-07,84.66699982,87.66999817,89.69999695,87.05999756,87.94999695,12791700,88.90307558384615,88.90307558384615,-0.007247190665645387,
2014-10-08,85.27542877,88.30000305,88.5,87.05999756,88.0,10252600,88.85999897428572,88.85999897428572,0.007186094366950613,
2014-10-09,85.74864197,88.79000092,90.34999847,88.0,88.51000214,21507000,88.85533243733333,88.85533243733333,0.005549239559171193,
2014-10-10,82.93831635,85.87999725,88.73999786,85.23999786,88.25,15431400,88.669373988125,88.669373988125,-0.03277400202554248,
2014-10-13,82.20436096,85.12000275,86.88999939,84.91999817,86.84999847,14845000,88.46058744470588,88.46058744470588,-0.008849493762646876,
2014-10-14,82.04016876,84.94999695,85.87999725,83.22000122,85.80999756,15559200,88.26555463944445,88.26555463944445,-0.001997248525699824,
2014-10-15,82.66790771,85.59999847,86.48999786,82.80999756,84.04000092,16824300,88.12526220947368,88.12526220947368,0.007651577908620588,
2014-10-16,85.80658722,88.84999847,89.17500305,84.01499939,84.98000336,15232000,88.16149902250001,88.16149902250001,0.03796729039824709,
2014-10-17,84.89878845,87.91000366,90.90000153,87.66999817,90.40000153,17360700,88.14952305285715,88.14952305285715,-0.010579570356631929,
2014-10-20,85.23679352,88.26000214,89.5,87.86000061,88.0,9891400,88.15454482954546,88.15454482954546,0.003981327100766041,
2014-10-21,87.78636932,90.90000153,92.5,88.5,89.09999847,23243800,88.27391251217391,88.27391251217391,0.02991161710841994,
2014-10-22,88.4913559,91.62999725,93.5,91.01000214,92.25,20364500,88.41374937625,88.41374937625,0.008030755860428451,
2014-10-23,91.21476746,94.44999695,94.69999695,92.81999969,92.91999817,20641000,88.6551992792,88.6551992792,0.0307759443919442,
2014-10-24,92.47989655,95.76000214,98.0,94.77999878,95.06999969,32132600,88.92846092769231,88.92846092769231,0.013869827763927756,
2014-10-27,94.44036865,97.79000092,98.84999847,96.30000305,97.0,28302400,89.25666611259258,89.25666611259258,0.021198817195431596,
2014-10-28,96.265625,99.68000031,100.6699982,98.61000061,99.83999634,32127600,89.62892804821429,89.62892804821429,0.01932712314366558,
2014-10-29,94.94255066,98.30999756,100.0,96.81999969,99.87999725,28655400,89.92827527275861,89.92827527275861,-0.013744008283901987,
2014-10-30,95.34816742,98.73000336,99.44000244,97.30000305,98.48000336,15484600,90.221666209,90.221666209,0.0042722592861794695,
2014-10-31,95.22261047,98.59999847,100.2200012,98.13600159,100.0999985,18128300,90.49193499161291,90.49193499161291,-0.001316771858357546,0.020695880656102204
2014-11-03,98.31301117,101.8000031,102.8000031,99.05000305,99.66999817,40883700,90.84531212,90.84531212,0.03245440851577319,0.01964819398790672
2014-11-04,102.4367447,106.0699997,106.3590012,99.51000214,100.4250031,67814000,91.3066662890909,91.3066662890909,0.04194495550069388,0.01968582874777117
2014-11-05,104.9476852,108.6699982,110.1399994,106.4800034,108.4800034,48344000,91.8173525217647,91.8173525217647,0.024512100568998108,0.01903404258787578
2014-11-06,107.7483521,111.5699997,111.6999969,107.2099991,109.3000031,33609000,92.38171386971429,92.38171386971429,0.02668631221160722,0.01880651656715437
2014-11-07,110.6359329,114.5599976,114.7699966,111.75,112.9300003,51457000,92.99777730666666,92.99777730666666,0.026799300063097498,0.01905069523047065
2014-11-10,115.0687103,119.1500015,119.4499969,115.1999969,117.2699966,75971000,93.70459417675676,93.70459417675676,0.040066375664798315,0.01921224513622048
2014-11-11,110.6166153,114.5400009,117.5500031,113.6900024,117.25,70983600,94.25289435368421,94.25289435368421,-0.038690730524245986,0.021129274647261078
2014-11-12,114.1512451,118.1999969,119.0699997,114.0199966,115.0500031,53908000,94.86692262410256,94.86692262410256,0.031953867393412994,0.020155789580175776
2014-11-13,110.9063416,114.8399963,120.0,114.5500031,119.3000031,62163000,95.366249466,95.366249466,-0.028426401760760167,0.02139038245499321
2014-11-14,111.1574402,115.0999985,115.3899994,113.3499985,115.0599976,29849000,95.84756041804877,95.84756041804877,0.0022640387354313507,0.021425135788508035
2014-11-17,110.3365555,114.25,115.6299973,113.1299973,115.4400024,22573000,96.28571374142857,96.28571374142857,-0.007384869774781033,0.021605335536946844
2014-11-18,107.0143814,110.8099976,114.3799973,110.4100037,114.3300018,41098000,96.62348778465116,96.62348778465116,-0.03010943019693657,0.022574059677585804
2014-11-19,105.0925446,108.8199997,110.6800003,107.2200012,109.8300018,46841000,96.90068123727274,96.90068123727274,-0.01795864942785641,0.02306991844067349
2014-11-20,106.0582886,109.8199997,112.4400024,107.2600021,107.8099976,36489000,97.1877772031111,97.1877772031111,0.009189487251946682,0.02307025847376009
2014-11-21,106.9371262,110.7300034,113.5,110.4349976,113.2099991,27432000,97.4821734247826,97.4821734247826,0.008286320365014532,0.02178909119221311
2014-11-24,110.0178528,113.9199982,113.9300003,111.5500031,112.0,20646000,97.8319143774468,97.8319143774468,0.02880876638715968,0.021825758927432673
2014-11-25,109.5832748,113.4700012,115.1699982,112.3300018,114.9400024,23485000,98.15770785291666,98.15770785291666,-0.003950114177582509,0.02186562425264948
2014-11-26,108.8106766,112.6699982,113.7399979,112.3300018,113.3300018,11794700,98.45387704367347,98.45387704367347,-0.007050348035071652,0.02208204949996633
2014-11-28,107.8159485,111.6399994,113.2300034,111.1100006,113.1399994,8077800,98.7175994908,98.7175994908,-0.009141730864073105,0.021654054349897204
2014-12-01,102.3594818,105.9899979,110.0500031,103.8960037,110.0199966,38464200,98.959599461,98.86019553803922,-0.05060911438879845,0.023942268514942296
2014-12-02,106.1259003,109.8899994,110.0,106.6100006,107.3499985,18785000,99.35959946119999,99.07230715076922,0.03679593902511047,0.024563261005492856
2014-12-03,106.8502045,110.6399994,111.6800003,108.7979965,110.4000015,16221100,99.8289994858,99.29056549509434,0.006825006862271499,0.02419993227754489
2014-12-04,105.4305573,109.1699982,110.5,108.9100037,110.0999985,10779300,100.200999456,99.47351795259259,-0.013286344974437814,0.02447563944530988
2014-12-05,104.2040634,107.9000015,110.3499985,107.7600021,109.5999985,12148100,100.58059952260001,99.62672674436364,-0.011633202536775245,0.024227453515309076
2014-12-08,101.4710007,105.0699997,107.4000015,104.2099991,105.9700012,19217300,100.87279953500001,99.72392804714286,-0.02622800519608892,0.02480511966742786
2014-12-09,103.7984543,107.4800034,107.9499969,101.1999969,102.2699966,24866800,101.24739960300002,99.8599995445614,0.022937124839451206,0.024850131673671637
2014-12-10,100.3217621,103.8799973,107.3799973,103.5100021,107.0899963,18466700,101.5479995796,99.92930985068965,-0.03349465934237217,0.025548123784845445
2014-12-11,101.3744278,104.9700012,106.8399963,104.2900009,104.4400024,15684300,101.9253996342,100.01474529728814,0.010492914211887472,0.025426078001229323
2014-12-12,101.5096283,105.1100006,107.4499969,104.1790009,104.6999969,14537600,102.286399695,100.099666219,0.0013337086634235273,0.025424676483497315
2014-12-15,101.1136703,104.6999969,107.7699966,103.6999969,106.3899994,16521800,102.61839966359999,100.17508147606557,-0.0039007106617788834,0.025442081052534215
2014-12-16,102.1470184,105.7699966,107.6800003,103.6999969,103.75,21700600,102.9675996444,100.26532204258064,0.010219672699913973,0.02485083738630532
2014-12-17,105.2856903,109.0199966,109.1900024,106.2799988,107.1100006,17311100,103.394599613,100.40428513079365,0.030727050245551446,0.024300755372742646
2014-12-18,105.5078125,109.25,111.1999969,108.2600021,110.5800018,22788100,103.813599552,100.542499425625,0.0021097358940846966,0.02390063456911993
2014-12-19,106.8598633,110.6500015,110.6500015,108.0400009,109.9300003,14857800,104.2507995636,100.69799945753846,0.012814659038901555,0.023506578466773474
2014-12-22,105.0442581,108.7699966,110.9800034,108.5299988,110.6299973,13041200,104.7085995506,100.82030244454545,-0.016990554672518532,0.023141300701626854
2014-12-23,101.9055786,105.5199966,108.4700012,103.8799973,108.3000031,19096300,105.1165994276,100.89044713343283,-0.029879563313326418,0.022321438025509073
2014-12-24,102.3208542,105.9499969,107.2099991,105.5999985,105.6800003,5870400,105.53659942659999,100.96485227705882,0.004075059835625616,0.021361238638681543
2014-12-26,102.3208542,105.9499969,106.9400024,105.5,105.9899979,6529100,105.9435993952,101.03710074985507,0.0,0.020363923423606756
2014-12-29,102.3498306,105.9800034,107.6600037,105.6399994,105.9499969,8068600,106.2861994938,101.10771364485714,0.0002832137883714836,0.019816390604931972
2014-12-30,102.1277084,105.75,106.7099991,105.1299973,105.6399994,10205700,106.64299942059999,101.1730979597183,-0.0021702528082764294,0.019796298181720632
2014-12-31,100.3796997,103.9400024,106.4700012,103.6900024,106.4599991,10221600,106.9565994258,101.21152718805556,-0.01711581654846339,0.019955977544425112
2015-01-02,100.0513458,103.5999985,104.7200012,102.5199966,104.2399979,12303400,107.2105993652,101.24424597315068,-0.003271155398780312,0.01928700053096304
2015-01-05,97.5404129,101.0,103.0199966,99.90000153,102.7600021,18337000,107.3979994202,101.2409453518919,-0.025096510981127085,0.019532367081627713
2015-01-06,99.78093719,103.3199997,103.8499985,100.1100006,101.25,15720400,107.57539947520002,101.26866607653334,0.02297029405940587,0.01996899546316861
2015-01-07,98.63169861,102.1299973,104.7399979,102.0299988,104.5899963,11052200,107.7027993784,101.27999938210526,-0.011517638438398037,0.01995009700984274
2015-01-08,101.4323654,105.0299988,105.3399963,102.6800003,102.9499969,12942100,107.847599336,101.32870067324676,0.028395198048242865,0.019927848337969407
2015-01-09,99.49121094,103.0199966,105.3000031,102.8899994,105.2399979,10222200,107.91439926179999,101.35038395435897,-0.01913741048238493,0.020157232449562516
2015-01-12,98.13917542,101.6200027,103.3600006,101.2099991,103.1999969,7997200,107.9805993646,101.35379684987342,-0.013589535490239002,0.020237535326510382
2015-01-13,97.31828308,100.7699966,102.8499985,100.0100021,102.5899963,11294400,108.02139922939999,101.34649934675,-0.008364554983425587,0.020230210993697043
2015-01-14,96.16905212,99.58000183,100.1800003,98.05999756,99.27999878,17808000,108.04099929659998,101.3246907354321,-0.01180901865784123,0.018237590272853786
2015-01-15,93.01105499,96.30999756,100.1399994,96.01999664,99.66999817,18260100,107.93119918580001,101.26353594060976,-0.03283796153752294,0.017559247195512027
2015-01-16,93.57118988,96.88999939,97.80000305,95.51999664,96.08999634,13327900,107.7475991796,101.21084272915662,0.00602223906857291,0.017542410328179214
2015-01-20,96.61329651,100.0400009,100.2099991,97.58999634,98.30000305,12105600,107.57499923360001,101.19690413595238,0.03251111084561642,0.018685702071231058
2015-01-21,99.75196838,103.2900009,103.8600006,100.3199997,100.75,15186900,107.4093992576,101.22152880376471,0.032487004905654704,0.01967171236633348
2015-01-22,100.437645,104.0,104.9199982,103.0999985,104.5999985,11433000,107.19819930559999,101.2538366083721,0.006873841551104043,0.019144676546626972
2015-01-23,99.57813263,103.1100006,105.1999969,103.0199966,104.0199966,9873800,106.87739928759999,101.27517182666668,-0.008557686538461451,0.01869239489490767
2015-01-26,100.4279861,103.9899979,105.1299973,103.3300018,104.4000015,10664900,106.6663992276,101.30602212295456,0.008534548490730876,0.017740336962188397
2015-01-27,99.41396332,102.9400024,103.5699997,100.5800018,102.8899994,15659900,106.36119933760001,101.3243814519101,-0.01009708165404255,0.01772616278200653
2015-01-28,95.07775116,98.44999695,101.4899979,97.79000092,100.3000031,42144700,106.03339935059999,101.29244384633334,-0.04361769327100773,0.019387849774318164
2015-01-29,86.73370361,89.80999756,90.73999786,87.36000061,90.52999878,76561400,105.5275993318,101.1662631179121,-0.08776028093112098,0.02492607395805557
2015-01-30,86.02870941,89.08000183,92.0,88.11000061,89.59999847,36806900,105.0241993684,101.0348907126087,-0.00812822346991271,0.02476962037115508
2015-02-02,87.04273987,90.12999725,91.66000366,88.61000061,91.12999725,18865300,104.6105993614,100.91763379365591,0.011787105954530697,0.024047790931155635
2015-02-03,87.50630188,90.61000061,91.65000153,89.90000153,91.65000153,13512300,104.24639937959999,100.80797812148937,0.005325678183131233,0.024092480246028114
2015-02-04,86.91719055,90.0,91.87999725,89.48000336,90.98999786,14643600,103.8499993856,100.69420993073685,-0.006732155456278366,0.0238309973798839
2015-02-05,84.0199585,87.0,89.83999634,86.09999847,89.58000183,28926200,103.37539931759999,100.55156191062501,-0.033333333333333326,0.024260103806753412
2015-02-06,82.74517059,85.68000031,87.40000153,85.41999817,87.11000061,17632100,102.81059935980002,100.39824684257732,-0.015172410229885136,0.023930796548616684
2015-02-09,83.05421448,86.0,86.75,85.47000122,85.83000183,12109500,102.26119933580001,100.25132595642857,0.0037348236326122386,0.023925626018554986
2015-02-10,84.2710495,87.26000214,87.47000122,86.51999664,87.01000214,12043300,101.7529994146,100.12010046333333,0.014651187674418642,0.02421376144136674
2015-02-11,83.05421448,86.0,87.69999695,85.81999969,87.58000183,12391900,101.24019942659999,99.9788994587,-0.014439629946128685,0.024227911513746092
2015-02-12,84.11653137,87.09999847,88.30000305,85.55000305,85.59999847,15177800,100.862399438,99.85138558752475,0.012790679883720957,0.024475973823188453
2015-02-13,85.9997406,89.05000305,89.30000305,87.65000153,88.19999695,14665200,100.445599511,99.74548968029411,0.022388112678000116,0.024924207051711705
2015-02-17,83.87509155,86.84999847,88.98999786,86.69999695,88.77999878,15191700,99.9697994924,99.62029073650486,-0.02470527237112763,0.025183752268387483
2015-02-18,83.76885986,86.73999786,87.43000031,86.5,87.09999847,7422300,99.5211994856,99.49644176653845,-0.0012665585715352368,0.024920323401007204
2015-02-19,83.91371918,86.88999939,87.87000275,86.70999908,86.80999756,7604100,99.1009994434,99.37638041057141,0.0017293236534556833,0.02440184184926785
2015-02-20,83.67228699,86.63999939,87.29000092,86.37999725,87.25,7821700,98.7323994372,99.25622587264151,-0.0028772010790090174,0.024378873329521412
2015-02-23,82.54236603,85.47000122,86.68000031,85.25,86.51000214,9367900,98.29219939359999,99.12738265158877,-0.013504134097847675,0.02357643877351759
2015-02-24,81.78908539,84.69000244,85.52999878,83.87999725,85.52999878,15846400,97.9083994964,98.99370320518518,-0.009125994721730257,0.023462996667625066
2015-02-25,83.23770142,86.19000244,86.83000183,84.36000061,84.37999725,13645700,97.53279952119999,98.87623806055046,0.017711653758218926,0.02381800057724269
2015-02-26,82.44579315,85.37000275,87.16000366,85.19999695,86.91999817,8763300,97.1379995642,98.75345410318182,-0.009513860851446565,0.023824201736378676
2015-02-27,82.20436096,85.12000275,86.55999756,85.0,85.94999695,8377200,96.7463996812,98.63063021711712,-0.002928429096249463,0.023794804155807973
2015-03-02,81.12271881,84.0,85.01999664,83.75,85.0,11213400,96.3109997492,98.49999959017858,-0.013157926619075444,0.0232643877295494
2015-03-03,78.78560638,81.58000183,83.25,80.02999878,82.94999695,39246100,95.76219985380001,98.35026509672566,-0.028809502023809497,0.0235993186501845
2015-03-04,82.56167603,85.48999786,85.8259964,80.16999817,80.26999664,36607200,95.286999811,98.237455735,0.047928364087902686,0.024600870578489455
2015-03-05,83.15078735,86.09999847,86.26999664,84.01000214,85.75,18514800,94.7959997504,98.13191262834782,0.007135344780320851,0.0236899463433464
2015-03-06,81.50901031,84.40000153,86.0,84.05000305,85.73999786,10673700,94.308599849,98.01353408439655,-0.019744447969907264,0.023698485853022904
2015-03-09,79.70307159,82.52999878,84.34999847,81.48000336,84.34999847,17616500,93.8487998926,97.88119617581198,-0.02215643028555281,0.02386553095112262
2015-03-10,80.12799835,82.97000122,83.15000153,80.65000153,81.08999634,13817000,93.38919997900001,97.75483011686441,0.005331424288190112,0.02380019351128619
2015-03-11,79.18156433,81.98999786,83.37999725,81.19000244,83.0,12768700,92.9099999982,97.62235253487395,-0.011811538454741699,0.02380940027470809
2015-03-12,79.11396027,81.91999817,82.90000153,81.52999878,82.09999847,11232000,92.4287998936,97.49149958183332,-0.000853758895317025,0.0228180826729984
2015-03-13,79.05601501,81.86000061,81.91999817,80.76999664,81.80000305,12663300,91.9509999058,97.36231363991735,-0.0007323921062045713,0.016778227775449784
2015-03-16,81.12271881,84.0,85.19999695,81.94000244,82.01000214,16905700,91.55219985779999,97.25278647893442,0.02614218634318677,0.017561816599173222
2015-03-17,81.60558319,84.5,85.09999847,83.51000214,84.01000214,17639000,91.1701998878,97.14910528804877,0.005952380952380931,0.01743794761597736
2015-03-18,81.69250488,84.58999634,85.94999695,83.30000305,83.87000275,35663000,90.8419998146,97.04782215137097,0.0010650454437870494,0.01739350839273944
2015-03-19,82.80311584,85.73999786,87.04000092,85.0,85.11000061,30454700,90.4903997778,96.95735955704001,0.01359500614443454,0.017603252878670934
2015-03-20,82.28160858,85.19999695,86.80000305,85.08999634,86.33000183,21181500,90.15179977080001,96.86404715539683,-0.006298121337508511,0.016577732256370714
2015-03-23,81.364151,84.25,85.52999878,84.20999908,85.25,11184000,89.7361997948,96.76472394944882,-0.011150199342818135,0.01647144196312998
2015-03-24,80.76538849,83.62999725,84.5,82.38999939,84.34999847,14545100,89.34839980780002,96.66210889710938,-0.007359083086053375,0.016499208823965737
2015-03-25,80.88127899,83.75,84.48000336,82.66999817,83.94000244,13507200,88.99099975380001,96.56201502968993,0.0014349247153657707,0.016246924480145142
2015-03-26,81.28688812,84.16999817,84.99500275,82.95999908,83.19999695,12208000,88.6589997852,96.46669182307693,0.005014903522388092,0.016089438252463346
2015-03-27,81.68284607,84.58000183,85.15000153,83.33999634,84.77999878,9703800,88.35899978520001,96.37595373152672,0.004871137803423853,0.015926427405096255
2015-03-30,81.02614594,83.90000153,85.15000153,83.75,85.02999878,10020500,88.1107998646,96.28143894212121,-0.008039729076463664,0.015353654508690045
2015-03-31,80.38874817,83.23999786,84.44999695,83.19999695,83.63999939,11812900,87.837799834,96.18338299413534,-0.007866551346414452,0.014787447766967068
2015-04-01,79.53889465,82.36000061,83.72000122,82.18000031,83.37000275,14896400,87.4841998282,96.08022342410447,-0.010571807696103663,0.01488379412119348
2015-04-02,79.46163177,82.27999878,83.0,81.25,82.87999725,19868200,87.06399978580001,95.97799953785184,-0.0009713675255884624,0.014871001673894622
2015-04-06,79.01738739,81.81999969,82.58999634,81.61399841,82.05000305,12810500,86.6203997796,95.87389659779411,-0.005590655041572634,0.014886591421543839
2015-04-07,79.39402771,82.20999908,82.94999695,81.87999725,81.94000244,9443000,86.20239974920001,95.77416011956204,0.004766553305764365,0.014764493118049761
2015-04-08,82.46510315,85.38999939,85.54000092,83.06600189,83.30000305,26161500,85.830399779,95.69891257804348,0.03868142982103051,0.01637111430712336
2015-04-09,83.18941498,86.13999939,87.69000244,85.19999695,87.02999878,27800400,85.4943997188,95.63014341841726,0.008783229949148375,0.01612490092597412
2015-04-10,81.68284607,84.58000183,86.69000244,84.15000153,86.68000031,18300300,85.2169998164,95.55121383564286,-0.01811002520370464,0.016376138837045258
2015-04-13,81.39312744,84.27999878,85.70999908,83.81999969,85.16000366,15797100,85.10639984079998,95.47127614021277,-0.003546973794148034,0.0163801052653996
2015-04-14,82.08846283,85.0,85.12999725,83.52999878,84.62999725,11819000,85.02479980419999,95.39753475894366,0.008542966663768636,0.0162670184616998
2015-04-15,81.76976776,84.66999817,85.36000061,84.16000366,85.08000183,12225800,84.9155998226,95.32251702055943,-0.003882374470588257,0.015326623505584138
2015-04-16,81.18065643,84.05999756,85.40000153,83.88999939,85.15000153,12048600,84.7845997616,95.24430507986112,-0.007204448130201269,0.012614699167689309
2015-04-17,79.09465027,81.90000153,83.25,81.61000061,83.08000183,22791800,84.62259979219999,95.15227540020689,-0.025695884995217244,0.013334330438752474
2015-04-20,79.3843689,82.19999695,82.69000244,81.51999664,82.25,13471000,84.52659973120001,95.06356116424658,0.003662947672719019,0.012912986844887873
2015-04-21,79.5968399,82.41999817,82.91999817,82.13999939,82.86000061,10056000,84.4613996884,94.97755053163264,0.00267641396792051,0.01227703166360033
2015-04-22,79.23950958,82.05000305,82.83999634,81.51999664,82.77999878,13316900,84.3823997494,94.89020223783784,-0.004489142540828994,0.012261659217582804
2015-04-23,79.46163177,82.27999878,82.75,81.62000275,81.87999725,11483300,84.28279968220001,94.80556999986578,0.002803116653875559,0.012077450976803154
2015-04-24,81.67319489,84.56999969,84.98999786,82.80000305,82.87999725,21058400,84.25419967600001,94.73733286446667,0.027831805347044325,0.013085613944179755
2015-04-27,81.99188995,84.90000153,86.26999664,84.65000153,85.52999878,17434200,84.2101997372,94.67218497483444,0.0039021147121869326,0.01309005588003334
2015-04-28,82.16572571,85.08000183,85.56999969,83.81999969,85.54000092,11110500,84.1307997128,94.60907850677631,0.0021201448381176213,0.012224001353042701
2015-04-29,79.62580872,82.44999695,84.40000153,81.63999939,84.05999756,21098000,84.0427996824,94.5296073854902,-0.030912139438537656,0.013448338959865972
2015-04-30,78.50553894,81.29000092,82.65000153,80.44000244,82.22000122,14209700,83.9337997436,94.44363591493506,-0.014069085177813356,0.013660809773444763
2015-05-01,78.38964844,81.16999817,82.25,80.11000061,81.02999878,17910500,83.81939971919999,94.35799954238709,-0.0014762301469044559,0.013370645534549473
2015-05-04,77.82951355,80.58999634,81.55999756,80.12000275,81.16999817,21551500,83.6983996582,94.26974311160257,-0.007145519811214807,0.013381501907571446
2015-05-05,76.81549072,79.54000092,80.90000153,77.76999664,80.44000244,32661900,83.5797996522,94.17592309764332,-0.013028855536488582,0.013431233652000468
2015-05-06,77.25972748,80.0,80.84999847,79.51000214,79.65000153,24953500,83.48599960339999,94.08620206537975,0.005783242075426465,0.013458939533237355
2015-05-07,83.05421448,86.0,89.29000092,84.91000366,88.83000183,69448800,83.48219955459999,94.03534544861635,0.07499999999999996,0.019387458849360294
2015-05-08,84.07790375,87.05999756,88.26999664,86.88999939,87.81999969,30140600,83.51599945080001,93.9917495243125,0.012325553023255775,0.019484568649675488
2015-05-11,83.74954987,86.72000122,87.66999817,86.05999756,86.69999695,19776900,83.54799942020001,93.94658338577639,-0.0039053106998502285,0.01949506253477147
2015-05-12,83.79782867,86.76999664,87.5,86.13999939,87.05000305,16077800,83.603399353,93.90228346759258,0.0005765154439190123,0.019420429980770922
2015-05-13,84.53180695,87.52999878,88.47000122,87.0,87.08000183,19015900,83.72239929199999,93.86318969650307,0.0087588126014706,0.01938702567788789
2015-05-14,85.37200165,88.40000153,88.48000336,87.52999878,87.73999786,12087900,83.7805993654,93.82987757353659,0.009939480887994456,0.019295169589482367
2015-05-15,85.4299469,88.45999908,88.95999908,88.05000305,88.51000214,13424600,83.8277993776,93.79733285539395,0.0006787053049952529,0.01928717242010078
2015-05-18,84.12619019,87.11000061,87.93000031,86.61000061,87.61000061,13490200,83.8819993592,93.75704772138553,-0.01526111783902595,0.019508200623214646
2015-05-19,85.18850708,88.20999908,88.80000305,86.47000122,86.98999786,20727700,83.9955993652,93.7238318612575,0.012627694435737746,0.01959548935416962
2015-05-20,87.59321594,90.69999695,90.80000305,87.30000305,88.13999939,29812300,84.1501992798,93.70583284392858,0.028228068200542022,0.01901485991566223
2015-05-21,90.66429138,93.87999725,94.76999664,90.91999817,91.34999847,40729400,84.38799926760001,93.70686340254439,0.03506064395738662,0.019913346930004575
2015-05-22,90.07518005,93.26999664,95.05999756,93.19000244,94.27999878,22183300,84.61499923699999,93.70429359805883,-0.0064976632708625415,0.01959802165464654
2015-05-26,89.35087585,92.51999664,93.91999817,91.55000305,93.65000153,15674900,84.82819915760001,93.69736788485379,-0.00804117108414637,0.01967036833457925
2015-05-27,89.42813873,92.59999847,92.98999786,91.59999847,92.22000122,9519300,85.00019912700002,93.69098783011628,0.0008646977183894844,0.019649698329939527
2015-05-28,87.83465576,90.94999695,91.93000031,90.58000183,91.69000244,14213000,85.129199066,93.67514395219654,-0.01781859122313656,0.01998096087322577
2015-05-29,86.26049042,89.31999969,91.5,89.31999969,91.34999847,13893200,85.223799133,93.65011438747126,-0.01792190560375817,0.020255790036009035
2015-06-01,87.67047882,90.77999878,90.98999786,89.48999786,90.08999634,9905900,85.3245991514,93.63371372685714,0.016345713110917703,0.019704716733843622
2015-06-02,87.409729,90.51000214,91.54000092,90.19000244,90.55000305,9865300,85.4307992552,93.61596536556817,-0.002974186424636538,0.019741450729121056
2015-06-03,87.68013763,90.79000092,91.04000092,89.90000153,90.51000214,9428000,85.56159927360001,93.59999946474576,0.003093567267481667,0.019741070840168087
2015-06-04,87.48698425,90.58999634,91.41000366,90.26999664,90.70999908,8689000,85.7007992554,93.58308933483147,-0.0022029362041336986,0.019713907004875048
2015-06-05,87.60287476,90.70999908,91.59999847,90.45999908,90.45999908,11353900,85.83999923699999,93.56703855128491,0.0013246798194981313,0.019717529601259633
2015-06-08,85.26576996,88.29000092,91.59999847,88.24299622,90.65000153,15603000,85.92239929200001,93.53772167555556,-0.026678405738552957,0.019903028218900023
2015-06-09,84.58009338,87.58000183,88.18000031,86.12000275,88.04000092,16081800,85.982399292,93.50480609629835,-0.008041670433816539,0.019975197535770626
2015-06-10,85.85488129,88.90000153,88.98999786,87.19999695,87.69999695,12551300,86.08239929199999,93.4795049723077,0.015071930491189267,0.02013453817545066
2015-06-11,84.22276306,87.20999908,89.48000336,87.09999847,89.02999878,13716200,86.1617993164,93.44524537726775,-0.019010150966416894,0.019580297913039446
2015-06-12,83.66262817,86.62999725,87.79000092,86.48000336,87.41999817,9977100,86.24719924920001,93.40820598527175,-0.00665063451575032,0.019415815574681916
2015-06-15,83.17010498,86.12000275,87.16999817,86.05000305,86.30000305,10230400,86.3239993286,93.36881029210811,-0.005887042781823504,0.019462049297595305
2015-06-16,83.14112091,86.08999634,86.69999695,85.61000061,86.00299835,10974200,86.40939926159999,93.32967688376344,-0.0003484255578475315,0.019389486331700175
2015-06-17,83.82681274,86.80000305,87.80000305,86.48000336,86.58000183,10241500,86.50119934099999,93.29475884187165,0.008247261472702716,0.019194557518147966
2015-06-18,83.77851868,86.75,87.58999634,86.31999969,86.97000122,11737200,86.5283993532,93.25994629484043,-0.0005760719843661555,0.019198898362250107
2015-06-19,82.80311584,85.73999786,86.59999847,85.16999817,86.51000214,10317000,86.5203993226,93.2201582078836,-0.011642675965417792,0.013706655235696521
2015-06-22,82.74517059,85.68000031,86.40000153,85.58000183,86.06999969,7154200,86.5423992922,93.18047316631579,-0.0006997615056857365,0.01350726679725115
2015-06-23,82.16572571,85.08000183,86.33999634,84.83000183,85.98000336,11411300,86.5583993532,93.13806232162304,-0.007002783354681741,0.013546413789167388
2015-06-24,82.25263977,85.16999817,85.80999756,84.84999847,85.16300201,9434300,86.5617993166,93.09656198750001,0.0010577848855695127,0.013548076179313482
2015-06-25,82.32024384,85.23999786,85.59999847,84.90000153,85.47000122,8949800,86.5731993104,93.05585440134716,0.000821882018363862,0.013437436999493601
2015-06-26,80.42738342,83.27999878,84.65000153,82.81999969,84.62999725,12668600,86.5575993348,93.0054633929897,-0.02299388936188318,0.013868458546740445
2015-06-29,78.29308319,81.06999969,83.27999878,80.80000305,83.27999878,15199800,86.540999298,92.94425588682051,-0.02653697313130532,0.014566903866911578
2015-06-30,79.45197296,82.26999664,83.69000244,81.95999908,82.58000183,12551400,86.5423992918,92.88979538045919,0.014801985377927984,0.01471353411264637
2015-07-01,79.63546753,82.45999908,83.0,81.98999786,82.59999847,5950000,86.54319931,92.83685225203045,0.0023094985749352315,0.014483462262272189
2015-07-02,79.25881958,82.06999969,82.31999969,81.77999878,82.12000275,6760200,86.54359924279998,92.78247420878787,-0.004729558505350395,0.01330208109123757
2015-07-06,77.48184967,80.23000336,81.5,80.12000275,80.55999756,11864200,86.5025993344,92.71939646582913,-0.022419840830390614,0.011629330799130803
2015-07-07,76.8927536,79.62000275,79.79000092,76.20999908,79.44999695,34221700,86.4035993956,92.65389949725001,-0.007603148254436309,0.011635472471739556
2015-07-08,75.27029419,77.94000244,78.79000092,76.22000122,76.58000183,22714900,86.2643994138,92.57414951249999,-0.021100229238562807,0.01198467606821382
2015-07-09,76.33261108,79.04000092,81.19000244,79.04000092,80.93000031,19778700,86.1435993956,92.51989952015,0.01411340063591604,0.01246666047792105
2015-07-10,77.54946136,80.30000305,81.19999695,79.83999634,81.12999725,11224500,86.1005995176,92.48554954455,0.015941322309387385,0.012806331416717234
2015-07-13,79.05601501,81.86000061,82.19999695,80.69999695,80.91999817,10350500,86.11199951139999,92.44199954915001,0.019427117070327515,0.013221303046929476
2015-07-14,78.70835114,81.5,82.01999664,81.12999725,81.58000183,7519300,86.118599548,92.4048995583,-0.004397759678931967,0.012717330502834582
2015-07-15,77.96472931,80.73000336,81.5,80.20999908,80.90000153,9514200,86.1213996884,92.35624957969999,-0.009447811533742412,0.012762774676584267
2015-07-16,78.73731995,81.52999878,82.0,80.90000153,81.38999939,8604500,86.1611996456,92.32014957359999,0.009909517982212623,0.012947675863905885
2015-07-17,80.50463867,83.36000061,83.69999695,81.58000183,81.98999786,14505400,86.2283996578,92.2926995843,0.022445748281415545,0.013787527509487824
2015-07-20,79.83827209,82.66999817,83.68000031,82.05000305,83.55999756,8126100,86.1617996212,92.2755495828,-0.00827738045766313,0.01380288428425057
2015-07-21,79.71272278,82.54000092,83.25,82.22000122,83.11000061,5750700,86.07139968839999,92.2529495996,-0.0015724840072293134,0.013058563968411407
2015-07-22,81.26757813,84.15000153,84.75,82.0,82.16000366,11209200,86.01999969459999,92.2331996149,0.019505701381811846,0.013588475328175604
2015-07-23,81.00682068,83.87999725,84.97000122,83.25,84.66000366,7452300,85.9621997068,92.21104961335,-0.0032086069529509986,0.013237039570147128
2015-07-24,80.17628479,83.01999664,85.37999725,82.65000153,85.16999817,8759900,85.871999664,92.18779960570001,-0.010252749620828117,0.012938782007267719
2015-07-27,78.61177826,81.40000153,81.69999695,79.68000031,80.84999847,12185700,85.73199966400001,92.1532995981,-0.01951331216050034,0.013320804131196459
2015-07-28,77.80055237,80.55999756,80.80000305,79.25,80.66999817,12122800,85.5739996336,92.1121495813,-0.010319458896943856,0.01338994710433943
2015-07-29,77.51082611,80.26000214,81.3690033,80.01000214,80.98000336,7177100,85.43699966419999,92.08404960575001,-0.0037238757334441264,0.013388595347814317
2015-07-30,77.22109985,79.95999908,80.63999939,79.44999695,80.11000061,6934700,85.27199966420001,92.0582495874,-0.0037378900074870325,0.013242647254350402
2015-07-31,75.65658569,78.33999634,79.90499878,78.19999695,79.84999847,12687000,85.024799652,92.02519958434999,-0.020260164565274574,0.013618783569498968
2015-08-03,75.31858063,77.98999786,78.5,77.11000061,78.19999695,9277000,84.7069996642,91.9871495813,-0.004467685682304379,0.013529998388254949
2015-08-04,76.16844177,78.87000275,79.35399628,77.80000305,78.06999969,8501200,84.4189997864,91.93724960269999,0.01128356089430449,0.013776854852594857
2015-08-05,77.08589172,79.81999969,80.41999817,79.48000336,79.58999634,7502600,84.1649998474,91.89679958285,0.012045098350145667,0.014007047848534382
2015-08-06,76.25534821,78.95999908,80.75,78.63999939,79.84999847,9297800,83.89219985959998,91.85029956755001,-0.010774249728639607,0.014083476567729703
2015-08-07,76.12014771,78.81999969,80.19999695,78.66000366,79.65000153,8738800,83.6495999144,91.78989955835,-0.0017730419406180031,0.014070814107857195
2015-08-10,77.71363068,80.47000122,80.98999786,79.5,79.86000061,11276700,83.472599945,91.73409957819999,0.02093379264767159,0.014151186537585863
2015-08-11,74.69084167,77.33999634,80.0,76.15000153,79.48100281,22976600,83.2037998962,91.64854957514999,-0.03889654321543701,0.015069027641966257
2015-08-12,70.8664856,73.37999725,73.84999847,71.02999878,72.31999969,41093200,82.8611997984,91.5366495507,-0.05120247320146176,0.017270679044077187
2015-08-13,72.53723145,75.11000061,76.73000336,73.66000366,74.0,23230700,82.5475997922,91.42324954915,0.023575952914062004,0.017947288105722783
2015-08-14,72.19921875,74.76000214,75.48999786,74.45999908,74.52999878,12367300,82.23099990819999,91.29864955829999,-0.004659811838071071,0.017947054135688232
2015-08-17,72.61449432,75.19000244,75.23999786,74.16000366,74.84999847,12677400,81.9205999754,91.18304958270001,0.005751742746004096,0.017627232364772243
2015-08-18,71.3493576,73.87999725,75.12999725,73.73000336,74.05000305,11155100,81.632399902,91.05879955214999,-0.017422598051454408,0.017824760102460046
2015-08-19,70.61540222,73.12000275,73.55999756,72.80999756,73.15000153,18179400,81.3431999204,90.93139957355001,-0.010286877751609635,0.017539275303242525
2015-08-20,67.91130829,70.31999969,72.77999878,70.02999878,71.98000336,20995600,80.9715998836,90.7739995565,-0.03829325703902542,0.01846688409575959
2015-08-21,65.84460449,68.18000031,70.66000366,68.18000031,69.31999969,29128600,80.5909999082,90.58454955955,-0.03043230075986947,0.01870352390524769
2015-08-24,63.54613113,65.80000305,65.80000305,58.0,58.15999985,31376400,80.1744000242,90.3701995838,-0.03490755718947869,0.018859801038605864
2015-08-25,66.22124481,68.56999969,70.33000183,67.48999786,68.83999634,29948400,79.823399963,90.15519958375,0.042097211422545744,0.02088898659653175
2015-08-26,66.3081665,68.66000366,69.44999695,65.75,68.94999695,26389200,79.47480010940001,89.92569961405,0.0013125852472932742,0.020911753999125416
2015-08-27,68.4134903,70.83999634,71.58999634,70.01999664,70.83999634,18123800,79.1555999752,89.68414958825001,0.03175054709864544,0.021815533291749636
2015-08-28,67.66986084,70.06999969,70.5,69.04499817,69.68000031,10604600,78.821999969,89.46179958219999,-0.010869518489305952,0.02123994863141761
2015-08-31,63.8551712,66.12000275,69.30000305,66.01999664,69.18000031,18479900,78.4296000668,89.20139961145,-0.05637215580812582,0.023179189378724145
2015-09-01,62.60935593,64.83000183,66.83999634,64.05000305,64.37999725,23460900,78.01260009719999,88.95134963909999,-0.019509994953834098,0.02326139151710618
2015-09-02,63.2950325,65.54000092,66.0,64.97100067,65.69000244,13376300,77.62180007900001,88.70354965119999,0.01095170553691771,0.02296627683138512
2015-09-03,64.19317627,66.47000122,66.88999939,65.41000366,65.82099915,15803200,77.24780014,88.4646496573,0.014189812129163482,0.023309578712293447
2015-09-04,61.72086716,63.90999985,65.56999969,63.34000015,65.40499878,18186400,76.8212001798,88.23014966855,-0.03851363506865302,0.02398756475075826
2015-09-08,58.82362366,60.90999985,66.80999756,60.25,65.77999878,50328400,76.3738002012,87.99059966930001,-0.04694101090660541,0.024929861130340333
2015-09-09,61.84641647,64.04000092,64.66999817,62.52999878,62.72999954,33147900,76.0332002258,87.7616996754,0.051387310420425214,0.02727912525004479
2015-09-10,61.64360809,63.83000183,64.25,63.34000015,63.52000046,13281600,75.6644003296,87.52719966755,-0.0032791862427099527,0.02728123306034372
2015-09-11,62.41619873,64.62999725,64.79000092,62.70000076,63.36999893,17747000,75.307800293,87.2807496628,0.012533219443274568,0.027514087904347416
2015-09-14,60.45573807,62.59999847,63.25999832,61.47999954,62.54999924,26763300,74.9184002686,87.02639964915,-0.031409544582643445,0.027777582787828978
2015-09-15,62.62866592,64.84999847,65.36000061,61.11000061,61.45000076,29035000,74.6108001708,86.78729965049999,0.03594249289124618,0.02886673617338673
2015-09-16,64.92714691,67.23000336,68.08000183,65.26000214,65.61000061,25801000,74.363000183,86.5652496703,0.03670015337164578,0.029742863493405915
2015-09-17,63.73927307,66.0,66.65000153,65.59999847,66.41000366,16594600,74.1242001342,86.36529968079999,-0.018295452900896514,0.02966327507463874
2015-09-18,63.49784088,65.75,65.75,64.01000214,65.40000153,20127300,73.85840011580001,86.14459968379998,-0.0037878787878787845,0.029651032838276546
2015-09-21,61.71121216,63.90000153,66.40000153,62.95999908,65.37999725,22355100,73.5304000854,85.91089969445,-0.028136858859315605,0.029921385844235496
2015-09-22,59.77971649,61.90000153,63.27000046,61.58000183,62.93999863,14897900,73.1312001038,85.67454971110001,-0.03129890378893074,0.02978719083498921
2015-09-23,57.94479752,60.0,62.29999924,59.68000031,61.95999908,22684600,72.7012001038,85.4350497036,-0.030694692779274946,0.02953302452393706
2015-09-24,57.86753464,59.91999817,60.34000015,58.20999908,59.41999817,20645700,72.285,85.20929969595001,-0.0013333638333333786,0.02839941811577029
2015-09-25,57.21083069,59.24000168,60.84000015,58.91999817,60.63000107,17009100,71.839200058,84.96809968735,-0.011348406387977072,0.027841065945669638
2015-09-28,55.42419815,57.38999939,60.11999893,57.31499863,58.81000137,20661600,71.31980003359999,84.7356496978,-0.03122893716298758,0.028168077229015247
2015-09-29,55.83946991,57.81999969,58.65000153,57.20000076,57.29999924,16771000,70.822800064,84.49989969025,0.00749259983569428,0.02819999327593744
2015-09-30,56.95007706,58.97000122,60.08000183,58.34999847,58.86999893,16767100,70.35140007,84.26919969334999,0.019889338224934106,0.02860519522249571
2015-10-01,56.85350418,58.86999893,59.83000183,58.22999954,59.5,8147700,69.845800018,84.04004970349999,-0.0016958163122113845,0.02861508604671855
2015-10-02,61.03518677,63.20000076,63.24000168,58.20000076,58.36000061,22356300,69.43220008819999,83.82719972429999,0.07355192642603292,0.031510401565626095
2015-10-05,61.74018097,63.93000031,64.77500153,62.20000076,63.47000122,13583500,69.0504001616,83.60174974284999,0.0115506256522393,0.031184108067901353
2015-10-06,61.73052216,63.91999817,64.73000336,63.27999878,63.72000122,9620900,68.7008000944,83.37509973369998,-0.00015645455891599713,0.03054601500559296
2015-10-07,64.00968933,66.27999878,66.66000366,64.37999725,64.83999634,15770100,68.4152001188,83.1532497201,0.03692116203951379,0.03031072395997088
2015-10-08,65.38104248,67.69999695,68.41000366,65.95999908,66.04000092,18667500,68.164000015,82.94789972185,0.02142423349634215,0.030577771817121773
2015-10-09,66.35645294,68.70999908,69.44999695,67.30999756,67.69999695,14762900,67.939000015,82.76384973425,0.01491879136635621,0.030125813719359715
2015-10-12,67.89199066,70.30000305,70.47000122,69.0,69.63999939,15549100,67.7782001492,82.58559976499998,0.023140794517385155,0.030364260931442597
2015-10-13,67.29322052,69.68000031,70.31999969,68.37999725,69.48999786,13052800,67.6120001982,82.40424978204999,-0.008819384254635576,0.02847239962170156
2015-10-14,66.19226837,68.54000092,69.69999695,67.42500305,69.5,12286100,67.4054001616,82.21704976965,-0.016360496339383523,0.02839552886600238
2015-10-15,69.32128906,71.77999878,72.44000244,69.26000214,69.33999634,18203000,67.2446001434,82.04719976355,0.0472716343231705,0.029531182124966335
2015-10-16,69.52409363,71.98999786,73.63999939,71.20999908,72.5,15953500,67.105200119,81.88744974085,0.002925593251173364,0.029461499418656962
2015-10-19,70.16149902,72.65000153,73.0,71.52200317,71.80000305,10886900,66.9818001558,81.732699756,0.009167991243498985,0.02840764010622957
2015-10-20,69.33094788,71.79000092,73.0,71.55000305,72.98999786,11093400,66.8082001498,81.5866497606,-0.011837585573138298,0.0268910418040906
2015-10-21,67.10007477,69.48000336,71.79000092,68.88999939,71.79000092,16800200,66.6510002902,81.4174497789,-0.03217714905135849,0.026332313924873903
2015-10-22,68.55834961,70.98999786,71.62999725,70.06999969,70.16000366,10811400,66.6032003024,81.2617497817,0.02173279255869054,0.026520226058082096
2015-10-23,73.02976227,75.62000275,75.76000214,72.83999634,73.98000336,22510800,66.61340034519999,81.11469980145,0.06522052443403181,0.028762378773814552
2015-10-26,73.73475647,76.34999847,77.41999817,75.12999725,75.44000244,24819700,66.6452002718,80.9813498108,0.009653473862112572,0.027902540464976772
2015-10-27,76.71891785,79.44000244,82.79000092,76.34999847,76.34999847,50815800,66.7302002718,80.8704498095,0.04047156557853948,0.028076186225521337
2015-10-28,79.52922821,82.34999847,82.54499817,79.19999695,79.48000336,25027100,66.89960029619999,80.77834981885,0.036631368839620704,0.028073693540988466
2015-10-29,79.40368652,82.22000122,82.52999878,80.81999969,81.97000122,16431700,67.0816002656,80.6915498158,-0.0015785944434153487,0.027714624175609257
2015-10-30,80.95854187,83.83000183,84.44000244,82.59999847,82.69999695,20740500,67.3518003084,80.62914983715,0.019581617442355093,0.027708528523104247
2015-11-02,81.46072388,84.34999847,84.83000183,82.75,83.51999664,13827400,67.67520027159999,80.56644983254999,0.006202989725021313,0.02683866194365176
2015-11-03,80.58189392,83.44000244,84.58999634,83.12999725,84.0,11641300,68.0280002594,80.48344984024999,-0.010788334872627758,0.02600820388334289
2015-11-04,82.47476196,85.40000153,85.59999847,84.02999878,84.44999695,23728500,68.3646002962,80.3939998434,0.023489921292960014,0.02492006570017297
2015-11-05,82.45544434,85.37999725,86.41999817,84.19999695,85.22000122,20657200,68.699000168,80.30089982964999,-0.00023424215037004537,0.02490038883029971
2015-11-06,80.74607849,83.61000061,86.34999847,80.76999664,85.52999878,38531000,68.9544002534,80.2033998297,-0.020730811630472412,0.025262218705702045
2015-11-09,78.59246063,81.37999725,83.47000122,80.22000122,83.44000244,19091500,69.1806002046,80.09034982645,-0.026671490775390327,0.02500661247798512
2015-11-10,78.64074707,81.43000031,82.43000031,79.62000275,81.09999847,22004400,69.4868001558,79.98279981600001,0.0006144391950073658,0.02508084390872892
2015-11-11,77.11486816,79.84999847,82.48999786,78.12000275,82.27999878,29636600,69.7872000886,79.8897998236,-0.019403190887695043,0.025661822682064656
2015-11-12,76.06220245,78.76000214,80.5,78.44999695,78.98999786,18839800,70.05160011299999,79.8345498465,-0.01365054916575259,0.025948430071326505
2015-11-13,73.25187683,75.84999847,78.0,75.63999939,77.15000153,24235500,70.239200058,79.7683998297,-0.036947734775670926,0.024424228261668488
2015-11-16,75.6179657,78.30000305,78.75,75.76999664,75.83000183,17045500,70.527000122,79.70924985869999,0.032300654310085664,0.024865369569241274
2015-11-17,75.45378113,78.12999725,79.13999939,77.47000122,78.90000153,12471400,70.87140006999999,79.64684984189999,-0.002171210643394761,0.024888290566128696
2015-11-18,75.02885437,77.69000244,78.30999756,76.15000153,78.25,16735400,71.14440010039999,79.5852998541,-0.005631573345537322,0.024331158999772336
2015-11-19,75.20269012,77.87000275,79.15000153,77.40299988,78.05999756,15692700,71.42520011879999,79.53964986784999,0.0023169044194459865,0.02415184210172098
2015-11-20,77.21144104,79.94999695,80.78500366,78.40000153,78.44000244,21025800,71.73160011280001,79.51099985105,0.026711109882425088,0.02441414061244411
2015-11-23,78.52485657,81.30999756,82.19000244,79.97000122,80.44999695,18766400,72.1058000946,79.48754983885,0.01701063992348284,0.024285397154175423
2015-11-24,78.090271,80.86000061,81.11000061,79.26999664,80.84999847,15283600,72.4260001374,79.4555498312,-0.005534337270984846,0.0242276062200042
2015-11-25,78.9111557,81.70999908,82.67500305,80.81999969,80.91000366,16330900,72.7156000518,79.4340998266,0.010511977041648413,0.023895447642614226
2015-11-27,78.59246063,81.37999725,81.41000366,79.27500153,80.56999969,12599900,73.02319999679999,79.40549982050001,-0.0040386957987468275,0.02265460307781858
2015-11-30,81.19998169,84.08000183,84.47000122,81.37999725,81.5,97914100,73.3898000334,79.3806498144,0.033177742335202653,0.023250408164659783
2015-12-01,81.12271881,84.0,84.38999939,83.5,83.76999664,26235500,73.7918000028,79.36639982205,-0.000951496530194551,0.023267957711323305
2015-12-02,82.08846283,85.0,85.81999969,84.25,84.26999664,36611500,74.2537999722,79.35769983275,0.011904761904761862,0.023074636396455413
2015-12-03,79.76100922,82.58999634,85.09999847,82.09999847,85.05000305,23029200,74.70559989899999,79.3361998175,-0.028352984235294088,0.022866653022204805
2015-12-04,81.94359589,84.84999847,85.0,82.41999817,82.58000183,15555000,75.204199905,79.32724981289999,0.027364114664640615,0.02302259781629568
2015-12-07,81.85668182,84.76000214,85.12999725,84.19999695,84.80000305,11875500,75.71459991420001,79.3236998175,-0.0010606521110524403,0.020168368778040686
2015-12-08,81.48969269,84.37999725,84.66999817,82.61000061,82.76999664,14667400,76.2543998714,79.32214979155,-0.004483304393649412,0.020197011531030415
2015-12-09,80.56258392,83.41999817,85.19999695,82.97000122,84.37000275,21919200,76.76639984100001,79.3082997702,-0.011377093046776587,0.01911683390342724
2015-12-10,81.44141388,84.33000183,84.33999634,82.84999847,83.33999634,10474700,77.2735998532,79.3030997656,0.010908699112478049,0.01804801949382902
2015-12-11,77.00862885,79.73999786,83.05000305,79.42199707,82.84999847,20793600,77.6909998318,79.27619974115001,-0.05442907471119163,0.02068941407220017
2015-12-14,77.81020355,80.56999969,80.76000214,78.98999786,80.15000153,12077700,78.03839981040001,79.2590497396,0.010408851922183882,0.020443957271941475
2015-12-15,79.66443634,82.48999786,83.38999939,80.90000153,81.05999756,13054800,78.40959976139999,79.26359971975,0.023830187134012082,0.020909622496027735
2015-12-16,81.73113251,84.62999725,85.05000305,82.99500275,83.30000305,16575600,78.823799743,79.2592997167,0.025942531767693344,0.021358809277594013
2015-12-17,80.69778442,83.55999756,85.31999969,82.84999847,85.0,13003000,79.1693997186,79.24659971215,-0.01264326745561839,0.02104550207560416
2015-12-18,79.8189621,82.65000153,83.75,82.02999878,83.19999695,12168700,79.4683998102,79.23784971215,-0.010890330978607143,0.021130436671547435
2015-12-21,80.03142548,82.87000275,83.73000336,82.43000031,83.15000153,8094600,79.75159988360001,79.239549732,0.002661841693011313,0.02080114100269881
2015-12-22,81.93393707,84.83999634,85.09999847,82.88999939,82.88999939,12778200,80.0423997494,79.2488997076,0.023772095144524386,0.0206159574095024
2015-12-23,81.89531708,84.80000305,85.08999634,83.72000122,85.05000305,11238500,80.34479980420001,79.26294973354999,-0.00047139664928463887,0.02061869257023061
2015-12-24,80.84265137,83.70999908,84.80000305,83.41000366,84.55999756,3775300,80.6481997674,79.2718997381,-0.012853819938630218,0.020422826557953664
2015-12-28,79.32643127,82.13999939,82.75,81.51999664,82.55999756,9319400,80.8553997796,79.273299732,-0.01875522287964171,0.020576489911722905
2015-12-29,80.4080658,83.26000214,83.51000214,82.41000366,82.5,6942700,81.08079986519999,79.2695997427,0.013635290459185878,0.01934373562454413
2015-12-30,78.88217926,81.68000031,83.11000061,81.5,82.94999695,6984300,81.26139984080001,79.25549974425,-0.018976720987146534,0.018953802620244563
2015-12-31,78.48622131,81.26999664,82.16999817,81.25,81.48000336,6744500,81.4509997552,79.23889974574999,-0.005019633550978342,0.018980381208607122
2016-01-04,74.06311035,76.69000244,78.30999756,75.18000031,78.18000031,23066300,81.5951997368,79.19364976864999,-0.05635528964382641,0.021700902035834482
2016-01-05,75.93665314,78.62999725,78.68000031,77.26000214,77.91999817,14258900,81.7479997246,79.16079977014999,0.02529658036610183,0.022192838215371928
2016-01-06,74.68119049,77.33000183,78.48500061,76.97000122,77.12000275,11569300,81.7821997062,79.1261997793,-0.01653307217939659,0.021837574223652467
2016-01-07,70.22909546,72.72000122,75.5,71.54000092,73.29000092,27288100,81.7095997612,79.07164979915,-0.05961464503950864,0.024043053459208163
2016-01-08,68.37486267,70.80000305,74.66000366,70.66999817,74.33000183,20814600,81.53679977339999,79.0068998144,-0.02640261465606175,0.024405160642662235
2016-01-11,67.52500153,69.91999817,71.73000336,69.01999664,71.29000092,16961400,81.2881997674,78.9356498144,-0.012429446922177845,0.024289812643124867
2016-01-12,70.19046783,72.68000031,72.76999664,71.0,71.44999695,13456000,81.09739974920001,78.8761498068,0.03947371585006998,0.025605941615250406
2016-01-13,67.88233185,70.29000092,73.23899841,70.22000122,72.76999664,12480200,80.826599731,78.80809980375,-0.03288386598522286,0.025185361065925962
2016-01-14,69.77519226,72.25,72.72000122,68.26999664,70.29000092,17719600,80.5845997616,78.75314981445,0.027884465135101566,0.025910405621151458
2016-01-15,67.20630646,69.58999634,71.0,67.54100037,68.69999695,20722500,80.3075996396,78.6892997931,-0.03681665965397929,0.026357979228543743
2016-01-19,67.72780609,70.12999725,72.30999756,69.80999756,71.94000244,17421700,80.00219955400001,78.62854978545,0.007759749078900535,0.02614009436147069
2016-01-20,66.35645294,68.70999908,69.11199951,65.33999634,68.02500153,19464400,79.6687995906,78.5629997824,-0.02024808535123679,0.02553944150251294
2016-01-21,68.29759979,70.72000122,71.65000153,67.14399719,68.77999878,16576500,79.4109996028,78.5055497931,0.02925341532401604,0.02635642758285985
2016-01-22,67.95959473,70.37000275,73.33999634,69.88999939,72.51000214,15834700,79.1907997128,78.4304498099,-0.0049490733026319456,0.02635583641283893
2016-01-25,67.33185577,69.72000122,70.80000305,69.01999664,70.80000305,14782800,78.956599731,78.34834981905,-0.009236912101726391,0.026342816561686553
2016-01-26,67.38014221,69.76999664,70.19000244,68.87999725,69.01000214,11473300,78.7549996944,78.2742997931,0.000717088627727458,0.02618753226100005
2016-01-27,67.15802002,69.54000092,71.41999817,68.74500275,69.95999908,18257600,78.57059967000001,78.2005998038,-0.0032964846076565246,0.024536222473342164
2016-01-28,64.62776184,66.91999817,73.15000153,66.66999817,72.55000305,33165100,78.39199966400001,78.11019979465,-0.03767619665426947,0.025108965820164596
2016-01-29,64.73400116,67.02999878,68.93000031,65.40000153,67.98000336,25594700,78.1665995786,78.0219997977,0.0016437628961161188,0.024524230084350188
2016-02-01,64.73400116,67.02999878,67.69999695,65.34999847,66.5,16213800,77.9445996092,77.9368498038,0.0,0.023783351657803296
2016-02-02,62.8604393,65.08999634,67.73999786,64.66000366,67.05000305,19150800,77.6925994872,77.85279977785001,-0.02894230158600042,0.024089907937111337
2016-02-03,61.26696396,63.43999863,65.73000336,60.86999893,65.59999847,31918600,77.4039994048,77.75899978625,-0.02534948229803513,0.024293338998368916
2016-02-04,62.63832855,64.86000061,65.72000122,63.09999847,64.33000183,22911500,77.102199478,77.67119979845,0.02238338604453416,0.02486562369190844
2016-02-05,60.49436951,62.63999939,64.86000061,62.18000031,64.70999908,12842800,76.7287995146,77.57414978015,-0.03422758555536809,0.02457664485532761
2016-02-08,59.00711823,61.09999847,62.04999924,60.45000076,60.90000153,16157900,76.3335994718,77.4682497786,-0.02458494468385719,0.024656358408135595
2016-02-09,59.28718185,61.38999939,62.22000122,59.25,60.11000061,12738300,75.92719947799999,77.3523497771,0.004746332688410515,0.02480906285425848
2016-02-10,59.66382217,61.77999878,63.09000015,60.86999893,61.90000153,8998600,75.5351995086,77.23674976335,0.006352816319843857,0.024926177759809116
2016-02-11,58.49527359,60.56999969,61.63000107,59.84999847,60.25,15008500,75.0649994658,77.11419975265,-0.019585612073396597,0.024615169235834237
2016-02-12,58.80430984,60.88999939,62.77999878,60.27999878,61.27000046,13669600,74.6027994536,77.00639976484999,0.005283138544457167,0.024717008371323
2016-02-16,64.01934052,66.29000092,66.88999939,64.04000092,64.41999817,21735400,74.228599472,76.93139976485,0.0886845390720572,0.030532160164035708
2016-02-17,64.10626221,66.37999725,67.38999939,65.68000031,67.30000305,14457100,73.90439949019999,76.85744976025,0.0013576154586061318,0.02905331954345749
2016-02-18,64.24146271,66.51999664,68.5,66.23000336,67.0,14547800,73.5377994536,76.78709976175,0.00210905989454524,0.028540000376769323
2016-02-19,64.97543335,67.27999878,67.75,66.08999634,66.80000305,12334900,73.18819938639999,76.72579975105,0.011425168045528622,0.028612568841131655
2016-02-22,66.48199463,68.83999634,69.52999878,67.98000336,68.30000305,13405400,72.8773993682,76.66999973275,0.02318664667490644,0.027036922892888796
2016-02-23,64.67605591,66.97000122,68.66000366,66.46499634,68.5,12930600,72.5483994292,76.57484973884999,-0.027164369834712265,0.02706148375179629
2016-02-24,64.92714691,67.23000336,67.69000244,65.20999908,66.16999817,10781500,72.20639945980001,76.47569976785,0.00388236725792912,0.026998200817714802
2016-02-25,64.37667084,66.66000366,66.72000122,64.66000366,65.66999817,14686100,71.9447995758,76.37539978005,-0.008478352989926052,0.025919715308543024
2016-02-26,64.61811066,66.91000366,68.83000183,66.86000061,68.08999634,12084100,71.67159965520001,76.27609981514999,0.0037503748315876884,0.025297262802068152
2016-02-29,66.45302582,68.80999756,70.58000183,67.55999756,67.63999939,17984200,71.3979996492,76.18249980905,0.028396260589892197,0.025317813392436654
2016-03-01,68.43280792,70.86000061,71.83999634,69.86000061,70.01999664,14007700,71.1225997164,76.09479980444999,0.029792226750371187,0.02501650007485891
2016-03-02,68.80944824,71.25,72.04000092,70.75,72.04000092,10503000,70.8763997652,76.00874980905,0.005503801674325182,0.024998551591794316
2016-03-03,68.58732605,71.01999664,72.58999634,70.45999908,71.30999756,11596400,70.6437996674,75.9282997892,-0.00322811733333328,0.02469512098119837
2016-03-04,69.74622345,72.22000122,72.95999908,70.72000122,70.95999908,10763600,70.4307996368,75.84834979989999,0.016896714119585488,0.02431450516716576
2016-03-07,70.39326477,72.88999939,73.98000336,72.0,72.19999695,11244500,70.1917996978,75.7592998121,0.009277183033534087,0.024333608461472877
2016-03-08,68.63561249,71.06999969,72.65000153,70.95999908,72.40000153,8670700,69.9171996306,75.6452498243,-0.02496912766128634,0.0247381072367565
2016-03-09,69.94902802,72.43000031,72.61000061,70.68000031,71.58999634,7283400,69.6915996552,75.54104984265,0.019136071843705915,0.024960222792930576
2016-03-10,69.50478363,71.97000122,73.05000305,70.60500336,72.5,11247900,69.4881996918,75.43829986555001,-0.006350946956112158,0.02498686190118868
2016-03-11,71.47490692,74.01000214,74.01000214,72.22000122,72.58000183,11219200,69.3031996918,75.3453498839,0.028345156112531633,0.024321304286918904
2016-03-14,70.83751678,73.34999847,74.41999817,72.88999939,74.01000214,11069800,69.136599655,75.2573498915,-0.008917763152492708,0.024427439505983486
2016-03-15,69.75588226,72.23000336,72.83999634,71.75,72.62000275,8373700,68.9557997894,75.17189990985,-0.015269190638880215,0.02465636415968821
2016-03-16,70.9823761,73.5,73.66000366,71.86000061,72.01000214,7701200,68.8919997406,75.08549991595,0.01758267452474338,0.024047859933991958
2016-03-17,71.70668793,74.25,74.37000275,73.51000214,73.76000214,9423900,68.8043997956,75.00419990525,0.010204081632652962,0.023402054796416487
2016-03-18,73.63818359,76.25,76.30000305,74.70999908,74.97000122,13350100,68.782799759,74.93149990065,0.026936026936027035,0.02352961071326154
2016-03-21,75.43447113,78.11000061,79.68000031,76.94000244,77.08999634,15493300,68.8905997468,74.869099922,0.02439345062295084,0.022514321907619986
2016-03-22,75.50206757,78.18000031,78.55000305,76.90799713,77.0,9148400,69.03819969199999,74.80644992815,0.0008961682173003194,0.02172412938218563
2016-03-23,73.93756104,76.55999756,78.98000336,76.15000153,78.16000366,10806800,69.1709996798,74.74779991135,-0.020721447218935096,0.022362975148588857
2016-03-24,73.26154327,75.86000061,76.15000153,73.52999878,75.15000153,8833400,69.23459968579999,74.68919990524999,-0.009143116148239372,0.022571327084527297
2016-03-28,73.86030579,76.48000336,76.88999939,74.90000153,76.44999695,6082100,69.35839973460001,74.6270999144,0.00817298635663688,0.022001123992149575
2016-03-29,75.40549469,78.08000183,78.23999786,75.56999969,75.59999847,12535000,69.4749997712,74.58144992815001,0.020920481167719496,0.022118669287734507
2016-03-30,76.15877533,78.86000061,79.55000305,78.54000092,79.01000214,10696000,69.6603998566,74.54259994495001,0.00998973823922622,0.01614854452338071
2016-03-31,76.3229599,79.02999878,79.83999634,78.41000366,78.5,11318500,69.8383998872,74.50714992510001,0.0021556957733328552,0.01614140748084361
2016-04-01,76.03323364,78.73000336,79.01999664,78.19999695,78.23999786,9262200,70.03879997279999,74.4703499602,-0.003795968931179061,0.01622573247665666
2016-04-04,76.37124634,79.08000183,79.55000305,78.31999969,78.33000183,9817300,70.205999985,74.4317499541,0.004445553855746853,0.016191706594986758
2016-04-05,74.67153168,77.31999969,78.30000305,76.91000366,78.19999695,9603900,70.3449999238,74.38459995254999,-0.02225596989468348,0.016603086184935563
2016-04-06,75.9849472,78.68000031,79.15000153,77.19000244,77.30000305,9071900,70.5241999056,74.3492999648,0.017589247613200465,0.0156907141872834
2016-04-07,74.95159149,77.61000061,78.59999847,77.18299866,77.59999847,10937900,70.680999985,74.3089499663,-0.013599386067414732,0.016072999848574493
2016-04-08,74.81639099,77.47000122,78.76000214,76.6210022,78.26999664,8401200,70.839599991,74.27089996324999,-0.0018038833771373275,0.01592664644174626
2016-04-11,75.04816437,77.70999908,78.58899689,77.43000031,78.06999969,7896500,71.0554000092,74.2335999678,0.0030979457366788754,0.015929060720966493
2016-04-12,75.19303131,77.86000061,78.23999786,76.87000275,78.0,7115400,71.2720000458,74.19669998155,0.0019302732180652704,0.015316760163517842
2016-04-13,76.9120636,79.63999939,79.72000122,78.5,78.73999786,14150900,71.52420005799999,74.1784999846,0.022861530517010786,0.014966329969295696
2016-04-14,76.88308716,79.61000061,79.85800171,78.36000061,79.30999756,12611500,71.8146001434,74.1711999892,-0.00037667981202627043,0.014984579318586388
2016-04-15,76.26501465,78.97000122,79.75,78.45999908,79.44999695,11709100,72.1252001952,74.15470001210001,-0.008039183332446909,0.015087925389031758
2016-04-18,76.30364227,79.01000214,79.12000275,77.70999908,78.51999664,7767000,72.4082002258,74.1374500274,0.0005065331060152278,0.014887239540795578
2016-04-19,76.73822784,79.45999908,80.48000336,78.47000122,79.19999695,14742000,72.7446002196,74.12440002435,0.005695442701072695,0.01485036345576406
2016-04-20,78.42827606,81.20999908,81.73500061,78.98999786,79.0,14911900,73.1468002318,74.12930000295,0.022023659957988606,0.014266773704355149
2016-04-21,78.01300812,80.77999878,81.77999878,80.19999695,81.08000183,8819000,73.53460021960001,74.1350999831,-0.005294918173517127,0.014102011474913183
2016-04-22,77.15349579,79.88999939,81.44000244,79.15499878,80.12000275,8649300,73.8968002318,74.14484996785,-0.01101757122358793,0.014242192177088825
2016-04-25,76.1394577,78.83999634,79.83999634,78.68000031,79.80000305,9207600,74.26220016479999,74.14384994495,-0.013143110001468283,0.013761068603264138
2016-04-26,75.91734314,78.61000061,79.55999756,77.80000305,78.84999847,9632700,74.6166001892,74.13539993274999,-0.0029172468376094107,0.013636936774894902
2016-04-27,74.99022675,77.65000153,78.62000275,76.56999969,78.30000305,11491900,74.8438002014,74.11434993735,-0.012212174946579002,0.013511188577557195
2016-04-28,73.78304291,76.40000153,77.90000153,76.08999634,77.65000153,9959900,75.04420028700001,74.08884994499999,-0.016097874763300046,0.01361385832651052
2016-04-29,74.30454254,76.94000244,77.27999878,75.66000366,76.80999756,10124300,75.252600403,74.0698999404,0.007068074596673357,0.013555682146200955
2016-05-02,73.98584747,76.61000061,77.0,75.94000244,76.88999939,7718100,75.4392004396,74.04529994955,-0.0042890800563379905,0.012688494920156326
2016-05-03,73.30982971,75.91000366,76.26999664,75.42500305,75.95999908,8019200,75.580600586,74.0080499648,-0.009137148471822676,0.011941877513230685
2016-05-04,73.22290802,75.81999969,75.91000366,75.01000214,75.63999939,14326600,75.75760055539999,73.97379997239999,-0.001185666785146311,0.011937229822483467
2016-05-05,76.12980652,78.83000183,79.94000244,78.09999847,79.51999664,27950900,75.9896005248,73.95524997695001,0.039699316173922305,0.013483692772134261
2016-05-06,76.48712921,79.19999695,79.72000122,78.25,78.34999847,12862100,76.2404003906,73.93049995405,0.004693582537241392,0.013358663560135781
2016-05-09,76.68994141,79.41000366,79.98000336,78.88999939,78.94000244,11795800,76.4904003906,73.9081499861,0.002651599975850738,0.013301796566544379
2016-05-10,76.98931885,79.72000122,79.98000336,79.15000153,79.79000092,9319700,76.7086004638,73.891650009,0.003903759548069985,0.012790997782894439
2016-05-11,77.06658173,79.80000305,80.48500061,79.41000366,79.43000031,11072500,76.8874005126,73.8836500166,0.0010035352330115543,0.012672351051043591
2016-05-12,76.44850922,79.16000366,80.44999695,78.31999969,80.01000214,8791400,77.0456005858,73.8766500471,-0.00802004217467256,0.012761599598433572
2016-05-13,74.51701355,77.16000366,79.16000366,76.97000122,78.82499695,10078000,77.16840072619999,73.8611500547,-0.025265284329573756,0.013566131253507136
2016-05-16,76.5740509,79.29000092,79.93000031,77.58999634,77.86000061,11661000,77.3098007202,73.8578000639,0.027604939851813226,0.014489645722028356
2016-05-17,76.63198853,79.34999847,80.19999695,79.30999756,79.83000183,10970700,77.4390007018,73.86285007455,0.0007566849451867697,0.013855699109015742
2016-05-18,76.3229599,79.02999878,80.0,78.47000122,78.70999908,9085800,77.5982006836,73.86805007915,-0.004032762396598999,0.01351892742164443
2016-05-19,75.6372757,78.31999969,79.26000214,77.59999847,78.65000153,8317500,77.71600067119999,73.86530006385,-0.008983918777177968,0.01338161905470375
2016-05-20,76.09117889,78.79000092,79.44999695,78.31999969,78.31999969,11043900,77.8524006652,73.86015007,0.0060010371790131245,0.013413341807841489
2016-05-23,76.29398346,79.0,79.5,78.59999847,78.94999695,7187500,77.9522006224,73.8603500746,0.0026653011492312473,0.01341085092164935
2016-05-24,78.34136963,81.12000275,81.30999756,79.06999969,79.16999817,16707700,78.107600708,73.8718500899,0.026835477848101252,0.014239072138763116
2016-05-25,73.0007782,75.58999634,79.19999695,74.12000275,78.52999878,49606600,78.1748005676,73.8474500655,-0.06817068814756666,0.018564816761909887
2016-05-26,75.66624451,78.34999847,78.86499786,75.58999634,75.58999634,26968600,78.271800537,73.85250007615,0.036512796185167895,0.019825420388260347
2016-05-27,78.19651031,80.97000122,81.0,78.38999939,78.48999786,24552900,78.4062005614,73.890450096,0.03343972943411333,0.02069713667465554
2016-05-31,79.19122314,82.0,82.02999878,80.19999695,81.0,78861400,78.52120056140001,73.92490009295,0.012720745516619614,0.020806065370567305
2016-06-01,74.06311035,76.69000244,82.0,76.55000305,82.0,62531500,78.49280059799999,73.93455009445,-0.06475606780487808,0.024035669812084732
2016-06-02,74.65221405,77.30000305,77.75,76.55999756,76.65000153,45379500,78.4752006528,73.9451000975,0.007954108626834877,0.023708026496034738
2016-06-03,73.99551392,76.62000275,77.80000305,75.70999908,77.23999786,23685700,78.4764007566,73.95880012500001,-0.00879689874734102,0.023736637242043956
2016-06-06,75.38617706,78.05999756,78.33000183,76.69999695,77.11000061,19166100,78.5204006956,73.98350009904999,0.018793980139866218,0.023946840155174762
2016-06-07,75.17371368,77.83999634,78.37000275,77.31999969,78.19000244,12878000,78.54760055519999,74.0211000823,-0.002818360580025603,0.0238326438251838
2016-06-08,74.98056793,77.63999939,78.52999878,77.375,78.0,11614100,78.53880050640001,74.0684000777,-0.0025693340108396967,0.02383133340896782
2016-06-09,74.90330505,77.55999756,78.06999969,76.77999878,77.38999939,8994400,78.5128004454,74.12720005025,-0.0010304202811509677,0.02372311732574235
2016-06-10,73.31948853,75.91999817,77.05000305,75.76000214,76.43000031,10421100,78.45060043320001,74.16395004265,-0.021144912862217424,0.023860460286695678
2016-06-13,72.86558533,75.44999695,76.45500183,74.84999847,75.25,11300800,78.385000305,74.19790000910001,-0.006190743299908541,0.023849161758378524
2016-06-14,75.10610962,77.76999664,78.44999695,76.75,76.88999939,22358900,78.3588002012,74.2325500106,0.03074883742589729,0.024499769056987333
2016-06-15,75.70487213,78.38999939,78.76899719,77.51000214,78.30999756,14734800,78.38020019519999,74.2741500091,0.007972261499123112,0.024459672482804427
2016-06-16,75.58898926,78.26999664,78.40000153,76.19999695,77.83999634,13570700,78.3720001218,74.33489997855,-0.0015308425938743708,0.024460995533981643
2016-06-17,74.36248779,77.0,78.44999695,76.48000336,78.44999695,15582600,78.3598001096,74.3957499694,-0.016225842526112588,0.023552146451797925
2016-06-20,75.47310638,78.15000153,78.79000092,77.83999634,77.90000153,9625600,78.3734001158,74.45879997245,0.014935084805194787,0.023703896354508952
2016-06-21,75.92700195,78.62000275,79.08000183,78.40000153,78.75,8881800,78.3916001892,74.5195499801,0.006014090989103549,0.02372562760545054
2016-06-22,76.03323364,78.73000336,79.12000275,78.20999908,79.04000092,8170900,78.4090002442,74.59364999765,0.0013991427900326148,0.023715618626404335
2016-06-23,76.42918396,79.13999939,79.45999908,78.55000305,79.16000366,8279500,78.39900024420001,74.68479999534999,0.005207621141907648,0.02373501749480221
2016-06-24,73.67681122,76.29000092,77.5,75.43000031,76.83000183,18224800,78.3326002504,74.74604999534999,-0.03601211134656801,0.024595809261588126
2016-06-27,71.68737793,74.23000336,75.97000122,73.30000305,75.80000305,15131300,78.2378002932,74.798050003,-0.027002196030383785,0.024657031074867428
2016-06-28,73.6671524,76.27999878,76.59999847,75.5,75.5,11266200,78.183200226,74.85630001065,0.02761680354583773,0.024657505595275617
2016-06-29,75.36686707,78.04000092,78.48000336,76.90000153,76.98000336,11460000,78.1548002628,74.93350002289999,0.02307291777856535,0.02504557550004368
2016-06-30,76.80582428,79.52999878,79.76000214,78.27999878,78.30999756,12485300,78.12120025680001,75.00690002444999,0.019092745290039348,0.025279785062566167
2016-07-01,76.92172241,79.65000153,80.05000305,79.12000275,79.12000275,7271300,78.0986003118,75.0690000153,0.0015088991806972984,0.02521619400142182
2016-07-05,76.26501465,78.97000122,79.55000305,78.37000275,79.04000092,6845200,78.0802003484,75.13385002140001,-0.008537354638265438,0.025253952096612207
2016-07-06,75.94631958,78.63999939,78.81999969,77.68000031,78.47000122,7737600,78.0762004094,75.19830001835,-0.004178825185536694,0.025263602509629064
2016-07-07,76.63198853,79.34999847,79.48999786,78.70999908,79.0,6819200,78.0910003666,75.27555000305,0.009028472603094695,0.02482060446477201
2016-07-08,76.28432465,78.98999786,79.34999847,77.80000305,78.44000244,14029100,78.11780029319999,75.36099998469999,-0.004536869778719699,0.02130168891650312
2016-07-11,78.66972351,81.45999908,81.90000153,79.23999786,79.33000183,17417500,78.2190002442,75.4682999801,0.03126979727709034,0.02102585695298514
2016-07-12,78.94012451,81.73999786,82.87999725,81.51000214,81.79000092,15294100,78.31500015259999,75.57739997855,0.003437254887825647,0.02015030062112734
2016-07-13,77.81020355,80.56999969,81.87999725,80.37000275,81.83000183,10739200,78.3942001342,75.68404996860001,-0.014313655500749034,0.020190076283842433
2016-07-14,78.94012451,81.73999786,82.23999786,80.86000061,81.18000031,9361500,78.5108000182,75.80579996095,0.014521511412457055,0.016284996591492205
2016-07-15,78.46691132,81.25,82.48999786,80.96499634,81.77999878,8919900,78.61940002440001,75.92294996250001,-0.005994591054911069,0.01631580086260556
2016-07-18,79.8189621,82.65000153,82.79000092,80.59999847,80.59999847,12113600,78.6958000184,76.04134996405,0.017230788061538327,0.01642500854847281
2016-07-19,79.93484497,82.76999664,83.69000244,82.05000305,82.48000336,9799400,78.7672000122,76.1608499526,0.0014518464341037873,0.016140262521023723
2016-07-20,81.52832794,84.41999817,84.69999695,83.23000336,83.26999664,13991000,78.8673999024,76.26694993964999,0.01993477826484047,0.016434030173718746
2016-07-21,81.29655457,84.18000031,85.0,83.66000366,84.70999908,10163500,78.95659988419999,76.36819993965,-0.0028429029282458496,0.01643721033909901
2016-07-22,81.59593201,84.48999786,84.5,83.80999756,84.0,5988400,79.0503997804,76.4710499381,0.0036825558191782015,0.016421556199084326
2016-07-25,80.34046173,83.19000244,84.79000092,82.61000061,84.47000122,13185900,79.130999756,76.5555999564,-0.015386382446761271,0.01616134446143178
2016-07-26,80.72676086,83.58999634,83.62999725,82.62999725,82.86000061,7714700,79.2595996096,76.63504995335,0.004808196757639216,0.01606593092547529
2016-07-27,80.25354767,83.09999847,83.63999939,83.0,83.59999847,11629000,79.3357995606,76.7069999503,-0.005861919983905062,0.01530058242438128
2016-07-28,80.2728653,83.12000275,83.48999786,82.12000275,83.45999908,7476500,79.4111996462,76.7710999488,0.00024072539552721928,0.01526726580278755
2016-07-29,79.65478516,82.48000336,83.41999817,81.94499969,83.37000275,8709300,79.4801997378,76.83509996405,-0.007699703667298108,0.01535867316418572
2016-08-01,81.45107269,84.33999634,84.80000305,82.58999634,82.79000092,13401200,79.60059967080001,76.91409994115001,0.022550835405300562,0.01541552170049552
2016-08-02,80.92956543,83.80000305,84.33999634,82.91000366,84.33999634,7691600,79.7007997134,76.9741999625,-0.006402576635444968,0.01534532795742231
2016-08-03,80.80402374,83.66999817,83.83999634,83.16999817,83.30000305,5365800,79.7941996768,77.03259996405,-0.0015513708265909587,0.01534678786710513
2016-08-04,81.84703064,84.75,84.98000336,83.69000244,83.75,10731600,79.8667996218,77.0930999564,0.012907874430756694,0.015469657694569193
2016-08-05,81.69250488,84.58999634,85.08000183,84.44000244,85.01000214,9401700,80.0467996218,77.1570999335,-0.001887948790560534,0.015482253147663208
2016-08-08,82.08846283,85.0,85.01999664,84.30000305,84.98999786,11528200,80.17979965239999,77.2346999167,0.004846952095281409,0.013685127920673869
2016-08-09,82.32024384,85.23999786,85.62999725,84.80000305,85.05000305,15349200,80.2651995852,77.30594991669999,0.0028235042352942052,0.01240088541539732
2016-08-10,84.33865356,87.33000183,87.73000336,86.01000214,86.01000214,28195900,80.3717996218,77.3644999121,0.024519052351839266,0.012214938952957593
2016-08-11,88.62656403,91.76999664,92.80000305,91.26000214,92.13999939,54169200,80.67339950579999,77.44159990295,0.05084157468178074,0.014501795185634764
2016-08-12,94.88460541,98.25,98.34999847,92.91000366,92.98000336,71968300,81.0923994448,77.53564989075,0.07061135008449537,0.01862819915982428
2016-08-15,93.84159851,97.16999817,98.86000061,96.81999969,98.27999878,33813400,81.5033993532,77.60974988925001,-0.010992385038167907,0.018898550208561418
2016-08-16,93.34906769,96.66000366,97.15000153,95.05000305,96.15000153,27514000,81.8753994752,77.68194990145,-0.005248477097918203,0.018815765082054705
2016-08-17,93.67742157,97.0,97.25,96.05000305,96.16999817,14980900,82.2585995484,77.7477998923,0.0035174459665441304,0.018711299384916294
2016-08-18,93.67742157,97.0,97.94000244,96.62000275,97.25,15009000,82.64579956060001,77.81104989995,0.0,0.018753161659033554
2016-08-19,93.54222107,96.86000061,97.23999786,96.33999634,96.91000366,14267100,83.0317996216,77.8781498908,-0.0014432926804123225,0.018696623739402254
2016-08-22,92.37366486,95.65000153,96.62999725,94.75,96.47000122,16222900,83.42639968879999,77.9293998908,-0.012492247288661273,0.01844206566557331
2016-08-23,92.50887299,95.79000092,96.48000336,95.41000366,95.58999634,9646800,83.83319976819999,77.98144990915,0.0014636632280249362,0.018453293763662098
2016-08-24,90.66429138,93.87999725,96.30000305,93.55999756,95.68000031,12726600,84.1553997804,78.03279989235,-0.019939489003608535,0.018688270581986355
2016-08-25,90.72223663,93.94000244,94.69000244,93.12000275,93.75,13039900,84.4663998414,78.09559991830001,0.0006391690643130499,0.018623144325023693
2016-08-26,91.80387115,95.05999756,95.44999695,94.08000183,94.15000153,14133900,84.8021998598,78.16374990455,0.011922451468056483,0.018551827170189793
2016-08-29,91.6300354,94.87999725,95.16000366,94.20999908,94.59999847,8818300,85.1597998048,78.23889989845,-0.0018935442312250084,0.01845991606188987
2016-08-30,92.71167755,96.0,96.68000031,95.16999817,95.34999847,13994200,85.5167997742,78.32509988775,0.011804413811784764,0.018492471181588643
2016-08-31,93.86091614,97.19000244,97.19999695,96.01000214,96.13999939,28617000,85.88819976799999,78.4317999076,0.012395858749999933,0.018334699528125158
2016-09-01,94.0830307,97.41999817,98.0,97.01000214,97.30000305,13387400,86.2619996642,78.5273998832,0.0023664546169961387,0.018283785118045046
2016-09-02,95.85034943,99.25,99.66500092,97.97000122,97.97000122,17482600,86.6641996764,78.63299989695001,0.018784662947813002,0.01845230146241126
2016-09-06,100.2251892,103.7799988,104.3000031,100.4499969,100.4499969,32803800,87.21399963399999,78.76344987875001,0.04564230528967261,0.019405015673634788
2016-09-07,98.81519318,102.3199997,104.0,102.2600021,103.8399963,15758800,87.77579956080001,78.88569986350001,-0.014068212727711082,0.019799869509784556
2016-09-08,99.05662537,102.5699997,103.7799988,101.6299973,101.9300003,15475500,88.30159957920002,78.99879987725,0.002443315097077736,0.01967225666742101
2016-09-09,96.20767975,99.62000275,102.2099991,99.05000305,101.8000031,21250400,88.7331996158,79.09034990319999,-0.02876081659967089,0.020712317901037423
2016-09-12,97.34726715,100.8000031,101.3799973,97.0,97.37999725,17318200,89.15859970220001,79.19004991565,0.011845014228329731,0.020565051003705658
2016-09-13,96.84506989,100.2799988,101.4899979,98.83999634,100.3799973,20004900,89.57119964760001,79.28289991425,-0.005158772658807598,0.020460258545386228
2016-09-14,98.89245605,102.4000015,102.5899963,100.0199966,100.0800018,19604700,90.0397996532,79.38799993549999,0.0211408329215097,0.02050317745506873
2016-09-15,100.8722305,104.4499969,104.4800034,102.5299988,102.6200027,20795900,90.5559996034,79.48984991085,0.020019486034870804,0.020574590435946442
2016-09-16,101.0557251,104.6399994,105.3899994,103.8600006,104.0,20363500,91.061799622,79.59304990785,0.0018190761669614197,0.020575954220114066
2016-09-19,99.50086975,103.0299988,105.5,102.1949997,105.1600037,15234600,91.5425996408,79.68319990184999,-0.015386091449079209,0.020927295588736662
2016-09-20,97.88807678,101.3600006,103.7300034,100.9300003,102.9400024,12863800,91.9405996712,79.77704992315,-0.0162088539207087,0.02134406389316416
2016-09-21,102.3691406,106.0,106.1900024,102.2099991,102.4599991,22997100,92.425799714,79.8827999308,0.04577742080242242,0.022524731626689897
2016-09-22,105.6140518,109.3600006,109.7600021,107.4800034,107.5699997,35627700,93.0015997322,80.0057999231,0.03169811886792462,0.022748448408302084
2016-09-23,104.0205688,107.7099991,108.4000015,106.7099991,108.25,23083000,93.52099975699998,80.12244993235,-0.015087797100835076,0.02159970617031464
2016-09-26,102.2629089,105.8899994,107.0599976,105.3000031,106.5199966,16805300,94.013799745,80.2347999385,-0.016897221383413874,0.018146587295171775
2016-09-27,104.5517349,108.2600021,108.4899979,106.3700027,106.5199966,17556700,94.5259997564,80.35444993985,0.022381742500982682,0.018303296297687958
2016-09-28,105.0249481,108.75,109.8700027,107.1600037,108.4400024,16371600,95.0455998236,80.49949995055,0.004526121286672291,0.018224063548881987
2016-09-29,101.9345551,105.5500031,106.6900024,104.5699997,106.5100021,30236700,95.4681999222,80.6243999676,-0.029425258850574787,0.01922505644642482
2016-09-30,102.1663361,105.7900009,107.0999985,105.7900009,106.5,15577500,95.90039993399999,80.7408999828,0.002273782974431704,0.019217314381629734
2016-10-03,101.7703781,105.3799973,106.2900009,104.9800034,105.4499969,10849500,96.31819992280002,80.84464998305,-0.003875636605651933,0.019242139622730168
2016-10-04,101.8379745,105.4499969,106.2300034,105.0500031,105.9300003,11068800,96.763399812,80.95409997975,0.0006642588896708101,0.019025784385524522
2016-10-05,103.296257,106.9599991,107.4499969,105.6600037,105.8700027,13176500,97.23079986719999,81.0756499676,0.014319604024568777,0.019124488690869808
2016-10-06,103.4121475,107.0800018,107.5100021,106.1849976,107.3000031,9885600,97.7103999338,81.19669996285,0.001121939987002163,0.01860013341912081
2016-10-07,102.3691406,106.0,107.5500031,105.5599976,106.8899994,8954400,98.1679998788,81.30249998114999,-0.010085933711667217,0.018780306234519414
2016-10-10,104.6965942,108.4100037,109.0,106.5599976,106.7900009,11516600,98.6865998856,81.4205499844,0.022735883962264225,0.019035602811891462
2016-10-11,101.6255264,105.2300034,107.9700012,104.75,107.8899994,14916600,99.10440002680001,81.528150006,-0.029333089119708222,0.019991784396732416
2016-10-12,100.0706711,103.6200027,105.1100006,101.8199997,105.0500031,18435000,99.5008000198,81.63555002254999,-0.015299825600879946,0.020221647495948233
2016-10-13,98.65101624,102.1500015,102.5500031,99.0,102.0599976,22390000,99.87040008640001,81.73000001935,-0.014186461703305842,0.02036608885195479
2016-10-14,98.36128998,101.8499985,104.6999969,101.0299988,104.2699966,12789500,100.2124000564,81.8308500103,-0.002936886887857759,0.020384545244061903
2016-10-17,99.31738281,102.8399963,103.4700012,101.2699966,101.5,10351700,100.5774000556,81.93870000860001,0.009720155273247322,0.020188547964590478
2016-10-18,99.80025482,103.3399963,104.9899979,103.3099976,104.4700012,11107200,100.9441999816,82.0719499779,0.0048619216062728565,0.018399150590284106
2016-10-19,100.3700485,103.9300003,104.8000031,103.6500015,104.3300018,8918900,101.3180000304,82.19844999315,0.005709347988432256,0.018230455964626267
2016-10-20,100.2927856,103.8499985,104.7399979,103.5699997,104.1999969,7109800,101.6483999638,82.3310499765,-0.0007697661865589955,0.018229180776475406
2016-10-21,100.3796997,103.9400024,103.9400024,102.75,103.6999969,8073100,101.89180007899999,82.48714998240001,0.0008666721357728502,0.01736734696710856
2016-10-24,100.9205246,104.5,105.3000031,103.5500031,104.9800034,10898800,102.01680007899999,82.65564996715,0.005387700472094581,0.0172752665311806
2016-10-25,100.650116,104.2200012,105.1999969,104.0199966,104.8600006,8985700,102.1578001396,82.8271499823,-0.0026794143540670445,0.017248986385633932
2016-10-26,99.25943756,102.7799988,104.0,102.6999969,103.6800003,7579800,102.2802000424,82.97764997475001,-0.013816948603143864,0.017051042813217412
2016-10-27,98.87313843,102.3799973,104.1100006,101.8499985,103.3799973,8807100,102.3877999884,83.13809995665001,-0.0038918223844151,0.016649837603548413
2016-10-28,98.43855286,101.9300003,103.0500031,101.5500031,102.3499985,8479500,102.4863999944,83.28649995815,-0.004395360537873261,0.016658209780458844
2016-10-31,98.20677185,101.6900024,103.2099991,101.4199982,102.6500015,15837900,102.5830000302,83.44699998845,-0.0023545364396512225,0.01643151744051834
2016-11-01,97.68527222,101.1500015,101.2399979,99.20999908,100.4300003,21287300,102.69300002959999,83.60210000970001,-0.005310265387504787,0.016186462450443716
2016-11-02,95.13570404,98.51000214,104.0999985,97.30000305,103.8499985,36939900,102.74740005400001,83.751100025,-0.026099844991104626,0.014407376405334292
2016-11-03,94.4017334,97.75,99.30000305,96.45999908,98.04000092,17412600,102.82480010900001,83.88625001889999,-0.007714974352755588,0.012916409085054863
2016-11-04,94.22789764,97.56999969,98.79000092,96.66999817,96.90000153,9048500,102.897400054,84.0222500036,-0.0018414353964194552,0.012737204650552458
2016-11-07,95.9469223,99.34999847,100.6200027,99.16000366,100.0699997,11198300,102.98320007219999,84.17039998985,0.018243300047713573,0.013047266828551257
2016-11-08,96.42979431,99.84999847,99.98999786,98.36000061,99.38999939,8091100,103.0826000966,84.32079999900002,0.00503271270961303,0.01228998324769814
2016-11-09,93.3587265,96.66999817,98.58000183,95.80000305,97.37999725,20948000,103.09600006000001,84.45644998524999,-0.03184777514999604,0.013312519567375664
2016-11-10,91.10853577,94.33999634,98.5,92.22000122,98.33999634,27346700,103.038999938,84.59354997610001,-0.024102636537786548,0.012991244044240742
2016-11-11,89.80477905,92.98999786,94.08999634,91.09999847,93.86000061,23725800,102.9503999318,84.7233499715,-0.014309927203459138,0.013082838595908624
2016-11-14,86.69506836,89.76999664,92.54000092,87.87999725,92.4509964,27356200,102.76079986459999,84.8370499608,-0.034627393204673895,0.014212027977913896
2016-11-15,87.8829422,91.0,93.48999786,90.75,91.0,16723000,102.5051998886,84.9665999791,0.013701720018244101,0.014592756574856952
2016-11-16,89.67922974,92.86000061,93.68000031,91.33000183,91.38999939,14079700,102.31599990679999,85.11369998900001,0.020439567142857218,0.014908567750137786
2016-11-17,90.84778595,94.06999969,94.98000336,93.63999939,94.70999908,10380200,102.1459999066,85.2597499844,0.013030358303375955,0.015221226472659785
2016-11-18,90.19107056,93.38999939,95.30000305,92.66999817,94.84999847,10032600,102.0213998394,85.4134999844,-0.007228662721812329,0.015192011234388465
2016-11-21,90.21039581,93.41000366,94.66000366,93.0,94.05000305,8960000,101.87359985059999,85.57505001034998,0.00021420141482675348,0.014353459903843098
2016-11-22,90.01724243,93.20999908,94.41999817,93.16000366,94.23999786,10403600,101.7321998562,85.7341500088,-0.0021411473307290096,0.01359256059323282
2016-11-23,89.84340668,93.02999878,93.40000153,91.44999695,92.52999878,11721700,101.5447998018,85.89040000879999,-0.0019311265076348283,0.013425576885697479
2016-11-25,89.82409668,93.01000214,93.75,92.76999664,93.55000305,4868500,101.31599990659998,86.05260002105,-0.00021494829906743007,0.013283645430785838
2016-11-28,90.54840088,93.76000214,95.74099731,93.0,93.01999664,14340100,101.09839996139999,86.2169500348,0.008063648884461871,0.013437347746950249
2016-11-29,91.73627472,94.98999786,96.05500031,93.38999939,93.66999817,14146900,100.93759994259999,86.36045001949998,0.013118554734708798,0.013559146956332216
2016-11-30,90.79949188,94.01999664,95.48000336,93.30000305,95.27999878,11447700,100.79079986340001,86.49865001644999,-0.01021161429469264,0.013554163050400072
2016-12-01,86.78199768,89.86000061,94.05500031,89.18000031,94.0,24030700,100.4679998756,86.6153500363,-0.04424586448272816,0.015385089286445998
2016-12-02,87.38076019,90.48000336,91.73999786,89.94999695,90.37999725,11718800,100.09039993079999,86.73135005920001,0.006899652189975569,0.015516174469167084
2016-12-05,87.87328339,90.98999786,91.40000153,89.56999969,90.05000305,8902600,99.755999906,86.84210006680001,0.005636543778307024,0.01559692731034289
2016-12-06,87.30349731,90.40000153,91.93000031,89.95999908,91.55999756,7787800,99.44619994859998,86.95925006834999,-0.00648418885455726,0.015492739883922975
2016-12-07,87.95054626,91.06999969,91.65000153,89.5,90.51999664,13240000,99.1023999004,87.07845004999999,0.007411483945358732,0.015646948137028004
2016-12-08,89.14806366,92.30999756,93.08000183,91.02999878,91.80000305,10919500,98.7735998516,87.2067000195,0.013615876514998515,0.01587550965160092
2016-12-09,90.0848465,93.27999878,93.63999939,92.27999878,92.51000214,9177600,98.52819976519999,87.3385499951,0.010508084125660622,0.0160781362118577
2016-12-12,89.30258942,92.47000122,92.88999939,91.69999695,92.05000305,9355900,98.2617997716,87.4568500134,-0.008683507403450696,0.016110260043836613
2016-12-13,89.00321198,92.16000366,93.73000336,91.87000275,92.80000305,10491300,97.9973998988,87.56335002865,-0.003352412197578203,0.016109667053163742
2016-12-14,88.06643677,91.19000244,92.26000214,90.83000183,91.83000183,9153700,97.7122000096,87.66305004085,-0.010525186430965894,0.016161857559208567
2016-12-15,85.80658722,88.84999847,90.59999847,88.73999786,90.0,19215500,97.34999999700001,87.75220005000001,-0.02566075125987244,0.016140702810763397
2016-12-16,85.63275146,88.66999817,90.09999847,88.55999756,89.0,11341500,96.98179992440001,87.83445003475,-0.0020258897366304263,0.016120534840489763
2016-12-19,85.8838501,88.93000031,89.81999969,88.41000366,88.61000061,10226300,96.64039993060001,87.91465003935,0.0029322447881583447,0.01615708144981969
2016-12-20,86.76267242,89.83999634,90.30999756,88.94000244,89.19000244,8434700,96.26899978339999,88.00850002259999,0.010232722667579575,0.015858039945226846
2016-12-21,86.19288635,89.25,90.43000031,89.25,89.95999908,9044900,95.94939971539999,88.09260002104999,-0.006567190160684744,0.015791023504800987
2016-12-22,83.82681274,86.80000305,88.26000214,86.01000214,87.88999939,14404500,95.6129997224,88.1667500302,-0.027450946218487426,0.015538302986203784
2016-12-23,83.8171463,86.79000092,87.68000031,86.62000275,86.62000275,6344000,95.3057997108,88.23065002410002,-0.00011523190839335395,0.015049195132964885
2016-12-27,84.54145813,87.54000092,87.94000244,86.70999908,86.72000122,5228000,95.0195997592,88.30160003635,0.008641548473899974,0.015020190191023863
2016-12-28,84.37728882,87.37000275,88.75,87.22000122,88.30000305,6421100,94.71019988820001,88.3773000333,-0.001941948460285614,0.013691085405041119
2016-12-29,84.33865356,87.33000183,88.19999695,87.16000366,87.81999969,5467100,94.3899999988,88.44645004245,-0.00045783356691031507,0.013414797787688112
2016-12-30,84.80220795,87.80999756,88.09999847,87.19999695,87.56999969,7211100,94.067599944,88.51425003024998,0.00549634398192711,0.01284575536216979
2017-01-03,85.5651474,88.59999847,89.0,88.08000183,89.0,8789400,93.7625999434,88.5760000226,0.008996708028151446,0.01270572484678658
2017-01-04,87.409729,90.51000214,90.88999939,88.58000183,88.98500061,11490200,93.49399993820002,88.63800003025,0.021557603871141362,0.013360743245433812
2017-01-05,91.13751221,94.37000275,94.80999756,91.63999939,91.91000366,16821500,93.29139999320002,88.71895004244999,0.04264722703275803,0.015554842447439939
2017-01-06,90.6739502,93.88999939,94.5,93.0,94.40000153,7639800,93.084799957,88.8056000516,-0.005086397647688923,0.015581086979191269
2017-01-09,91.47551727,94.72000122,95.65000153,93.30999756,94.16000366,10829500,92.9236000054,88.89990005465,0.008840151617770742,0.015650418010605148
2017-01-10,93.43598938,96.75,97.90399933,95.55000305,96.40000153,14780600,92.81100005939999,89.00125003785,0.02143157468173018,0.016098452365241947
2017-01-11,93.61947632,96.94000244,97.44999695,95.59999847,96.91999817,8735900,92.7112001022,89.0955500409,0.0019638495090439356,0.016050367782423008
2017-01-12,92.61510468,95.90000153,96.84999847,94.80000305,96.84999847,8424700,92.5954000848,89.1807500455,-0.010728294654662296,0.01603215936394965
2017-01-13,92.97241974,96.26999664,97.37999725,95.76000214,95.94999695,10701100,92.4977999876,89.26695003479999,0.003858134557842119,0.01591511133798772
2017-01-17,92.82756805,96.12000275,96.58999634,95.0,96.31999969,6342400,92.4499999998,89.35390003175,-0.001558054380752738,0.013456961195872056
2017-01-18,92.71167755,96.0,96.26999664,95.26000214,96.26999664,6610700,92.4149999998,89.43850002259998,-0.0012484680250386404,0.013443863672200759
2017-01-19,92.87584686,96.16999817,96.69999695,95.58000183,96.41999817,7090000,92.38699996939998,89.532750015,0.0017708142708332542,0.013426944182752011
2017-01-20,92.76961517,96.05999756,97.15000153,95.67099762,96.44999695,9685800,92.32119995120001,89.61965000125,-0.0011438142049826627,0.013346650288734952
2017-01-23,95.03913116,98.41000366,98.66999817,96.26000214,96.48000336,14090300,92.292400055,89.7236500165,0.024463940867083256,0.013930483529450048
2017-01-24,97.95568085,101.4300003,103.1900024,99.94000244,103.1500015,37181500,92.3876000976,89.84345001189999,0.030687902933464795,0.014718993664898676
2017-01-25,100.4955902,104.0599976,104.2699966,101.9000015,102.4599991,23322800,92.5820001228,89.9752000045,0.025929185568581703,0.01524124471732321
2017-01-26,99.23046112,102.75,104.5699997,102.1699982,103.9199982,12504800,92.7772001656,90.09965000144999,-0.012588868251136698,0.015367379223059122
2017-01-27,98.57376099,102.0699997,102.6999969,101.2900009,102.25,8031000,93.0232002268,90.21180000300001,-0.006618007785888058,0.015430006117206034
2017-01-30,97.5597229,101.0199966,101.4599991,100.0899963,101.1999969,8619800,93.2236001588,90.31884998295,-0.010287088302989411,0.015422589788916367
2017-01-31,97.83979034,101.3099976,102.0899963,100.0599976,100.2399979,7530000,93.39260009860001,90.43054996485,0.002870728665219646,0.014406531640920307
2017-02-01,98.09088898,101.5699997,102.3799973,100.8700027,102.0699997,5736400,93.5426000988,90.54334995265,0.0025664012057975416,0.01435930231418077
2017-02-02,97.38588715,100.8399963,101.4700012,100.5599976,101.2799988,5371600,93.69160003699999,90.65024993875001,-0.007187195059133233,0.014518690840690332
2017-02-03,96.95130157,100.3899994,101.5599976,100.3000031,101.5,6197600,93.8311999518,90.74614994035,-0.004462484297017011,0.0145594391167798
2017-02-06,97.44384003,100.9000015,101.7060013,100.0199966,100.1699982,6866700,93.9850000002,90.84674995395,0.005080208218429361,0.014427896049028138
2017-02-07,97.37622833,100.8300018,101.5999985,100.5,101.0400009,5655600,94.14100006059999,90.951449966,-0.0006937532106974231,0.01317677141823223
2017-02-08,100.022377,103.5699997,103.9899979,101.1600037,101.5500031,10178500,94.35220001180001,91.0750999828,0.02717443073575332,0.013735208719610972
2017-02-09,99.80025482,103.3399963,104.1800003,102.5599976,103.5699997,8435800,94.54379989499999,91.19874996125,-0.0022207531202687036,0.01380613854380155
2017-02-10,98.8538208,102.3600006,103.9400024,102.3099976,103.8799973,7680300,94.69119994980001,91.3222999566,-0.009483217873890948,0.014015951933059304
2017-02-13,99.56847382,103.0999985,104.4400024,102.6200027,102.8199997,9729000,94.872799987,91.45579994145001,0.007229365920890629,0.013975647308856623
2017-02-14,98.11019897,101.5899963,103.5999985,100.8960037,103.1399994,10240700,95.1073999008,91.57904991075,-0.014645996333355948,0.014458380395612414
2017-02-15,98.07157898,101.5500031,102.1299973,100.1100006,102.0599976,12384400,95.3287998956,91.7037499232,-0.00039367261990930213,0.014469853748067824
2017-02-16,97.36657715,100.8199997,102.0999985,100.5,101.8600006,7464000,95.52539993239999,91.82829990340001,-0.007188610317235944,0.014262437062853121
2017-02-17,97.07684326,100.5199966,101.7300034,100.3000031,100.6900024,8258200,95.7277998338,91.95179988795,-0.002975630836071108,0.012257761965128063
2017-02-21,98.62204742,102.1200027,102.5400009,100.9100037,101.0299988,8189600,95.948799894,92.0682498923,0.015917291624739205,0.012427163907255071
2017-02-22,100.6307907,104.1999969,105.1999969,102.4199982,102.4800034,15779400,96.1865998808,92.19324989205,0.020368136946788296,0.012790769946505857
2017-02-23,98.95039368,102.4599991,104.8600006,101.8199997,104.7200012,10095600,96.37019988720002,92.30849986924999,-0.01669863581349107,0.012817567647621216
2017-02-24,99.4236145,102.9499969,103.0,101.3000031,101.3899994,7356600,96.5797998008,92.42464984765,0.004782332659614363,0.012827680126460694
2017-02-27,100.0513458,103.5999985,103.8249969,102.2200012,102.5,6865900,96.8085996976,92.5436498249,0.006313760267825597,0.012616249607889218
2017-02-28,99.37533569,102.9000015,103.9899979,102.0299988,103.8899994,8017500,97.04279967880001,92.6623498141,-0.006756727897056836,0.01272965278848052
2017-03-01,100.4762802,104.0400009,104.9899979,103.2099991,103.6800003,10331800,97.34659972739999,92.79674980029999,0.011078711208765135,0.012806427582480405
2017-03-02,99.65539551,103.1900024,104.5800018,102.7699966,103.8000031,7983000,97.63699981200001,92.91624980770001,-0.0081699201523171,0.012942041042700254
2017-03-03,99.77128601,103.3099976,103.4199982,102.4400024,102.9899979,6320900,97.92459975779998,93.03604980335,0.0011628568389296934,0.012943682906076689
2017-03-06,98.80553436,102.3099976,103.25,102.0999985,102.7600021,6290700,98.173999783,93.15244979745,-0.00967960529698042,0.013118504535317502
2017-03-07,99.11457062,102.6299973,103.3079987,102.1100006,102.3000031,4985200,98.44159972899999,93.2739997855,0.0031277461392491546,0.012429329167889257
2017-03-08,99.68436432,103.2200012,104.2900009,102.5400009,102.6299973,7066700,98.769999692,93.39614978690001,0.005748844543719045,0.01117922978094737
2017-03-09,99.70367432,103.2399979,103.75,102.7600021,102.9700012,4523600,99.0989996316,93.51734977639998,0.00019372892625013627,0.010108089261543
2017-03-10,99.84854889,103.3899994,103.6999969,102.6299973,103.4300003,4120700,99.4159996012,93.62869975965,0.001452939781588114,0.009836796022911742
2017-03-13,101.5772324,105.1800003,106.25,103.4700012,103.5199966,16118900,99.7721995522,93.77664977945,0.0173130951773659,0.010223088269316968
2017-03-14,100.6790848,104.25,106.0,103.8219986,104.6100006,7748400,100.1105995156,93.9061497871,-0.008841987995316658,0.010171093474625453
2017-03-15,100.1382675,103.6900024,104.4899979,102.5999985,104.3700027,11695200,100.42819961240001,94.01974979300002,-0.0053716796163070235,0.010232733201680519
2017-03-16,102.0118103,105.6299973,105.6500015,104.3010025,105.25,12445200,100.76879958900001,94.1378997795,0.01870956558103032,0.010739397820855463
2017-03-17,101.9925003,105.6100006,106.5,104.8600006,105.1699982,8778900,101.0707995582,94.28249977029998,-0.0001893089132928294,0.010622649808908287
2017-03-20,103.5763245,107.25,108.1999969,105.9400024,106.2300034,12447900,101.3283995032,94.43224975505,0.015528826727418732,0.01085400813445449
2017-03-21,101.4903107,105.0899963,108.6999969,104.6999969,108.4599991,13877700,101.55239944140001,94.57459972279999,-0.0201398946386947,0.011580597379622424
2017-03-22,102.4560547,106.0899963,106.1200027,103.9800034,104.6399994,7153000,101.77979934300001,94.71474971650001,0.00951565358462192,0.011665981393383436
2017-03-23,104.5420685,108.25,108.8300018,106.4400024,106.9499969,13410800,102.00979934300001,94.86679973480001,0.020360107223417856,0.011211615597015846
2017-03-24,104.3392639,108.0400009,109.1299973,107.2300034,108.4000015,7578400,102.2317993122,95.01879974235,-0.0019399454965358665,0.011208488764253639
2017-03-27,104.3778992,108.0800018,108.1900024,106.5100021,106.6500015,7709400,102.47539931760001,95.17139976355001,0.0003702415741095866,0.011016935036244398
2017-03-28,104.1074829,107.8000031,108.9499969,107.4599991,108.2300034,6472000,102.70599944679999,95.3307997882,-0.0025906615038565617,0.01099816058366651
2017-03-29,105.7589111,109.5100021,109.7399979,107.6900024,107.9700012,8788700,102.9737994338,95.50109981394999,0.01586269898725079,0.010859010498758221
2017-03-30,105.121521,108.8499985,110.4499969,108.6600037,109.7289963,10592500,103.23079940379999,95.65649982325,-0.006026879621436887,0.01096012222806475
2017-03-31,104.1364594,107.8300018,109.1190033,107.7799988,108.5,9002800,103.4639994764,95.80369983530001,-0.009370663427248349,0.011032774793491061
2017-04-03,104.3875504,108.0899963,109.4700012,107.5199966,108.8499985,8391400,103.7045994512,95.9527998336,0.0024111517727898324,0.01098766478562859
2017-04-04,103.8370743,107.5199966,108.2600021,106.8799973,107.8700027,6480100,103.88679931,96.1053998166,-0.005273380696748098,0.010773177933231036
2017-04-05,103.759819,107.4400024,108.8199997,107.3199997,108.3600006,8205400,104.00699935199998,96.25184982095001,-0.0007439936991218143,0.010190536963053564
2017-04-06,104.3392639,108.0400009,108.4199982,107.1500015,107.5899963,5211100,104.086599418,96.39894981169999,0.00558449819989959,0.009648318363471471
2017-04-07,105.2567291,108.9899979,109.0699997,106.7600021,107.8799973,8354900,104.211399376,96.55024978439998,0.008793011774216097,0.00971839746169198
2017-04-10,107.8738937,111.6999969,111.8799973,108.8399963,109.0,14798600,104.40399932,96.71304977195001,0.024864657787097677,0.010559554087370939
2017-04-11,106.6570587,110.4400024,111.7900009,109.4599991,111.4000015,10012100,104.592399436,96.88379977935,-0.011280165935259823,0.010728215153418819
2017-04-12,106.8405457,110.6299973,111.6999969,110.3099976,110.5,8099800,104.77879942999999,97.06579974904999,0.0017203449463163434,0.010602948773674544
2017-04-13,106.4349289,110.2099991,111.4499969,109.8199997,110.7200012,6857000,104.951599418,97.23544975065,-0.0037964224012504433,0.01048625110868501
2017-04-17,107.9318466,111.7600021,111.8700027,110.3000031,110.9100037,7128100,105.169999534,97.40404975655001,0.014064086858340152,0.010702475208768818
2017-04-18,107.4199982,111.2300034,112.1999969,110.8669968,111.1999969,8305100,105.386799614,97.56254977965,-0.004742293217977589,0.01054264250098201
2017-04-19,106.966095,110.7600021,112.1999969,110.5699997,111.9899979,9603800,105.58399962600001,97.71809978250002,-0.004225490296083212,0.01062100047539122
2017-04-20,109.0907364,112.9599991,113.5999985,111.4800034,111.5299988,13773500,105.82659957199999,97.8880497719,0.019862738879453445,0.011068513493919992
2017-04-21,109.2356033,113.1100006,113.1699982,112.3000031,112.8000031,8968300,106.01739958999998,98.06039977794998,0.0013279169723363626,0.011060287298447895
2017-04-24,110.9256592,114.8600006,115.1600037,114.0199966,114.0400009,13386600,106.24779967600001,98.2379497886,0.015471664669056695,0.011281917245434784
2017-04-25,111.5244217,115.4800034,115.8199997,114.8000031,115.5400009,11434600,106.510199732,98.42039981629999,0.005397900024040281,0.010987462253901013
2017-04-26,111.0318909,114.9700012,115.75,114.6220016,115.3700027,6678800,106.747599786,98.5879498269,-0.004416368072257981,0.010849368477521455
2017-04-27,111.4761353,115.4300003,115.9599991,114.8300018,115.0,9441500,107.02439986600001,98.7563998391,0.004001035880653703,0.010724543511172302
2017-04-28,111.5437317,115.5,115.9899979,115.0,115.9000015,6984900,107.303399804,98.93104984064999,0.000606425537711841,0.010349975782880326
2017-05-01,112.6833191,116.6800003,117.2399979,115.5,115.6299973,7332100,107.62059981600001,99.10574985285001,0.010216452813852861,0.010412418343939843
2017-05-02,114.0450134,118.0899963,118.6900024,117.0,117.0699997,10048200,107.97199981000001,99.28994983435,0.01208429890619378,0.010292135593822922
2017-05-03,112.5770798,116.5699997,118.0,115.1200027,117.9499969,10591100,108.26099975,99.45954982519999,-0.012871510268647524,0.00979574399678999
2017-05-04,111.8914032,115.8600006,116.4100037,115.1500015,115.9400024,6977800,108.494199824,99.624999845,-0.006090753211179689,0.00987973178688138
2017-05-05,112.065239,116.0400009,116.1500015,114.8000031,116.0500031,7099400,108.76579985999999,99.78309985865,0.001553601752700029,0.0093202230107023
2017-05-08,112.8571548,116.8600006,117.5100021,116.1999969,116.9000015,6461900,109.043999934,99.94649986009999,0.007066526143055363,0.009321968111450377
2017-05-09,115.889595,120.0,120.0,118.0699997,118.6200027,15219900,109.37199996400001,100.1240498708,0.026869753413299113,0.010301458058424152
2017-05-10,115.8702774,119.9800034,120.3300018,119.0999985,120.0100021,9347300,109.713600002,100.3079998756,-0.00016663833333330214,0.010261105610761755
2017-05-11,116.0441208,120.1600037,120.5,118.25,120.1299973,11375500,110.03600005800001,100.4908499124,0.0015002524995761934,0.010002240558415244
2017-05-12,116.2179489,120.3399963,120.4680023,119.5100021,120.1600037,9823900,110.378999936,100.67704990154999,0.0014979410324367226,0.009857573173276868
2017-05-15,117.2416458,121.4000015,121.4899979,120.0309982,121.0299988,11125500,110.740800014,100.8684498953,0.008808419748970842,0.009601054194404787
2017-05-16,119.7718964,124.0199966,124.3399963,121.7399979,121.9800034,18222100,111.17499999399999,101.0761498615,0.021581507970574343,0.010115607002904332
2017-05-17,116.5849304,120.7200012,123.8899994,120.5,123.25,19834700,111.536800072,101.2580498858,-0.02660857515295234,0.011492964660231166
2017-05-18,117.1160889,121.2699966,122.6299973,114.0,116.3099976,37121900,111.89779998,101.44539985355,0.004555959199245008,0.011459309215814173
2017-05-19,118.9992981,123.2200012,126.4000015,123.0699997,123.9599991,21101700,112.297400046,101.64314986870001,0.016079860267762314,0.011664324260313262
2017-05-22,120.4768906,124.75,125.5899963,123.5550003,124.9800034,13493200,112.724600058,101.8431498687,0.012416805592434965,0.011729351969885149
2017-05-23,118.7192383,122.9300003,125.6750031,122.8499985,124.6699982,14370100,113.079600058,102.03484988849999,-0.014589175951903788,0.011587336543387713
2017-05-24,118.6033401,122.8099976,123.6839981,121.9499969,123.0699997,8371500,113.45080001000001,102.2238998765,-0.0009761872586605547,0.011290289470895547
2017-05-25,119.395256,123.6299973,124.4499969,122.3099976,123.7399979,12486500,113.849599908,102.41584987369998,0.006676978389583477,0.011297998131520926
2017-05-26,119.7429199,123.9899979,124.6500015,123.0999985,123.9300003,7558900,114.21679992,102.59914985405,0.002911919500624416,0.011209076096274898
2017-05-30,119.6656723,123.9100037,124.8799973,123.5299988,124.0800018,8343400,114.582799982,102.75984988935001,-0.0006451665566162834,0.011074365472337123
2017-05-31,118.2653351,122.4599991,124.1750031,122.0,123.6399994,11582200,114.88699996400001,102.88089988485001,-0.01170207857882588,0.011323200187994724
2017-06-01,119.7236023,123.9700012,124.0,122.2600021,122.8199997,8901400,115.26460006199999,103.0148999,0.012330574155622331,0.011348552832044893
2017-06-02,119.8781204,124.1299973,124.5299988,123.2399979,123.7200012,7342100,115.625400082,103.1522498682,0.001290603359290765,0.010942828055008876
2017-06-05,121.0756531,125.3700027,125.5599976,123.8700027,124.0199966,10030600,115.967800136,103.2940998817,0.009989570828742744,0.011005653642030922
2017-06-06,120.3513412,124.6200027,126.1999969,124.2699966,125.3700027,9257100,116.299400172,103.43219989519999,-0.005982292285617086,0.01089706081445051
2017-06-07,121.3364029,125.6399994,125.9100037,124.1100006,125.0800018,9431600,116.650600124,103.57609988915002,0.008184855383573053,0.010931975482891708
2017-06-08,137.4643707,142.3399963,143.6999969,135.2100067,142.5099945,81381500,117.34139998799999,103.80954986300002,0.13291942836478565,0.026061009447871798
2017-06-09,134.6637115,139.4400024,148.2899933,137.0099945,142.3399963,54367400,117.939999994,104.02779987039999,-0.020373710660269273,0.026547671061098434
2017-06-12,134.31604,139.0800018,139.3899994,136.0500031,139.1699982,32177600,118.54460006000001,104.25379989315,-0.002581759852293364,0.026579010815957007
2017-06-13,131.9210052,136.6000061,142.2440033,135.8999939,141.8800049,40879600,119.120000146,104.46709991144999,-0.017831432757430377,0.02693582800807863
2017-06-14,131.9885864,136.6699982,139.25,135.2599945,137.8000031,32862000,119.691600184,104.67514991465,0.0005123872391978868,0.026922572662205352
2017-06-15,130.453064,135.0800018,135.6699982,133.1000061,135.6399994,30510400,120.242800288,104.87614993739999,-0.011633836401118924,0.02689484190457727
2017-06-16,130.2502289,134.8699951,136.5,133.5500031,136.2799988,36431300,120.791400142,105.07049991289999,-0.001554683870310547,0.02684157128837453
2017-06-19,134.692688,139.4700012,140.3999939,137.3999939,137.8099976,24951600,121.420000148,105.2818999067,0.03410696424055848,0.02733406326380235
2017-06-20,133.6400146,138.3800049,140.6300049,137.9299927,140.0800018,20580500,122.007800288,105.48669994035,-0.007815274185284937,0.027457968360405427
2017-06-21,138.3818207,143.2899933,143.5,138.0200043,138.8200073,30911600,122.639600216,105.70689990685,0.035481920986693005,0.027727464201018816
2017-06-22,137.3967743,142.2700043,144.6799927,140.8800049,142.0500031,21897600,123.276200254,105.89934993435,-0.007118354719051978,0.027812112751875295
2017-06-23,138.1114197,143.0099945,143.3399963,141.6000061,142.1000061,11759000,123.923800198,106.10279990835001,0.00520130862187651,0.027799450977243362
2017-06-26,137.8410187,142.7299957,145.3600006,141.2700043,144.0299988,17828100,124.57420013000001,106.30359988834999,-0.0019578967258824242,0.027826630251753328
2017-06-27,136.6821136,141.5299988,144.3800049,141.1000061,143.8999939,17374800,125.16960006400001,106.5131498686,-0.008407461193526866,0.027945176602513205
2017-06-28,139.0192261,143.9499969,144.3699951,141.4799957,142.6499939,17759800,125.823999934,106.7288998376,0.01709883502097509,0.02786800271002995
2017-06-29,135.9867859,140.8099976,143.5599976,137.5200043,143.1600037,24130300,126.424999844,106.93154983160001,-0.02181312516582623,0.027691668228918255
2017-06-30,136.0737,140.8999939,142.3800049,139.9199982,141.0299988,12276700,126.98379974,107.1240497936,0.0006391328849790767,0.02770546629047921
2017-07-03,136.160614,140.9900055,142.4900055,139.4949951,141.75,6975700,127.54139983800002,107.30674983659999,0.0006388332427031962,0.027642845270302474
2017-07-05,139.9077148,144.8699951,145.0,140.3300018,141.1600037,16995800,128.141599728,107.5078998151,0.027519607409335345,0.027921573803425314
2017-07-06,137.3291779,142.1999969,143.6199951,141.8300018,143.0099945,11934200,128.675999598,107.7037498056,-0.018430305034227268,0.028024779572325246
2017-07-07,137.5512848,142.4299927,143.3789978,141.8309937,142.6499939,8046200,129.22519942800002,107.90909976609998,0.0016174107244302238,0.028008993505954427
2017-07-10,138.8840179,143.8099976,144.1600037,142.25,143.0,10351500,129.792799374,108.09814975409999,0.00968900491981839,0.028019462370569372
2017-07-11,140.815506,145.8099976,145.8699951,143.2599945,144.2899933,13519900,130.398999326,108.2803997391,0.013907238949846246,0.02805755270329986
2017-07-12,143.8962402,149.0,149.3000031,146.8500061,147.3800049,14955800,131.04539932,108.48684974359999,0.021877802979951566,0.02818087417371308
2017-07-13,144.3984375,149.5200043,150.0,148.0,149.5200043,11683400,131.67399948,108.70499976810001,0.0034899617449664078,0.027977778282329734
2017-07-14,146.629303,151.8300018,152.25,149.6900024,150.1199951,11469400,132.37919952200002,108.9228497666,0.015449421037770694,0.028003923837191132
2017-07-17,146.0498657,151.2299957,153.6999969,150.4199982,153.5299988,15342700,133.08659942399998,109.1352497451,-0.00395182831381613,0.0280579694665436
2017-07-18,148.4835358,153.75,154.6000061,150.4799957,151.0800018,15313000,133.840799406,109.37624972959999,0.016663389351667002,0.028109208676053137
2017-07-19,147.9040985,153.1499939,156.4100037,152.6399994,155.1399994,16896100,134.566599272,109.6130496946,-0.0039024786991870286,0.028078161711512263
2017-07-20,146.8997192,152.1100006,154.1199951,151.8399963,153.9600067,16739800,135.208799284,109.84669971109999,-0.006790684566915894,0.028193927108127865
2017-07-21,146.6872559,151.8899994,152.1499939,150.3099976,151.7899933,11452700,135.84699920399999,110.0788997236,-0.00144632962416813,0.01508598366133097
2017-07-24,147.0445709,152.2599945,153.2299957,151.6000061,152.7700043,10649100,136.48899902,110.3053997006,0.002435941151238241,0.014467189432318242
2017-07-25,147.2184143,152.4400024,152.75,150.8500061,152.3600006,8460300,137.130999142,110.5321997036,0.001182240289651304,0.014433066721509435
2017-07-26,150.4536591,155.7899933,156.0,152.3600006,152.5299988,14466300,137.81879897800002,110.7811496701,0.02197579931289728,0.014265353996326826
2017-07-27,148.8698273,154.1499939,160.3899994,151.3300018,157.8500061,26058500,138.42139892400002,111.0098496211,-0.010526988064258336,0.014511719259429364
2017-07-28,152.1630249,157.5599976,158.9600067,152.8200073,153.9600067,14449400,139.158198852,111.27149959210001,0.022121335289913446,0.014556591907327674
2017-07-31,149.6424408,154.9499969,159.3899994,153.5,158.8999939,17782400,139.831798858,111.5281495631,-0.016565122745343275,0.01504808699154654
2017-08-01,149.4299622,154.7299957,156.6100006,153.8000031,156.25,12035300,140.46199874799998,111.79104953409998,-0.0014198206156919024,0.01402062414326852
2017-08-02,146.7065735,151.9100037,155.75,149.1000061,155.4700012,19529300,141.005198822,112.0413495601,-0.018225244479858738,0.014434605334026122
2017-08-03,148.0682831,153.3200073,153.8000031,149.6000061,152.1000061,12435400,141.612998962,112.29374961509998,0.009281835071142108,0.01315048074963836
2017-08-04,148.0779266,153.3300018,154.3200073,152.1600037,154.3200073,10035600,142.223399046,112.5436996426,6.518718708670157e-05,0.013037211122192438
2017-08-07,153.3992004,158.8399963,158.9900055,154.3699951,154.8300018,15906400,142.927599026,112.81824962259999,0.03593552752439866,0.014387849351576498
2017-08-08,152.1050873,157.5,159.8399963,156.8000031,158.5599976,15447100,143.597799068,113.08649963010001,-0.008436139078404126,0.014522207578782245
2017-08-09,152.0954437,157.4900055,157.7100067,155.1999969,156.0500031,11022600,144.269399104,113.35424964559999,-6.345714285715953e-05,0.01436756576818114
2017-08-10,146.5713654,151.7700043,156.5,151.25,156.1999969,19298900,144.85559920799997,113.5905996671,-0.036319772685511675,0.01587647993562601
2017-08-11,146.5037537,151.6999969,152.5700073,147.5,150.5099945,22327400,145.41019912200002,113.82799964559999,-0.0004612729657806902,0.015243375184312472
2017-08-14,149.3140869,154.6100006,155.0800018,153.1000061,154.7700043,14601800,146.019799188,114.0871496546,0.019182622013619754,0.015534380087878762
2017-08-15,152.3465271,157.75,158.3200073,154.0,155.7400055,18635700,146.667399134,114.3639996681,0.020309161036249357,0.015834065159835636
2017-08-16,154.0365906,159.5,160.3500061,158.5350037,160.0,21318300,147.36499908,114.65184966660001,0.011093502377178988,0.015261809733835374
2017-08-17,158.3051758,163.9199982,168.0,163.5099945,166.1199951,56840300,148.13059905600002,114.9629996456,0.027711587460815146,0.01531873157067359
2017-08-18,161.762558,167.5,169.5,164.1000061,165.3600006,31492500,148.63379913,115.2947496381,0.0218399331339183,0.015613110109210928
2017-08-21,163.4526062,169.25,170.6000061,166.9799957,168.2899933,22352300,149.229999082,115.6484496274,0.010447761194029903,0.015620681072993598
2017-08-22,168.4841614,174.4600067,174.7700043,169.6399994,170.0200043,24481900,149.93759918,116.0319996609,0.030782905169867147,0.016223781500493587
2017-08-23,169.7782593,175.8000031,176.2299957,172.75,172.8999939,21939000,150.72159912,116.42314967795001,0.00768082281633875,0.01595322936665096
2017-08-24,169.005661,175.0,177.0,174.3000031,177.0,20795200,151.488199156,116.8013996856,-0.004550643264465304,0.016057991816579537
2017-08-25,165.8573303,171.7400055,174.9400024,171.1100006,174.8000031,24184700,152.22139923,117.16084972075,-0.018628540000000027,0.016520046113166077
2017-08-28,162.5351563,168.3000031,171.3399963,167.0599976,171.1499939,24615900,152.88999939,117.51899974540001,-0.020030291660844246,0.017047607468034666
2017-08-29,161.6756439,167.4100037,169.2299957,164.3500061,165.1499939,19587300,153.44879944000002,117.8843497822,-0.005288172213943287,0.016943296623537087
2017-08-30,165.3841095,171.25,172.3899994,169.1499939,169.1499939,17770000,154.106199342,118.2756497929,0.022937675259127932,0.01727278766119071
2017-08-31,165.8573303,171.7400055,172.8999939,170.25,172.5399933,16486800,154.675199586,118.6854998372,0.0028613459854014422,0.01715678601797216
2017-09-01,165.1812897,171.0399933,172.3860016,170.6499939,171.9900055,11166600,155.25059936600002,119.08569980370001,-0.00407599963655525,0.0171932866513168
2017-09-05,164.0996704,169.9199982,171.9299927,168.7380066,169.4700012,14943600,155.78879944,119.47099979164999,-0.006548147473530053,0.017301324967207404
2017-09-06,162.3806305,168.1399994,171.1100006,167.0,170.1699982,19988300,156.296999514,119.84134979019998,-0.010475510939594757,0.017492221439232333
2017-09-07,164.6404877,170.4799957,170.9700012,168.0,169.2599945,15141900,156.875999452,120.22679977175001,0.013916951994469962,0.017257748260824313
2017-09-08,163.2111664,169.0,171.2200012,168.9199982,169.9900055,12345300,157.376999514,120.60474975345001,-0.00868134524477815,0.01721052908698664
2017-09-11,168.0978546,174.0599976,174.1999969,171.5,171.5,18257900,158.041999514,121.00899974605,0.02994081420118344,0.01756237679069154
2017-09-12,169.3050385,175.3099976,175.6199951,173.3699951,174.8899994,15629700,158.730199588,121.42039974015,0.007181431789241799,0.017158550883677244
2017-09-13,172.8396759,178.9700012,179.1000061,175.5599976,175.75,22060700,159.48979950199998,121.85019973545,0.02087732388400876,0.0173852080943614
2017-09-14,171.0337219,177.1000061,179.9299927,176.0200043,177.5399933,22827700,160.134399722,122.26689975525,-0.010448651100528727,0.017082170169024403
2017-09-15,170.6474304,176.6999969,179.75,176.6999969,177.8999939,26567600,160.824399722,122.67544975045001,-0.002258662824518143,0.017118566993205995
2017-09-18,173.8150787,179.9799957,180.2899933,177.75,178.8899994,22919800,161.57539978199998,123.10524974575,0.018562528905171627,0.017271481454371164
2017-09-19,173.9019928,180.0700073,180.8699951,179.25,180.6900024,14751900,162.300599976,123.5562997792,0.0005001200252834348,0.016302769817118288
2017-09-20,171.854599,177.9499969,180.5,176.151001,180.0200043,15396700,162.943399962,123.99364974689999,-0.011773256589410863,0.01640387096223711
2017-09-21,171.313797,177.3899994,178.8609924,175.3000031,178.0500031,14578800,163.51119995,124.4256497546,-0.003146937396771632,0.016441171805957753
2017-09-22,172.0381012,178.1399994,178.4199982,175.6799927,176.1999969,12749700,164.08359985200002,124.86434974395,0.004227972278802561,0.014562741355337458
2017-09-25,163.7809753,169.5899963,177.0,167.5,176.4799957,34033700,164.438799742,125.256949727,-0.04799597579879633,0.01751544465422848
2017-09-26,161.2990112,167.0200043,171.8999939,166.7899933,170.0099945,23696200,164.75459991399998,125.6304997607,-0.015154148570495463,0.017602110371150854
2017-09-27,165.1330261,170.9900055,171.9499969,169.4499969,169.8399963,19444200,165.09940002399998,126.0190497943,0.023769615002937616,0.01773215782807647
2017-09-28,164.4087219,170.2400055,171.8800049,169.5670013,170.9100037,13957000,165.441200256,126.4078998157,-0.004386221275371582,0.017708990735486454
2017-09-29,166.7940979,172.7100067,173.5399933,170.7400055,171.1100006,13401800,165.853200378,126.8106498309,0.014508935151555935,0.01721350922056089
2017-10-02,167.663269,173.6100006,175.1300049,172.5700073,174.5700073,12563400,166.28760040200004,127.22274982170002,0.005211011899057594,0.016811876029586063
2017-10-03,172.4437103,178.5599976,178.7799988,173.6100006,176.0599976,16714600,166.81360046400002,127.67129981734999,0.02851216509931853,0.01746061308420432
2017-10-04,172.5885925,178.7100067,180.0,177.3000031,178.0599976,11420600,167.33900054999998,128.12149985999997,0.0008401047379942295,0.016588723873325145
2017-10-05,172.7624054,178.8899994,179.7299957,176.0299988,179.0,11895300,167.80100067200001,128.57129985545,0.0010071775124609328,0.016539834557957007
2017-10-06,173.0617981,179.1999969,179.8699951,177.6100006,177.8500061,8749300,168.302000732,129.01809985825,0.0017328945219954317,0.016510630161995877
2017-10-09,175.8527985,182.0899963,183.1320038,178.75,178.9700012,15011600,168.792600706,129.48229983975,0.0161272290736294,0.016309561797512768
2017-10-10,176.8475189,183.1199951,184.4600067,181.3600006,181.6499939,13201300,169.35600067,129.9638998,0.005656536992307171,0.01577415631331036
2017-10-11,178.363739,184.6900024,184.6999969,182.6009979,183.0,11974400,169.95520080400001,130.4533998074,0.00857365302539792,0.015727839349709064
2017-10-12,174.3462372,180.5299988,184.3899994,180.3480072,184.0399933,15441200,170.527600706,130.9183497968,-0.0225242489898847,0.015968760391210177
2017-10-13,172.3374939,178.4499969,181.3999939,177.9700012,180.9600067,18107700,171.030200498,131.37374976755,-0.011521641355043188,0.016153270426597775
2017-10-16,173.4094696,179.5599976,180.0500031,178.5099945,180.0,12855900,171.55480041399997,131.8348997464,0.006220233786958351,0.01614217400349154
2017-10-17,169.3147125,175.3200073,180.1199951,175.3000031,179.5800018,20132200,171.884400634,132.2724497951,-0.023613223193761135,0.016734432410590572
2017-10-18,173.4577484,179.6100006,180.0,176.2799988,177.0899963,21736500,172.326600646,132.72749980575,0.024469502175294533,0.017107238872225303
2017-10-19,171.8352966,177.9299927,179.6100006,175.4499969,177.0010071,13539000,172.73540039000002,133.16459975855,-0.00935364341845002,0.01709198283038099
2017-10-20,171.2462006,177.3200073,179.5200043,177.0800018,179.0200043,11953200,173.24640045,133.5793497813,-0.003428232591615399,0.017010064363774675
2017-10-23,167.199707,173.1300049,178.0099945,173.0500031,177.8000031,17610900,173.67500060999998,133.97554980885,-0.023629608772297805,0.01675791778119013
2017-10-24,167.7501831,173.6999969,175.9799957,173.2599945,174.0,11946000,174.056800536,134.37044978725,0.0032922773861714383,0.016715100266068022
2017-10-25,164.389389,170.2200012,175.4400024,169.3000031,174.6900024,18109400,174.30620056,134.73779979325,-0.020034517916562966,0.016607161036038393
2017-10-26,164.4859772,170.3200073,171.4499969,168.5800018,170.6199951,13527400,174.52260070600002,135.10469981755,0.0005875108641462123,0.016524937552763207
2017-10-27,170.1162567,176.1499939,177.0,171.1100006,173.1900024,19712600,174.76720062,135.5059497794,0.034229605155729814,0.017739987759180318
2017-10-30,175.3602753,181.5800018,181.8999939,177.5899963,178.4299927,20219700,175.04880065600003,135.9324998052,0.03082604648333165,0.01831333848291006
2017-10-31,178.5568848,184.8899994,185.1199951,181.8110046,183.5700073,21256700,175.36160064400002,136.37634978845,0.018228866434563562,0.018598580137169755
2017-11-01,179.706131,186.0800018,188.8800049,183.5800018,187.8800049,28594700,175.594000546,136.82674979745002,0.006436272399057641,0.018462338532132416
2017-11-02,178.4796295,184.8099976,191.2200012,183.3099976,190.9900055,41239900,175.774200436,137.2699497946,-0.006825044001047442,0.01850748840365825
2017-11-03,176.9344482,183.2100067,186.9299927,182.0599976,186.5099945,19697300,175.93840057,137.7056998403,-0.008657491049066435,0.018592115828583368
2017-11-06,181.405838,187.8399963,188.25,184.0,184.0700073,19873100,176.26040038600001,138.1528498035,0.02527148862333406,0.016628526590926406
2017-11-07,182.0529022,188.5099945,189.8600006,187.0,189.5800018,17781000,176.664600214,138.5882497745,0.00356685590501149,0.01624951983475511
2017-11-08,179.5322876,185.8999939,188.1499939,185.1000061,187.9799957,13944600,177.034400018,138.997449756,-0.013845422927960538,0.016135837923163178
2017-11-09,178.788681,185.1300049,185.1300049,181.0500031,184.2100067,19755600,177.312000116,139.4093497805,-0.004141952798633275,0.016132087308947666
2017-11-10,180.024826,186.4100037,187.1699982,185.3999939,187.0299988,15031000,177.60540007999995,139.83104980049998,0.006914053725064262,0.016003094252592737
2017-11-13,178.2188873,184.5399933,187.8800049,184.0,186.7700043,17139100,177.87540008,140.24864978399998,-0.010031706254399975,0.01616086437360485
2017-11-14,175.5630646,181.7899933,184.3800049,181.1499939,184.3000031,14475300,178.11279998199998,140.6510497625,-0.014901918824335447,0.015655920019013673
2017-11-15,175.2637024,181.4799957,181.8800049,176.7359924,179.3699951,16567000,178.37959990800002,141.0505997425,-0.0017052511767708944,0.015662118582069243
2017-11-16,179.0783844,185.4299927,186.2700043,183.1199951,183.3099976,18389500,178.67859984799998,141.4735497245,0.021765467784833348,0.016130847061107775
2017-11-17,178.788681,185.1300049,186.5,184.6699982,185.9199982,13422700,179.00119994599999,141.897249752,-0.001617795458177973,0.016139507533267653
2017-11-20,181.5603638,188.0,190.0,186.6109924,187.6000061,25992300,179.27999999399998,142.3327497445,0.015502592902486345,0.016119992185505035
2017-11-21,184.3610229,190.8999939,191.5599976,188.8000031,190.3500061,19639500,179.59179992,142.783099705,0.015425499468085135,0.016310862325944003
2017-11-22,183.337326,189.8399963,191.75,189.3699951,191.5399933,14417600,179.80919982199998,143.214449688,-0.005552632969466065,0.01630399186286417
2017-11-24,184.641098,191.1900024,191.6999969,188.6999969,189.3899994,9887300,180.090999748,143.65369971849998,0.007111283851199746,0.015713814855309444
2017-11-27,181.5893402,188.0299988,191.4499969,187.5500031,190.4900055,14952800,180.31759978600002,144.0820497095,-0.016528079713021726,0.01588834358666687
2017-11-28,180.2952423,186.6900024,189.1000061,186.5,188.8300018,13378100,180.45179991999998,144.499999729,-0.0071265032630526415,0.015948963034450824
2017-11-29,173.747467,179.9100037,185.4100037,173.6199951,185.25,40204100,180.44859984800001,144.891599766,-0.03631688153002022,0.016783379314653166
2017-11-30,171.0144196,177.0800018,179.8000031,176.3200073,179.5299988,25851100,180.431199946,145.26924975949998,-0.015730097503188545,0.016446148943106174
2017-12-01,168.6290283,174.6100006,179.8000031,173.8000031,175.2700043,26782300,180.37559997,145.638199764,-0.013948504488890179,0.016554007100399018
2017-12-04,163.7713165,169.5800018,177.5800018,168.2599945,177.1999969,35895100,180.20440001799997,145.98349979,-0.028807048752739206,0.0173389085810615
2017-12-05,163.1725464,168.9600067,172.9600067,164.25,165.2799988,31609900,180.19180022600003,146.31769981,-0.0036560625865023066,0.016829562401165416
2017-12-06,166.7168427,172.6300049,173.2299957,167.8650055,172.6300049,23897800,180.30400023799996,146.65984985,0.02172110590949683,0.017308897400980173
2017-12-07,168.4938049,174.4700012,175.8200073,172.2599945,175.2899933,15697900,180.373600152,147.0198998605,0.010658612337211437,0.016991810746963463
2017-12-08,171.5359039,177.6199951,178.9600067,176.3699951,177.5700073,23543400,180.521199944,147.3932498515,0.018054644800449493,0.017275439895916275
2017-12-11,173.1486969,179.2899933,180.6799927,178.1499939,179.8999939,15626200,180.652799676,147.7716998255,0.009402084484124495,0.016217952734838503
2017-12-12,168.6579895,174.6399994,178.1600037,173.7700043,174.6399994,22656500,180.67339965199997,148.130399815,-0.025935601950853537,0.01589185629493974
2017-12-13,170.4253082,176.4700012,177.6999969,174.3000031,175.1900024,18653400,180.631599724,148.4925498165,0.01047870938093931,0.015626313617346
2017-12-14,165.8669891,171.75,173.3899994,169.6100006,173.1100006,32830000,180.49239959000002,148.8353498045,-0.02674676244066354,0.0162134055839873
2017-12-15,167.6053314,173.5500031,173.5500031,170.0,172.8899994,41356700,180.385599664,149.186549832,0.01048036739446867,0.01636285702315442
2017-12-18,167.431488,173.3699951,174.6999969,172.3699951,174.6000061,17023300,180.268999628,149.54184981950002,-0.001037211159807705,0.016314430243041533
2017-12-19,165.4130859,171.2799988,173.0,170.5099945,171.9700012,23936200,180.052799678,149.885099827,-0.012055121180539419,0.015593206666262658
2017-12-20,166.7264862,172.6399994,172.8999939,170.8000031,171.7899933,17121400,179.84319976400002,150.232199818,0.007940218411538247,0.01567648661377574
2017-12-21,169.3147125,175.3200073,176.25,172.651001,172.8000031,14812400,179.65579986199998,150.592599865,0.01552367880742711,0.015879144063008988
2017-12-22,170.2514648,176.2899933,176.6600037,175.0399933,175.8399963,12524700,179.57099975200003,150.9570998345,0.005532660047978588,0.015928707216143825
2017-12-26,166.427124,172.3300018,175.1499939,171.7299957,174.5500031,12913800,179.44859985,151.292849842,-0.02246293976119862,0.01629205925248649
2017-12-27,167.0451813,172.9700012,173.8699951,171.7299957,172.2899933,10152300,179.31679992200003,151.636449848,0.0037138013887030308,0.016265778687798608
2017-12-28,166.3981476,172.3000031,173.5299988,171.6699982,173.0399933,9508100,179.256399838,151.97949985149998,-0.003873493064414757,0.016088428675532288
2017-12-29,166.5236816,172.4299927,173.6699982,171.1999969,172.2799988,9704600,179.11279968,152.3134998285,0.0007544375952481808,0.01609445461505011
2018-01-02,177.3593597,183.6499939,184.1000061,175.6999969,176.3990021,29916900,179.227199704,152.703699795,0.06506989314510347,0.01978016907277307
2018-01-03,177.6973724,184.0,185.6349945,181.3999939,185.1900024,20121900,179.360799558,153.087449795,0.0019058323529843602,0.019781517129730357
2018-01-04,179.3488159,185.7100067,187.746994,184.4299927,185.8999939,19473800,179.612399594,153.490549847,0.00929351467391304,0.019645557996543203
2018-01-05,184.1678772,190.6999969,190.75,186.3009949,187.1699982,18168300,179.95239959399998,153.91359985,0.026869797102861304,0.020066514071558336
2018-01-08,183.8105469,190.3300018,191.6600037,189.0700073,190.4600067,16230100,180.35459960600002,154.323999859,-0.0019401945779475849,0.020041889098660944
2018-01-09,184.2644653,190.8000031,192.4900055,188.0,191.1300049,19495100,180.76419952199998,154.73779987,0.0024694020677511475,0.02000520137529489
2018-01-10,183.2890472,189.7899933,190.3899994,186.5800018,188.1000061,17943800,181.03699951000002,155.1463498275,-0.0052935523248951455,0.019786704985345963
2018-01-11,182.284668,188.75,190.4299927,188.1000061,189.7299957,12400400,181.180399474,155.55109981200002,-0.005479705657379319,0.019767098038748886
2018-01-12,181.3575439,187.7899933,190.1999969,187.25,189.9100037,11789600,181.238399352,155.942499768,-0.00508612821192056,0.01854288187849741
2018-01-16,176.1521759,182.3999939,191.7400055,181.75,190.3999939,27428500,181.164799194,156.310249745,-0.02870227164548278,0.019103567902802085
2018-01-17,177.5332031,183.8300018,184.8000031,179.3200073,183.3000031,21346500,181.145199278,156.690249745,0.007839955854296754,0.01892262746859288
2018-01-18,178.0836639,184.3999939,185.8450012,182.6900024,184.2799988,14190700,181.16899902199998,157.071799733,0.003100647850834193,0.01801270869940043
2018-01-19,177.7456818,184.0500031,185.2389984,182.8000031,185.1499939,15349300,181.09319915800003,157.45444976550002,-0.0018979978935889097,0.01799332044142446
2018-01-22,177.7167053,184.0200043,185.0399933,181.6799927,184.9750061,16016300,181.00339935399998,157.83734977499998,-0.0001629926622912503,0.017648897672356317
2018-01-23,185.6937561,192.2799988,192.3999939,183.5399933,185.2799988,31305900,181.130999452,158.2585497645,0.04488639445162734,0.019243488661700746
2018-01-24,188.832428,195.5299988,198.8600006,192.3999939,194.7100067,34497300,181.33899933,158.691249769,0.016902434055975357,0.019214403719271047
2018-01-25,191.5365295,198.3300018,199.5899963,194.1000061,196.3399963,23421600,181.577399292,159.1243997935,0.014320068619567694,0.019288365189117918
2018-01-26,198.1905212,205.2200012,205.2299957,199.2100067,200.3300018,23768600,181.99099945,159.5982997875,0.03474007632465015,0.01927144118462761
2018-01-29,196.0562134,203.0099945,205.6900024,201.8200073,204.8300018,21908600,182.41539947399997,160.06019977350002,-0.010768963488340555,0.019474173066753756
2018-01-30,192.8209686,199.6600037,202.5399933,196.4900055,198.6799927,23377500,182.778999634,160.5074497965,-0.016501605294117705,0.01898444605920032
2018-01-31,197.2923737,204.2899933,206.1999969,202.8000031,202.8200073,26982500,183.15619964600003,160.9700997525,0.023189369499145185,0.01924627068135848
2018-02-01,185.6358185,192.2200012,199.4900055,191.1399994,192.75,52628900,183.297999572,161.3750497415,-0.05908263985439166,0.022569959028374796
2018-02-02,180.8939972,187.3099976,195.6799927,186.8000031,194.7899933,32233900,183.284199524,161.757799719,-0.025543666472519044,0.02302424679209987
2018-02-05,174.3462372,180.5299988,190.4700012,179.8999939,183.6999969,31084000,183.076799622,162.0956497175,-0.03619667335898791,0.024098755716374005
2018-02-06,178.827301,185.1699982,185.5899963,174.1699982,174.7200012,35804500,182.98339966,162.45594970550002,0.025702096221362325,0.02436919055956235
2018-02-07,174.124115,180.3000031,186.8300018,180.3000031,183.5,19672100,182.76559967400001,162.783149718,-0.026300130406330613,0.024902225478087223
2018-02-08,167.7501831,173.6999969,183.1000061,171.3899994,182.2700043,32051300,182.47899963599997,163.0742496855,-0.03660569099568689,0.025489616845018534
2018-02-09,170.618454,176.6699982,177.6159973,168.8800049,175.1199951,28049500,182.278599552,163.3827496705,0.017098453385176793,0.0256629566574105
2018-02-12,171.3620911,177.4400024,180.7899933,175.0859985,180.4400024,18280300,182.229199526,163.69279968100003,0.004358432149460301,0.025652797443885236
2018-02-13,173.1100769,179.25,182.1499939,177.0,177.4199982,15507000,182.27259949000003,164.011549681,0.010200617535609302,0.025703818423986315
2018-02-14,180.3628387,186.7599945,186.9299927,178.8999939,179.2200012,21047400,182.51559936799995,164.361949652,0.04189676150627619,0.02402441175294232
2018-02-15,181.0292053,187.4499969,189.5599976,184.4309998,189.25,14361100,182.87299927,164.708749655,0.003694594240309934,0.024029366450265186
2018-02-16,177.3883209,183.6799927,188.2700043,183.5399933,186.75,16008400,183.16739898999995,165.04429961999998,-0.020112052613216025,0.024273681114772155
2018-02-20,180.7781067,187.1900024,188.8300018,183.0,183.6699982,14854900,183.45859894,165.400949629,0.019109374126189183,0.024016565132637717
2018-02-21,182.3522797,188.8200073,193.1699982,188.4600067,189.3699951,22071600,183.745599062,165.764849661,0.008707756178756298,0.024070703446748175
2018-02-22,182.284668,188.75,190.7400055,187.7700043,190.1999969,12282800,183.96819916,166.124299658,-0.0003707620871381545,0.024066306490299134
2018-02-23,186.6691589,193.2899933,193.4049988,189.9499969,190.1799927,16937300,184.24819916,166.49074962449998,0.024052944635761575,0.02444053602491193
2018-02-26,187.5383453,194.1900024,195.1499939,190.6499939,194.4600067,19463100,184.63919922000002,166.8617996195,0.004656263289342322,0.02441935788567416
2018-02-27,181.8114624,188.2599945,193.5670013,187.2100067,192.5899963,23218500,184.874999086,167.2022995735,-0.030537143141824208,0.025079799156420616
2018-02-28,179.7640839,186.1399994,188.2400055,185.0,187.25,19367600,185.162799074,167.531299589,-0.011260996292018932,0.024579336424829793
2018-03-01,175.7562256,181.9900055,187.4799957,180.0500031,186.1799927,17286300,185.331599122,167.834249609,-0.02229501403984635,0.02490256434400154
2018-03-02,173.6026154,179.7599945,180.2299957,175.4499969,178.0099945,18909100,185.45939911000002,168.11294959850002,-0.012253480590174393,0.02499353361254257
2018-03-05,175.3795929,181.6000061,181.9499969,177.0700073,179.4100037,15656700,185.66579925599999,168.417349623,0.010235934892621534,0.02506896330518754
2018-03-06,180.9519501,187.3699951,188.0099945,184.8200073,185.1900024,17856100,185.96039917,168.74784961549997,0.031773066113349735,0.02573717731443441
2018-03-07,182.5744019,189.0500031,189.0700073,184.3200073,184.3699951,13728900,186.234999086,169.076999625,0.00896625950757679,0.024423410163398728
2018-03-08,180.7684479,187.1799927,190.2299957,186.5700073,189.0500031,14331400,186.45279907399998,169.3891495885,-0.009891617928251661,0.024263010179715824
2018-03-09,184.0230255,190.5500031,190.6999969,188.0099945,189.6399994,14208400,186.8171991,169.72724960250002,0.018004116526498803,0.024353253899434026
2018-03-12,186.1380005,192.7400055,194.3999939,190.8999939,192.3000031,17826200,187.21259918599998,170.076899642,0.011493058852644955,0.023531336183090105
2018-03-13,181.9563293,188.4100037,194.25,187.3899994,193.8800049,14826700,187.534799198,170.400799674,-0.022465506259415347,0.023780314173741143
2018-03-14,185.9641724,192.5599976,193.6300049,190.2200012,190.2899933,20032300,187.937399296,170.7436496725,0.02202639890930591,0.02402097712768816
2018-03-15,192.2415314,199.0599976,201.5,196.5200043,198.4400024,33504600,188.24559937,171.11939964200002,0.03375571292591251,0.02446020010172475
2018-03-16,193.4197388,200.2799988,200.3800049,197.2599945,198.3999939,26948700,188.571199346,171.50849964050002,0.006128811487537078,0.02183835393513344
2018-03-19,187.866684,194.5299988,198.4299927,192.8009949,198.0,19681400,188.74759918799998,171.86129962849998,-0.028709806443238284,0.021981241891078748
2018-03-20,192.1352844,198.9499969,199.2100067,194.5399933,194.9499969,11952000,188.91259918800003,172.2353996265,0.022721421514757312,0.0211123561846114
2018-03-21,188.610321,195.3000031,198.8800049,194.5700073,198.8000031,12047300,189.01199921399999,172.58504962849997,-0.018346287292653862,0.021043702315870903
2018-03-22,178.3251038,184.6499939,192.3899994,184.6000061,190.75,25355700,188.88899903,172.88519958450001,-0.054531536256795854,0.022901686115232352
2018-03-23,174.9932861,181.1999969,187.1399994,180.401001,186.8500061,18714400,188.71719910199997,173.16299957200002,-0.018683981120889648,0.022105469888607072
2018-03-26,183.9747314,190.5,190.6199951,184.3200073,187.8899994,16758700,188.75219910199996,173.40379959049997,0.05132452129749465,0.023752267778326456
2018-03-27,175.6596527,181.8899994,192.25,180.6600037,192.2400055,16627900,188.634199224,173.6160495755,-0.04519685354330716,0.025311292868713607
2018-03-28,172.7817383,178.9100037,183.4400024,177.5700073,180.7299957,20081100,188.56439942,173.81519958500002,-0.01638350491962226,0.02544799681696997
2018-03-29,177.2531281,183.5399933,185.1300049,178.6199951,180.8800049,16378900,188.55859925000001,174.04989952099996,0.025878874877022895,0.024701150891414725
2018-04-02,171.5262604,177.6100006,183.5099945,175.75,182.8099976,16028700,188.422799384,174.254599533,-0.03230899485926908,0.02536685771370408
2018-04-03,168.6869659,174.6699982,179.5800018,173.0,179.2599945,19975100,188.23519928599998,174.452549515,-0.016553135465728896,0.025284926193254845
2018-04-04,166.1760254,172.0700073,172.4100037,166.1300049,166.8800049,24573600,187.99619934600003,174.638549576,-0.014885160169424094,0.025096751934154934
2018-04-05,166.658905,172.5700073,176.5599976,171.1699982,175.4799957,18250900,187.601999516,174.8040496065,0.00290579403026503,0.02502968469101478
2018-04-06,161.7818756,167.5200043,172.2700043,166.3999939,169.8399963,18210000,187.041799626,174.9497496035,-0.029263503426878335,0.0254889541716677
2018-04-09,164.0513763,169.8699951,172.7200012,168.6100006,169.75,14717300,186.472599492,175.08264961249998,0.014028120461312632,0.025176983096412014
2018-04-10,171.0337219,177.1000061,177.8800049,173.8500061,175.1000061,20436200,185.91019958999996,175.2567996215,0.042562025128356495,0.02654007490038455
2018-04-11,169.3533325,175.3600006,178.1600037,174.7400055,176.4799957,10170500,185.357199712,175.41854965199997,-0.00982498836853507,0.026056638293284758
2018-04-12,169.8941498,175.9199982,177.8999939,174.5599976,175.9299927,11133900,184.882399602,175.5844996645,0.003193416959876627,0.02601376082630496
2018-04-13,166.147049,172.0399933,176.8000031,171.0700073,176.7200012,13526200,184.23739960199998,175.73704963699998,-0.022055507842768995,0.026007211652385377
2018-04-16,168.7159424,174.6999969,174.7899933,171.0099945,172.0099945,9876200,183.886999516,175.890799637,0.01546154210411732,0.026105776354221958
2018-04-17,172.5789185,178.6999969,179.3399963,174.8300018,174.8300018,16285800,183.71479950200003,176.08024963350002,0.022896394224263483,0.026388148231378663
2018-04-18,176.4225922,182.6799927,182.8800049,177.6399994,178.8999939,16972700,183.75779938,176.28914962749997,0.022271941069071266,0.0260459877832776
2018-04-19,175.1767731,181.3899994,183.6300049,179.5200043,183.2599945,11989000,183.68219940400002,176.491149597,-0.00706149196162098,0.02600913371291809
2018-04-20,172.974884,179.1100006,181.3899994,177.5299988,179.3600006,14473100,183.65839935399998,176.6623496245,-0.012569594837321452,0.026045094930155777
2018-04-23,169.5561371,175.5700073,179.3200073,174.7100067,178.6300049,12033900,183.69579956200002,176.8291996765,-0.019764353124568146,0.02600060599219362
2018-04-24,167.1610718,173.0899963,178.0,170.6799927,177.6300049,14567500,183.624199524,176.9824996945,-0.014125482126126188,0.025949275160627797
2018-04-25,164.389389,170.2200012,171.3000031,166.6399994,170.5200043,17132900,183.47979949999998,177.1145497125,-0.016580941483329337,0.02582095842105966
2018-04-26,167.9433289,173.8999939,174.3600006,172.0500031,173.25,13398000,183.37279937799997,177.254999694,0.02161903815096422,0.025807416660092116
2018-04-27,171.0916748,177.1600037,178.1999969,174.0099945,177.1100006,15062500,183.18079956200003,177.3957997125,0.018746462992256685,0.02520740042547061
2018-04-30,172.4243927,178.5399933,180.0399933,177.0500031,178.0899963,14654000,183.00259949,177.54089965749998,0.007789509884730261,0.025231246629790875
2018-05-01,173.3515167,179.5,180.3200073,177.4400024,177.5800018,10787700,182.918999636,177.67924964849996,0.005376984070941004,0.02482171479496002
2018-05-02,175.234726,181.4499969,184.2640076,180.1100006,180.8000031,20681800,182.80419952600002,177.8303496545,0.010863492479108672,0.02450057152652187
2018-05-03,176.20047,182.4499969,183.5899963,175.7700043,183.5,26257600,182.67679931799998,177.973849639,0.0055111601933568455,0.02436449709943463
2018-05-04,182.4198761,188.8899994,190.6000061,178.6199951,180.3999939,57788300,182.67959930599997,178.1525496665,0.035297356039582395,0.023173970830555453
2018-05-07,188.6586151,195.3500061,196.6000061,190.3000031,190.4100037,29862200,182.72079956200002,178.368749694,0.03419983440372665,0.02363066930898748
2018-05-08,189.5857086,196.3099976,197.3399963,193.0099945,194.1999969,21856300,182.763199466,178.590849685,0.004914212797662243,0.02179045106045526
2018-05-09,188.7358551,195.4299927,197.3800049,194.5,195.8399963,13780600,182.90659943,178.80669967600002,-0.0044827309396289206,0.019992844507030087
2018-05-10,189.2477112,195.9600067,199.7700043,195.1600037,196.3000031,21295000,183.102999576,179.0242996975,0.002712040217970113,0.019669355203324575
2018-05-11,187.7025146,194.3600006,196.4600067,193.3800049,196.3999939,12741100,183.35039947799999,179.217149734,-0.008164962468334092,0.019295817110197247
2018-05-14,191.835907,198.6399994,200.0,195.8699951,195.8999939,17627100,183.727999576,179.4395997615,0.02202098573156719,0.018488635146627942
2018-05-15,189.8754425,196.6100006,196.7799988,193.8600006,195.2299957,12694900,184.02819946600002,179.6348497765,-0.010219486539124412,0.018282019618390682
2018-05-16,191.3240509,198.1100006,199.75,196.3000031,196.75,12887500,184.242999576,179.85064979499998,0.007629316898542404,0.017934074220648903
2018-05-17,189.3056488,196.0200043,198.4299927,195.5700073,196.0,13470500,184.3823996,180.057099838,-0.010549675905659472,0.01815164227120486
2018-05-18,188.3205872,195.0,197.7799988,194.7200012,196.4299927,14242300,184.538799746,180.27254981949997,-0.005203572480484864,0.017114211701916206
2018-05-21,190.870163,197.6399994,199.7899933,196.3999939,197.8000031,13830500,184.68059967200003,180.49414978000001,0.013538458461538339,0.017105749425935603
2018-05-22,189.1607971,195.8699951,198.6269989,195.6999969,198.3000031,9700100,184.743199464,180.7068497465,-0.008955698772381115,0.015758513497509487
2018-05-23,190.0589294,196.8000031,196.8999939,192.8009949,193.8800049,12807400,184.910999452,180.8966497805,0.004748088136343531,0.015557475842621701
2018-05-24,190.6094055,197.3699951,199.7200012,195.6970062,198.1199951,18527700,185.007199402,181.09599975600003,0.0028963007673856733,0.015558080872349124
2018-05-25,192.3767242,199.1999969,201.5,197.2100067,197.5700073,21270000,185.00999938799998,181.30454971300003,0.0092719351747097,0.014783895303245774
2018-05-29,191.2178345,198.0,202.2799988,197.0,197.9400024,18768700,184.96439941200003,181.5356996915,-0.00602408091704143,0.014780190284474446
2018-05-30,191.1985016,197.9799957,200.5399933,197.5,199.6999969,13930600,185.03339935,181.7670996855,-0.00010103181818188478,0.014372470667893423
2018-05-31,191.227478,198.0099945,199.4799957,196.8500061,198.0,17982500,185.014599302,181.984099655,0.00015152439969479126,0.013938134622228005
2018-06-01,197.3406677,204.3399963,204.9900055,199.4499969,199.5,23131900,185.195399166,182.21704963649998,0.031968092398487524,0.014783461883781818
2018-06-04,201.7927551,208.9499969,209.75,204.7299957,205.1199951,19357000,185.681399226,182.46429962099998,0.022560441829664546,0.014810163037689991
2018-06-05,201.232605,208.3699951,211.6999969,207.1300049,209.9499969,17787700,186.22479919,182.6865496055,-0.0027757923359892356,0.014129694641236845
2018-06-06,201.1650238,208.3000031,210.4600067,207.2890015,209.8600006,13800500,186.580799252,182.890549621,-0.00033590248906245623,0.013675431148070809
2018-06-07,196.6453247,203.6199951,209.0,200.8800049,207.4600067,26747800,187.01539916599998,183.0623995965,-0.022467632886943423,0.014051827865229684
2018-06-08,198.0456696,205.0700073,206.2299957,200.4299927,201.1100006,17525200,187.538599238,183.21544959949998,0.007121168033069836,0.013745103621393633
2018-06-11,198.654068,205.6999969,207.6000061,205.0099945,206.5,12061400,187.98179931,183.3649495685,0.0030720708907880923,0.01352433078105454
2018-06-12,201.9183044,209.0800018,209.8000031,206.8999939,206.9499969,15910900,188.61119933400002,183.53534957750003,0.016431720714333187,0.013675261272243486
2018-06-13,199.542572,206.6199951,209.6499939,206.6000061,209.4400024,13844200,189.250199272,183.7097495255,-0.011765863204617477,0.01402842335972927
2018-06-14,203.6373291,210.8600006,211.1199951,207.5099945,207.7200012,18838300,190.02599913799997,183.922549513,0.020520789858444743,0.014280998595660052
2018-06-15,200.8752899,208.0,210.0800018,206.0099945,207.4900055,28665600,190.734598992,184.1254994945,-0.013563504656463499,0.01468185606992376
2018-06-18,201.4257813,208.5700073,208.6000061,203.8800049,205.1600037,14645200,191.555599052,184.31209953099997,0.0027404197115383777,0.013479526373539991
2018-06-19,197.4275665,204.4299927,204.5099945,199.5,203.5299988,24484200,192.246799004,184.47554946699998,-0.01984952032937848,0.012816151512532549
2018-06-20,199.1659241,206.2299957,207.2299957,205.0200043,205.0500031,15559600,192.82939879600002,184.65149947900002,0.008804984905720126,0.012870473609891695
2018-06-21,195.2836304,202.2100067,206.0,201.0399933,205.8399963,13963800,193.36639891800002,184.81294952149997,-0.01949274636967846,0.013400912635476468
2018-06-22,195.0904694,202.0099945,203.8000031,200.25,203.3800049,9585000,193.888198844,184.982299497,-0.0009891310685565813,0.013403777270005893
2018-06-25,184.6990509,191.25,198.1000061,187.8600006,197.8500061,32750900,194.272398978,185.08614951850004,-0.0532646640906671,0.016621659165056726
2018-06-26,184.8632202,191.4199982,193.6600037,188.4199982,193.3399963,20740400,194.60679900399998,185.19824950950002,0.0008888794771242381,0.01607747041847717
2018-06-27,178.6824341,185.0200043,193.6000061,184.8899994,193.4600067,23887000,194.73319915199997,185.253049543,-0.033434301327874505,0.01705984696782925
2018-06-28,181.9273529,188.3800049,188.9600067,182.0399933,183.1999969,19553800,194.847199396,185.3183995795,0.018160201718252722,0.017367845053953435
2018-06-29,179.1749725,185.5299988,188.9700012,184.2599945,185.3600006,26023400,194.929999384,185.35119956749998,-0.01512902657324433,0.0174696779332394
2018-07-02,179.9765472,186.3600006,186.3600006,181.0599976,181.6600037,17325900,195.074999384,185.39749954,0.0044736797572815235,0.01749175201375883
2018-07-03,178.4216919,184.75,188.5,184.3600006,187.8800049,11673700,195.258599238,185.4377495555,-0.008639196151623119,0.017308068425009513
2018-07-05,180.4787445,186.8800049,187.4400024,182.8999939,187.1699982,18412100,195.53439941,185.4722496015,0.011529119891745543,0.017431879368929513
2018-07-06,185.6841125,192.2700043,192.4900055,185.5399933,186.0099945,17035600,195.97539947200002,185.53324958650003,0.028842033704377545,0.018261005174410996
2018-07-09,186.1476593,192.75,194.6900024,190.8699951,194.4499969,15466400,196.35239959400002,185.60724960200002,0.002496466891689808,0.018258501101999763
2018-07-10,185.9545135,192.5500031,195.1300049,191.4799957,192.8899994,12611400,196.660199582,185.6830496205,-0.0010375974059663173,0.018162539561181752
2018-07-11,181.0002289,187.4199982,190.0500031,187.4199982,188.6000061,15947000,196.83779968000002,185.72944961449997,-0.026642455556522338,0.01874125688067065
2018-07-12,183.6560364,190.1699982,192.5800018,189.7899933,190.7700043,17440400,197.051199644,185.832349624,0.01467292725648961,0.018976203718017583
2018-07-13,183.5304871,190.0399933,192.1199951,189.3000031,191.6100006,12550500,197.22299957200002,185.94744956899999,-0.0006836246580982364,0.018974818157193166
2018-07-16,183.8298798,190.3500061,191.3699951,189.1499939,189.5700073,12205600,197.38099975600002,186.044249572,0.0016313029411163527,0.017926010190075774
2018-07-17,186.0607452,192.6600037,192.9499969,187.8999939,188.6499939,13270700,197.45639984200002,186.156349563,0.012135526797863339,0.01752597276323222
2018-07-18,184.2547913,190.7899933,193.2299957,189.9100037,192.4499969,10796600,197.365199586,186.246749496,-0.009706272002942051,0.01757463804039876
2018-07-19,180.9229736,187.3399963,189.6799927,186.8699951,188.6799927,13373100,197.18579955999996,186.3153994745,-0.018082693648273196,0.017786836353414076
2018-07-20,180.8360596,187.25,189.5,186.6100006,189.4900055,12807500,197.02219970599998,186.3588494865,-0.0004803902091248258,0.017422217858475742
2018-07-23,180.6332397,187.0399933,187.8099976,184.8000031,187.1799927,10996200,196.843799438,186.40049941950002,-0.0011215311081442803,0.017327688999135855
2018-07-24,182.526123,189.0,193.0700073,188.3500061,190.1900024,18414800,196.736599426,186.4510494225,0.010479078112755724,0.017468157128330705
2018-07-25,191.1985016,197.9799957,198.3500061,190.1399994,190.6100006,20735400,196.72339935199997,186.54494941649997,0.04751320476190468,0.019449478532052977
2018-07-26,187.5286713,194.1799927,196.1199951,192.6199951,193.2100067,13885500,196.674799194,186.60539939850003,-0.019193873535375494,0.019629369701988784
2018-07-27,182.9317322,189.4199982,196.2700043,186.9299927,196.1000061,19907100,196.500999146,186.636899414,-0.024513310737187988,0.01957906669924014
2018-07-30,178.4892883,184.8200073,190.5899963,182.0599976,190.2200012,19906300,196.276999206,186.6375494385,-0.024284610620379676,0.019867043643461743
2018-07-31,180.8167267,187.2299957,188.947998,183.9900055,186.3999939,17016600,196.12159911999998,186.671049423,0.013039651037823452,0.02007081652588821
2018-08-01,178.9238739,185.2700043,189.0599976,183.9600067,186.0,14370700,195.874199218,186.70514946,-0.010468362148234434,0.019877779763256304
2018-08-02,176.3453369,182.6000061,182.8999939,179.7799988,181.5399933,20976500,195.60879943799998,186.7203495025,-0.01441138952896337,0.01985090014546326
2018-08-03,174.6456146,180.8399963,184.5,180.0800018,184.1499939,18185100,195.289599302,186.7479494475,-0.009638607564099178,0.019663904021946503
2018-08-06,172.5016632,178.6199951,180.8600006,177.4900055,180.6999969,35419000,194.91459930200003,186.74299942000002,-0.012276052009629335,0.019721532361286834
2018-08-07,173.7571259,179.9199982,183.0,179.7400055,180.2899933,20620300,194.528999328,186.7529494475,0.007278037933391435,0.01746495307514222
2018-08-08,171.4393463,177.5200043,180.1799927,176.5500031,180.0,21152400,194.119399414,186.7539494325,-0.0133392281236695,0.017579788071270953
2018-08-09,171.1206512,177.1900024,180.6300049,176.7599945,179.3099976,35220900,193.70359954799997,186.77424942,-0.0018589561289235057,0.016571569763834202
2018-08-10,173.8440552,180.0099945,180.4499969,174.75,175.5700073,22049200,193.343599548,186.805799408,0.015915074562920184,0.016485462583563648
2018-08-13,171.5938568,177.6799927,180.6499939,177.0,179.6499939,14674000,192.81039947600001,186.8430993655,-0.01294373574351726,0.01642735693029419
2018-08-14,166.6202698,172.5299988,176.1999969,170.7700043,175.1399994,38508600,192.081999514,186.85414932300003,-0.028984658439824562,0.017141368424121825
2018-08-15,164.0127563,169.8300018,169.8500061,165.3899994,167.1100006,41278600,191.311199648,186.82254936250004,-0.01564943498973692,0.017276243296739543
2018-08-16,166.0987549,171.9900055,175.6999969,171.5700073,172.3300018,34263300,190.584999696,186.774599381,0.012718622605584873,0.01731125943825118
2018-08-17,166.8617096,172.7799988,174.1999969,168.3800049,172.5200043,24695400,189.96819977000004,186.71404937800003,0.004593251204936921,0.016329886946691973
2018-08-20,170.2514648,176.2899933,178.8600006,174.3600006,175.2200012,25900700,189.39259948999998,186.66509933549997,0.020314819564635878,0.01686798068255548
2018-08-21,171.8256378,177.9199982,179.6699982,176.9700012,177.6300049,20337400,188.836999516,186.6306493385,0.009246156684719953,0.017009648335563204
2018-08-22,171.7580414,177.8500061,179.7400055,175.5,178.1499939,27138500,188.212399602,186.60384933549997,-0.00039339085380007965,0.01638825923977777
2018-08-23,166.3305359,172.2299957,186.5,171.9100037,184.9700012,78843400,187.524599614,186.5257993325,-0.031599720029472755,0.016969506229827125
2018-08-24,168.2620239,174.2299957,176.3699951,172.4499969,175.0,30442800,186.791999516,186.45439933849997,0.011612379085718105,0.01717855774380956
2018-08-27,174.4621124,180.6499939,180.8800049,176.2200012,177.1000061,23533800,186.24499939400002,186.42814933850002,0.03684783538108083,0.01863012265476572
2018-08-28,172.0863953,178.1900024,182.3800049,177.5,182.1499939,15319000,185.637399296,186.393449326,-0.013617445796105243,0.018569805835184968
2018-08-29,172.3857727,178.5,179.6600037,176.8300018,179.3500061,11892600,185.118799442,186.3538993075,0.0017397025412464462,0.018532775059801887
2018-08-30,168.6193542,174.6000061,178.1000061,174.121994,177.3300018,17086200,184.48619964999997,186.3041993715,-0.021848705322128792,0.018657440540750622
2018-08-31,169.0153046,175.0099945,176.6809998,172.7599945,173.1100006,13730800,183.942199406,186.27029937749998,0.002348157993563804,0.018673452812886227
2018-09-04,164.6018677,170.4400024,173.9499969,169.0,173.5,23450500,183.310799564,186.21509941099998,-0.02611274923501583,0.019179650992735112
2018-09-05,158.6045685,164.2299957,168.2799988,162.0299988,167.4799957,35694700,182.770399478,186.109099426,-0.036435147926282885,0.01994702109102093
2018-09-06,154.3939056,159.8699951,166.4799957,158.6699982,164.1600037,33052000,182.139399416,185.98279937700002,-0.02654813806342915,0.017752597559541807
2018-09-07,156.8082733,162.3699951,164.6100006,159.5099945,159.9499969,19452400,181.686399232,185.85464935250002,0.015637706115123384,0.018060486130522645
2018-09-10,151.0041351,156.3600006,160.7200012,155.0,158.5899963,39092700,181.04599914599999,185.68194938599999,-0.03701419400978967,0.018642266529697915
2018-09-11,152.0664673,157.4600067,158.4499969,152.8500061,153.1799927,25884100,180.484599304,185.520049438,0.007035086312221495,0.01847102468763221
2018-09-12,155.9294586,161.4600067,162.8200073,156.1809998,158.1999969,32490500,179.986599426,185.3713994595,0.02540327594181413,0.019020847131100596
2018-09-13,159.8600311,165.5299988,167.2200012,164.0099945,165.4100037,25696500,179.602199402,185.2588994595,0.025207431754677323,0.019752074891770693
2018-09-14,159.0971069,164.7400055,168.0,163.3809967,167.8800049,23417700,179.159399414,185.14914947499997,-0.004772508341249315,0.019647578866136564
2018-09-17,153.4474792,158.8899994,161.6499939,158.2890015,161.5,20423200,178.491799316,185.0440494535,-0.035510537238630846,0.020488044189122184
2018-09-18,151.2841949,156.6499939,159.3999939,155.5200043,156.8800049,27240600,177.76979919399997,184.941899414,-0.01409783818024224,0.020515793865324993
2018-09-19,157.0593719,162.6300049,163.1300049,158.8200073,158.8200073,23028300,177.17139923,184.88199943549998,0.038174345565678225,0.021842417033240014
2018-09-20,160.1980591,165.8800049,167.6999969,164.7160034,166.8899994,22818100,176.74059936399996,184.86349945100002,0.01998401218765511,0.02215052827183589
2018-09-21,158.99086,164.6300049,169.8399963,164.5,169.4600067,22081900,176.229799498,184.84184944199998,-0.007535567657799169,0.02217333679896327
2018-09-24,157.5712128,163.1600037,163.3990021,160.1000061,162.8099976,13123400,175.692199706,184.794499436,-0.008929120793581324,0.02193574173404143
2018-09-25,158.6238861,164.25,165.4400024,162.8300018,164.0500031,9588700,175.170199584,184.74339943000004,0.006680536131907333,0.02192275037301409
2018-09-26,159.7344818,165.3999939,167.3899994,164.8699951,165.5200043,13592500,174.624999388,184.682299424,0.007001484931506763,0.02139520902292224
2018-09-27,160.6229858,166.3200073,167.0500031,164.9199982,166.3899994,12689200,174.135599668,184.617449494,0.0055623544977652095,0.021250687747022014
2018-09-28,159.1164093,164.7599945,165.6600037,163.3000031,164.8999939,10486500,173.68399963200002,184.5680494695,-0.00937958592790411,0.021160321631268707
2018-10-01,156.4509583,162.0,165.9499969,161.5599976,165.9199982,10615200,173.178999632,184.49569946350002,-0.01675160592458025,0.02131661417939453
2018-10-02,154.7415771,160.2299957,161.0279999,158.2700043,159.7899933,14730500,172.64279968,184.438099442,-0.010925952469135858,0.020952669034537498
2018-10-03,156.8082733,162.3699951,164.5399933,161.9299927,163.1499939,13118800,172.11019958199998,184.38219940199997,0.013355797649815537,0.021048482952672407
2018-10-04,150.7820129,156.1300049,160.0800018,153.8699951,160.0599976,32176100,171.273199766,184.29599945100003,-0.038430685399460374,0.02201990452870125
2018-10-05,149.3334045,154.6300049,157.1199951,152.25,156.1399994,20271000,170.48220000999999,184.2127494815,-0.009607378165143454,0.021430936388074123
2018-10-08,145.9629364,151.1399994,152.6360016,148.3399963,150.1999969,25060400,169.716600034,184.10524948149998,-0.022570040673910552,0.02151573767592776
2018-10-09,141.9068146,146.9400024,150.5899963,146.4700012,147.9700012,31070200,168.958999936,183.963349457,-0.027788785342551692,0.020441566231049046
2018-10-10,133.5530853,138.2899933,144.0,137.9199982,142.5,55828800,167.980199888,183.773349457,-0.05886762596105688,0.022535038934466154
2018-10-11,137.0394287,141.8999939,142.9100037,135.1399994,135.5299988,43210300,167.11279968,183.62119941749998,0.026104568478563905,0.02332942388648981
2018-10-12,142.244812,147.2899933,149.0,144.5200043,148.6199951,30764400,166.406599424,183.49279937800003,0.037984493528579355,0.024572056491939446
2018-10-15,139.2220459,144.1600037,145.6900024,142.3000031,144.7700043,18567100,165.672999572,183.35209938099996,-0.021250524423779615,0.024694216459021517
2018-10-16,144.475708,149.6000061,149.7599945,145.2599945,145.7100067,18365900,165.092599792,183.237949448,0.03773586473624646,0.02564711193539627
2018-10-17,143.0657043,148.1399994,150.6799927,146.3699951,150.6799927,16872400,164.45699981599998,183.06039947550002,-0.009759402676922768,0.024937054045575616
2018-10-18,137.1553345,142.0200043,146.2799988,140.8000031,145.8500061,20618900,163.746999816,182.85049949700002,-0.041312239265474004,0.02555324296386436
2018-10-19,138.0341644,142.9299927,146.7700043,142.6100006,145.3399963,14855100,163.061799622,182.63659942699996,0.0064074663600048876,0.025368258021264477
2018-10-22,143.7030945,148.8000031,150.1999969,146.1000061,148.9900055,22589300,162.437599794,182.42709945800001,0.041069129642514746,0.025857606604177536
2018-10-23,141.6267395,146.6499939,147.5099945,142.6199951,143.2200012,19950500,161.816999818,182.2086994185,-0.01444898625811919,0.02591549474304961
2018-10-24,134.8278809,139.6100006,146.6900024,139.3399963,145.1799927,18512300,161.15859985400002,181.952749406,-0.04800541147516535,0.026688819843446843
2018-10-25,139.6469574,144.6000061,144.9100037,141.0099945,142.5,13655100,160.65399994,181.72679947,0.03574246456954744,0.02715821942340765
2018-10-26,137.9762115,142.8699951,145.8289948,138.5500031,139.0,19476900,160.07159973199998,181.4973994455,-0.011964114294736428,0.027195726377938382
2018-10-29,128.8112946,133.3800049,144.0,131.3600006,142.4199982,35121700,159.28359985400002,181.2253495035,-0.06642395552234481,0.028945396991711163
2018-10-30,131.6602325,136.3300018,136.3999939,130.0599976,132.2799988,25230000,158.484400024,180.994999543,0.02211723490497497,0.02932320898513615
2018-10-31,137.4064331,142.2799988,142.6499939,139.1399994,141.3500061,23654600,157.771600036,180.787249528,0.04364407629605127,0.02961136289785516
2018-11-01,146.0691681,151.25,152.3179932,138.6199951,144.9799957,47039300,157.239599914,180.6214995585,0.06304470955618258,0.03177925817344752
2018-11-02,142.5345459,147.5899963,154.3600006,146.2799988,152.5599976,45985800,156.746799926,180.4391995245,-0.024198371570247956,0.03201354543444755
2018-11-05,139.6855774,144.6399994,149.3699951,144.2299957,146.2200012,16197300,156.155,180.24229949999997,-0.019987783548714666,0.03214591189907442
2018-11-06,142.389679,147.4400024,149.9600067,145.3249969,145.8699951,17849800,155.49080017,180.018099518,0.01935842790109965,0.03236703545526364
2018-11-07,147.2763672,152.5,152.8000031,148.9400024,150.7700043,17884400,154.977000122,179.80294952399998,0.034319028198822155,0.033037890215258436
2018-11-08,143.8865967,148.9900055,151.8800049,146.6900024,150.9900055,17067100,154.38680023199998,179.5562495425,-0.023016357377049212,0.03321864786307142
2018-11-09,139.8884125,144.8500061,145.7200012,142.4799957,145.5700073,16220000,153.791800232,179.254399567,-0.027787094752473096,0.03350687771588419
2018-11-12,137.927948,142.8200073,146.4060059,139.9700012,145.0099945,16516500,153.148000488,178.953449631,-0.014014488881681997,0.033473937706454536
2018-11-13,141.9454346,146.9799957,149.9400024,143.9100037,144.8300018,19575100,152.678800354,178.690049591,0.029127490459104566,0.03396880661337441
2018-11-14,145.2869263,150.4400024,152.1499939,148.4400024,150.2100067,21786000,152.403000488,178.42079963650002,0.02354066404425681,0.034181049362422375
2018-11-15,150.8689423,156.2200012,157.3999939,150.8899994,152.8999939,30083500,152.33000061,178.2407996365,0.03842062422088888,0.03423440254092221
2018-11-16,148.8215637,154.1000061,155.8000031,152.1419983,155.0399933,20039400,152.16460083,178.074749679,-0.013570574086002596,0.03428271111953826
2018-11-19,144.4080963,149.5299988,153.2100067,148.7700043,152.0200043,18087800,152.02800079399998,177.91974967899998,-0.02965611368655241,0.034470715868012355
2018-11-20,140.9796906,145.9799957,148.0700073,142.8200073,144.4799957,19473200,151.798400574,177.72379966649999,-0.023741076228778746,0.03436506942954729
2018-11-21,144.2922058,149.4100037,151.4799957,148.6499939,149.0599976,14718600,151.557400514,177.5693496695,0.023496424859807075,0.032721430346702315
2018-11-23,145.1806946,150.3300018,151.1699982,147.0,147.3000031,7437500,151.25340057399998,177.452499694,0.006157540172793574,0.03243928653331436
2018-11-26,150.6661377,156.0099945,156.5299988,152.3699951,153.2100067,16152700,151.078800354,177.3491996755,0.03778349386010604,0.03243171070313128
2018-11-27,151.1007233,156.4600067,157.9400024,153.5800018,154.6399994,17911800,151.0302005,177.24429969700003,0.0028845087870315034,0.032121964882146074
2018-11-28,153.8820648,159.3399963,159.8000031,155.2599945,159.0099945,20767100,151.084000548,177.1447496785,0.018407193382792952,0.03159556869103223
2018-11-29,150.9268799,156.2799988,159.0,153.5399933,158.0800018,20532200,150.957000426,176.99234969999998,-0.019204202152978245,0.031769419071082695
2018-11-30,155.3500061,160.8600006,160.8600006,156.7200012,157.8999939,35071200,150.85660034,176.85939971850001,0.029306384919168593,0.031036398456355176
2018-12-03,158.1313629,163.7400055,168.8000031,163.5099945,168.6399994,31174000,150.838800352,176.75969978249998,0.017903797645516084,0.031129973302950333
2018-12-04,152.9163208,158.3399963,164.9799957,156.4600067,164.8800049,22198600,150.74240020399998,176.61544975200002,-0.03297916830716119,0.031107904149460373
2018-12-06,150.4922943,155.8300018,155.8699951,150.5099945,153.0,25335500,150.57400023999998,176.45049972449996,-0.015851929762865646,0.031135369845140207
2018-12-07,147.8171692,153.0599976,158.0500031,151.7299957,155.3999939,17447900,150.327200314,176.27204971249998,-0.01777580804725365,0.029909675891086444
2018-12-10,146.2430115,151.4299927,152.8099976,147.4799957,150.3899994,15525500,150.029400022,176.06274970950003,-0.010649450709255603,0.029379924845240123
2018-12-11,146.629303,151.8300018,156.2400055,150.8999939,155.2599945,13651900,149.770800168,175.8509497065,0.0026415447354106725,0.029262072817857997
2018-12-12,146.3106079,151.5,156.1699982,151.4299927,155.2400055,16619200,149.56080016800001,175.66714973400002,-0.002173495330881292,0.026243435749784588
2018-12-13,146.2913055,151.4799957,153.4600067,150.5200043,153.0500031,12255800,149.38580016799997,175.4938497155,-0.000132041584158471,0.026044514797183966
2018-12-14,143.8962402,149.0,150.6999969,145.7200012,147.7100067,15560700,149.11840026599998,175.328899688,-0.016371770335348534,0.02517227913629141
2018-12-17,139.0481873,143.9799957,147.9400024,142.2400055,146.5,15788100,148.875400082,175.149999694,-0.033691304026845725,0.023179006204343596
2018-12-18,135.9964447,140.8200073,144.75,140.1100006,144.2799988,17846600,148.59920013,174.9460997,-0.02194741279604029,0.02310612929109928
2018-12-19,132.4424896,137.1399994,141.3249969,135.7299957,141.0399933,27657800,148.31920013,174.69494972150002,-0.026132706357273383,0.023303833749557745
2018-12-20,130.4820251,135.1100006,137.7550049,132.9100037,135.8300018,24103800,148.08260009400001,174.42524970899998,-0.014802383031073507,0.023082445783798564
2018-12-21,127.4785461,132.0,137.1900024,130.2299957,137.0800018,28790600,147.956800228,174.1493497455,-0.023018285738946265,0.02227548446962869
2018-12-24,127.3723221,131.8899994,134.5700073,129.7700043,130.0,11240700,147.756600338,173.856049727,-0.0008333378787879209,0.022008333115356483
2018-12-26,133.2730408,138.0,138.0200043,130.1799927,132.8699951,14862400,147.570800472,173.5823496995,0.046326488951367706,0.023344570988205655
2018-12-27,133.7076111,138.4499969,138.4499969,133.8899994,135.0500031,11457400,147.456600336,173.3325496655,0.003260847101449249,0.02323424972922954
2018-12-28,134.3256989,139.0899963,140.9799957,136.7899933,139.1999969,11955300,147.24640014,173.065199659,0.004622603209317955,0.022567905209824036
2018-12-31,132.3748932,137.0700073,142.0200043,136.0399933,141.8300018,11186400,147.025000298,172.75524970749996,-0.014522892039217083,0.022172687951860642
2019-01-02,132.0175629,136.6999969,137.7489929,133.0299988,134.1300049,16708400,146.91860015,172.437349698,-0.002699426426600815,0.02075860604866987
2019-01-03,126.1265106,130.6000061,134.8699951,129.8300018,134.2700043,19531300,146.67200041799998,172.1176997345,-0.04462319633015299,0.021978645077130245
2019-01-04,134.963089,139.75,141.0800018,133.6600037,134.2599945,22845400,146.49100035599997,171.82169975,0.07006120576283803,0.025432030435848255
2019-01-07,138.198349,143.1000061,144.0800018,139.0099945,140.5500031,17239000,146.4200006,171.56069976500004,0.023971421109123536,0.025513620648525297
2019-01-08,141.7619324,146.7899933,147.5500031,142.0599976,145.0,16487600,146.56360045399998,171.371399762,0.02578607297487734,0.025590731707690214
2019-01-09,146.7162323,151.9199982,153.3500061,148.5,149.8899994,20214100,146.710000296,171.22499976850003,0.03494791970945621,0.026368355923546572
2019-01-10,146.4941101,151.6900024,152.0299988,148.8800049,149.8099976,14221100,146.886400442,171.0309497805,-0.0015139270848149033,0.025420824661774023
2019-01-11,146.136795,151.3200073,153.3800049,150.1399994,151.8300018,9589400,147.24520049,170.87809982,-0.002439152838987657,0.02541404887933489
2019-01-14,144.1570129,149.2700043,150.5700073,146.5399933,148.5,13356700,147.50400054,170.72989982299998,-0.013547468286435715,0.025250208758084647
2019-01-15,145.711853,150.8800049,154.1699982,149.9640045,150.6799927,15003100,147.676000662,170.566599881,0.0107858280540023,0.025133639870923357
2019-01-16,149.5362091,154.8399963,155.3899994,151.5,152.8099976,14810800,147.74780058800002,170.4527498595,0.02624596547849145,0.025012856515357174
2019-01-17,150.6275024,155.9700012,158.5500031,151.8999939,152.1100006,16153200,147.915400686,170.3592498745,0.007297887671158687,0.024811008799553197
2019-01-18,151.6415405,157.0200043,159.4900055,154.7299957,158.4499969,19611400,148.163000784,170.2839998595,0.006732083682256196,0.024113511877901724
2019-01-22,146.9383392,152.1499939,155.4400024,150.2070007,154.3999939,21295000,148.257200614,170.18189979249996,-0.03101522268904955,0.024610995408378928
2019-01-23,146.8224487,152.0299988,155.1799927,150.9499969,154.6499939,10195800,148.24780059,170.104449765,-0.0007886631929731047,0.02439444532816125
2019-01-24,150.5212708,155.8600006,156.0,151.2100067,151.4700012,10997900,148.385200492,170.0343997925,0.025192408276201395,0.024727311054974853
2019-01-25,153.7565308,159.2100067,160.5,157.4299927,158.9100037,16451800,148.672400504,169.9449497955,0.021493687200717204,0.025001814309589993
2019-01-28,153.4764557,158.9199982,159.6900024,155.3000031,157.8000031,10141100,148.994400322,169.8627497835,-0.0018215469367227621,0.024999928039674088
2019-01-29,151.5063324,156.8800049,160.375,155.9199982,159.0399933,18348200,149.19240050599998,169.767549817,-0.01283660535556197,0.02514263069350692
2019-01-30,161.1058655,166.8200073,167.8399963,160.5,161.2899933,36997700,149.520000604,169.74144988700002,0.06336054366097232,0.027312057088442275
2019-01-31,162.7186584,168.4900055,169.7299957,165.6999969,167.8000031,21219500,149.76540068999998,169.71039993000002,0.010010778844990575,0.026374698580808757
2019-02-01,162.2164612,167.9700012,169.3999939,167.6300049,168.0,10771500,150.042800592,169.6567499515,-0.003086261991961159,0.025916584719416394
2019-02-04,160.9899597,166.6999969,167.5500031,165.6100006,166.3200073,7380400,150.386200554,169.5768499725,-0.007560899511382613,0.025332519324314167
2019-02-05,165.9442444,171.8300018,171.9499969,168.0,168.5500031,12801800,150.90320067599998,169.5290499845,0.030773875197354528,0.02535690486466535
2019-02-06,165.6448669,171.5200043,173.0899963,169.9900055,171.8600006,11267800,151.345400688,169.49110000300004,-0.0018040941439365632,0.02474020340197655
2019-02-07,161.2410583,166.9600067,169.6100006,164.3359985,169.1600037,11911100,151.67800078599998,169.44805,-0.02658580623647988,0.025529463501136256
2019-02-08,161.6273499,167.3600006,167.6499939,163.75,163.8300018,8331500,151.905000908,169.4194000215,0.002395746789341624,0.024506616397235063
2019-02-11,161.7142639,167.4499969,170.3300018,167.4499969,168.8500061,7260300,152.124800712,169.40555,0.0005377407963513825,0.024524969831449382
2019-02-12,162.9311218,168.7100067,170.4900055,168.6100006,169.6000061,8594400,152.31220092,169.37960006400002,0.007524692883407402,0.02452243818284136
2019-02-13,163.5974731,169.3999939,171.0500031,168.9900055,169.9100037,8661800,152.57460082199998,169.34080001499999,0.0040897823045371595,0.024199190930953934
2019-02-14,162.6124115,168.3800049,168.5,166.6100006,167.6399994,8722100,152.725000908,169.29000007300002,-0.0060211867575517,0.02425435589085539
2019-02-15,160.4588013,166.1499939,168.7700043,165.4100037,168.6100006,12099500,152.77320067600002,169.2232500425,-0.01324391813222947,0.022557326783242303
2019-02-19,164.3507538,170.1799927,171.1499939,166.5,166.9799957,12982300,153.010000604,169.1669000215,0.024255184760497484,0.019587261883015798
2019-02-20,164.8626099,170.7100067,172.6799927,170.6100006,171.0,12454900,153.307600702,169.10820007049998,0.0031144319117131225,0.019324086362529726
2019-02-21,165.7800598,171.6600037,171.7799988,169.8000031,171.0,8434800,153.67960082399998,169.02205009200003,0.005564975471352929,0.01896215227017906
2019-02-22,170.8598938,176.9199982,177.0200043,172.5200043,172.8000031,16175600,154.189400934,168.92990005250002,0.030641933977775038,0.018745857324182817
2019-02-25,176.9730682,183.25,183.7200012,180.7299957,181.2599945,22831800,154.81780089799997,168.8646000645,0.03577889364911835,0.01950250514414857
2019-02-26,177.2531281,183.5399933,184.3500061,179.3699951,179.7899933,13871000,155.458600764,168.8051500675,0.001582500954979471,0.019452688397108245
2019-02-27,178.2575073,184.5800018,184.9299927,180.8800049,181.7200012,16741600,156.120600886,168.748250043,0.005666386280727798,0.019077956061563373
2019-02-28,176.7606049,183.0299988,184.3000031,181.4700012,183.0099945,12370400,156.801200862,168.691600034,-0.008397459014435893,0.01927671192892317
2019-03-01,177.5814819,183.8800049,186.8999939,183.3800049,185.0899963,14348500,157.599201046,168.6178000615,0.004644080782237436,0.01891910640594732
2019-03-04,180.8360596,187.25,187.3399963,184.4600067,186.0,14761700,158.5278009,168.5710000585,0.018327142757216697,0.019053559116879046
2019-03-05,178.6631317,185.0,188.0800018,185.0,186.9400024,11513200,159.485000912,168.5054500555,-0.012016021361815787,0.01934361292086926
2019-03-06,177.8615417,184.1699982,185.5899963,183.0200043,184.3800049,10009100,160.466200864,168.446200025,-0.004486496216216218,0.018180651213456907
2019-03-07,171.2462006,177.3200073,181.8000031,176.7299957,180.9100037,16488900,161.37260101,168.35780006150003,-0.03719384789568847,0.01982732819273795
2019-03-08,169.0346375,175.0299988,175.3500061,171.5650024,171.5650024,14674200,162.235400998,168.2447500585,-0.012914552254250866,0.019731395192520224
2019-03-11,174.2303467,180.4100037,181.7200012,177.5800018,177.8300018,13764000,163.083601072,168.1674501015,0.030737616048021277,0.020082097046919305
2019-03-12,174.4428253,180.6300049,182.1799927,179.5099945,182.0399933,8660000,163.92720123200002,168.0866001105,0.0012194512249210643,0.020057437462222164
2019-03-13,174.5104218,180.6999969,182.5350037,179.2599945,180.7299957,8868200,164.759401244,168.0032501195,0.00038748822510825676,0.019807749335847145
2019-03-14,174.1820526,180.3600006,180.8200073,178.0099945,179.0599976,9272000,165.62520110999998,167.909050138,-0.0018815512220963226,0.016469247815206062
2019-03-15,174.7711639,180.9700012,181.4499969,179.6600037,180.6600037,10844100,166.51060119599998,167.823900144,0.0033821279550383387,0.016412641737426188
2019-03-18,175.6016998,181.8300018,182.8899994,180.7599945,181.9299927,7847800,167.53520111,167.74315017449996,0.0047521721517234106,0.016382772335009486
2019-03-19,175.9010925,182.1399994,183.3600006,180.8500061,181.6300049,10238600,168.38300109800002,167.663800199,0.0017048759661839608,0.016268121548528375
2019-03-20,175.0705566,181.2799988,181.9499969,178.4299927,180.9400024,15901500,169.146600952,167.54850021150003,-0.004721646002157631,0.015455320506086116
2019-03-21,175.2830048,181.5,181.7299957,178.5200043,178.9499969,9754500,169.840801086,167.411250227,0.0012135988606372106,0.015440185068366974
2019-03-22,170.2224884,176.2599945,180.4799957,175.3359985,179.7700043,11688400,170.32760101199997,167.25070022399998,-0.028870553719008263,0.01559095425815587
2019-03-25,172.6465149,178.7700043,178.8999939,174.1000061,174.3300018,7511400,170.86920105000002,167.10305023,0.014240382834007193,0.015752405065958503
2019-03-26,171.9801483,178.0800018,180.6499939,177.0950012,179.6999969,7897900,171.40440094,166.9753502635,-0.0038597218963093427,0.015789982599892873
2019-03-27,170.9661255,177.0299988,179.8300018,176.9129944,177.6999969,8371000,171.95960082999997,166.835150221,-0.005896243201857443,0.015823246221767118
2019-03-28,171.6421509,177.7299957,178.5299988,175.9700012,177.4700012,7146800,172.49660064600002,166.69530021499997,0.003954114583657686,0.015822566929017932
2019-03-29,176.20047,182.4499969,182.6000061,179.0,180.7299957,13850900,173.048800658,166.5621501905,0.026557144624969053,0.016380913280690582
2019-04-01,174.6939087,180.8899994,185.5599976,180.8899994,185.0899963,12714800,173.54720062200002,166.433500212,-0.008550274192961727,0.01624415700933815
2019-04-02,175.514801,181.7400055,183.5630035,180.9499969,181.4600067,8021500,174.041600646,166.28790023649998,0.004699022073190395,0.015745032216108838
2019-04-03,172.2119446,178.3200073,180.6999969,176.7599945,179.5099945,26811600,174.56500091399997,166.139500273,-0.018818081305714496,0.01620888037144033
2019-04-04,174.8677521,181.0700073,181.9600067,176.8899994,177.0399933,16993200,175.14580108400003,166.00200027300002,0.015421713141663851,0.016391281935417654
2019-04-05,179.0011444,185.3500061,185.5,182.0,182.5099945,18705000,175.73560119399997,165.90660034,0.023637259774937913,0.01601342735424173
2019-04-08,180.1117401,186.5,187.8200073,184.0099945,184.1900024,14725600,176.28140105999998,165.80795036150002,0.006204444899664985,0.014697934209278575
2019-04-09,180.7781067,187.1900024,187.8899994,186.1600037,186.4900055,11578200,176.846801144,165.73285034,0.0036997447721178744,0.014707443427329847
2019-04-10,179.8123627,186.1900024,187.3999939,184.0,186.6900024,10655000,177.43300109400002,165.65375037949997,-0.005342165645487507,0.014718172116107578
2019-04-11,178.6437988,184.9799957,186.0599976,183.75,185.1499939,8900300,177.796200862,165.62240035799996,-0.006498773749411657,0.014683102875661488
2019-04-12,182.4391937,188.9100037,189.7899933,187.1399994,187.7100067,12600000,178.204600826,165.60985038549998,0.02124558380017305,0.015151685369676616
2019-04-15,176.7992554,183.0700073,188.1699982,182.5599976,188.0599976,14616600,178.50660094800003,165.60010040049997,-0.030914172281073404,0.015861676602977416
2019-04-16,179.4164124,185.7799988,185.7899933,183.3999939,185.5500031,12195900,178.88820098600002,165.58710037,0.014803033768164386,0.015953343150371828
2019-04-17,181.1257782,187.5500031,188.1999969,185.7799988,187.3399963,11614200,179.20260101199997,165.5972003915,0.009527421204827746,0.01601450932661179
2019-04-18,180.5366669,186.9400024,187.2799988,185.3899994,186.4100037,7882500,179.511000974,165.60010040049997,-0.0032524696876424786,0.014355887965386331
2019-04-22,179.0301056,185.3800049,186.4700012,183.6100006,184.5,8677800,179.879400938,165.60325042499997,-0.008344910024458252,0.014217267779944458
2019-04-23,180.8746796,187.2899933,188.1499939,185.4400024,186.0,11410600,180.27800079199997,165.60530036699998,0.010303098228044094,0.013250318273875737
2019-04-24,179.3101654,185.6699982,186.8999939,184.5800018,186.7599945,9085300,180.64240081800003,165.57230033649998,-0.008649661796960473,0.01337516878953006
2019-04-25,181.4444733,187.8800049,188.1300049,183.9550018,185.2400055,10328900,181.025800782,165.547950361,0.011902874570071331,0.013521291416291019
2019-04-26,180.6815338,187.0899963,188.7400055,185.5099945,187.8800049,9421100,181.37960083,165.520650327,-0.004204857246094318,0.013547293643181869
2019-04-29,180.5366669,186.9400024,188.0,185.7599945,187.4199982,8660600,181.75080078,165.518250348,-0.0008017205781515324,0.013546770764100232
2019-04-30,179.2136078,185.5700073,188.25,183.8200073,186.3000031,15076500,182.139201048,165.49525039350002,-0.0073285283107497046,0.01361603568257701
2019-05-01,182.8254852,189.3099976,193.1950073,185.8800049,186.75,17397500,182.521801146,165.491600415,0.020154066674976212,0.014068878883930973
2019-05-02,183.8684998,190.3899994,192.6999969,186.6499939,189.4199982,11468100,182.91540099999997,165.49180038149998,0.00570493800481664,0.014041615715221886
2019-05-03,188.523407,195.2100067,195.7200012,191.8800049,191.8800049,14521100,183.38640106,165.50455039649998,0.025316494118335475,0.01468576004174191
2019-05-06,181.7921448,188.2400055,189.0,184.8300018,185.1699982,23941200,183.612801206,165.4918004575,-0.03570514297820582,0.015232579252339402
2019-05-07,175.2153931,181.4299927,186.4499969,179.6300049,186.0500031,22663200,183.57640106,165.4622504395,-0.036177287510756995,0.016591229427499337
2019-05-08,173.4384308,179.5899963,183.1999969,178.5800018,180.9499969,16611100,183.49740112,165.423950421,-0.010141632993628025,0.016689151584172078
2019-05-09,172.9072723,179.0399933,180.6950073,173.0700073,175.4299927,22727800,183.38660095,165.383950421,-0.0030625480891555146,0.016660182896304623
2019-05-10,171.9029083,178.0,180.7899933,174.1000061,180.1799927,18987000,183.286000974,165.328950421,-0.005808720615049223,0.016685944470005414
2019-05-13,164.1865845,170.0099945,172.4700012,168.7799988,169.7899933,22330700,183.00860076599997,165.18910041499998,-0.04488767134831462,0.0178501764393622
2019-05-14,168.8511353,174.8399963,175.1499939,171.4799957,172.75,17874100,182.760400692,165.09240043299997,0.028410105030619137,0.018653860731555845
2019-05-15,171.5166168,177.6000061,180.2400055,173.3209991,177.0599976,37610400,182.61240081399998,165.03330047249997,0.01578591774426852,0.018878388697986196
2019-05-16,169.5561371,175.5700073,178.25,174.75,178.1799927,20579200,182.44040099600002,164.98705047250002,-0.011430173030833157,0.018679603647674303
2019-05-17,163.7616577,169.5700073,172.2899933,168.4900055,171.6900024,22539400,182.285400996,164.8987505305,-0.0341744019509419,0.01941601721191755
2019-05-20,155.1471863,160.6499939,164.5700073,160.0200043,164.4400024,33413800,181.99780089799998,164.77565047849998,-0.052603721271409,0.020878985920235956
2019-05-21,157.831955,163.4299927,165.5899963,162.5200043,163.1600037,22006100,181.658200678,164.6798004115,0.017304692845058423,0.021172299961802286
2019-05-22,153.3895416,158.8300018,162.8200073,158.0700073,162.4100037,25831200,181.222200616,164.56975043900002,-0.028146552685980875,0.02155882761287092
2019-05-23,150.6564636,156.0,158.4799957,154.4100037,155.4499969,26891900,180.728200678,164.4566504635,-0.01781780373939401,0.0216809652321428
2019-05-24,149.6907349,155.0,158.4299927,154.8999939,157.6150055,21489700,180.221000666,164.33205047250001,-0.0064102564102563875,0.02168085172662167
2019-05-28,149.5072327,154.8099976,157.0700073,153.2200012,156.3999939,38603000,179.697800594,164.21850043900002,-0.0012258219354838173,0.02110011702130244
2019-05-29,147.2570343,152.4799957,154.3849945,150.7100067,153.5800018,30073100,179.11080047199997,164.09495040550001,-0.0150507198250871,0.02065864055546484
2019-05-30,145.8953552,151.0700073,153.3699951,150.25,152.3600006,17344700,178.48940062999998,163.9502504695,-0.009247038560875276,0.020292256448608447
2019-05-31,144.1473236,149.2599945,150.6799927,147.9499969,149.6300049,26881200,177.849000544,163.80815047849998,-0.011981284917830126,0.020079137743592067
2019-06-03,144.7750702,149.9100037,151.7700043,148.8450012,149.6000061,25254400,177.217200618,163.695050503,0.00435487889556363,0.02018091434662034
2019-06-04,148.8698273,154.1499939,155.1999969,150.6399994,151.5599976,27417200,176.775000606,163.6166504635,0.02828357077813881,0.021187901616206654
2019-06-05,146.4554749,151.6499939,156.1100006,149.3099976,155.1699982,23208600,176.232600398,163.5149504055,-0.016217970151992334,0.02104082278135957
2019-06-06,146.3106079,151.5,152.6999969,150.5700073,152.0,15763000,175.701000362,163.4085504115,-0.0009890794990661256,0.021064012717060834
2019-06-07,148.9470978,154.2299957,155.6900024,152.2140045,152.9499969,17817800,175.2450003,163.2982504235,0.018019773597359734,0.02127721793157138
2019-06-10,154.3746033,159.8500061,161.9799957,157.3999939,158.7799988,36473300,174.88740050799998,163.20790046300002,0.03643915293190925,0.02266623147502636
2019-06-11,157.0786896,162.6499939,165.6799927,161.9250031,164.1999969,23408400,174.49140044799998,163.13190040199999,0.017516344655303717,0.023026572353929547
2019-06-12,154.558075,160.0399933,161.6999969,158.8099976,160.4700012,16329300,174.074400326,163.07095039,-0.01604673038970217,0.02312001523347425
2019-06-13,154.83815,160.3300018,161.3200073,159.8000031,160.5500031,17571400,173.64620025199997,163.0014504205,0.001812100175837772,0.022679484584026195
2019-06-14,152.6845551,158.1000061,158.7100067,157.2299957,158.3699951,14981600,173.241800228,162.8887004815,-0.013908786097200587,0.022634782168743227
2019-06-17,154.4325409,159.9100037,160.5500031,157.4199982,157.5299988,16079800,172.818600156,162.797300488,0.011448434725898515,0.02211024477029563
2019-06-18,159.8407135,165.5099945,169.1100006,161.9499969,162.8899994,35754800,172.421799924,162.7323504605,0.03501964023780468,0.022640729281240703
2019-06-19,159.79245,165.4600067,167.8999939,163.4199982,167.7700043,20798100,172.001000058,162.6866504635,-0.0003020228485355325,0.021816716897973203
2019-06-20,162.4868622,168.25,170.4799957,166.2749939,170.1900024,24004700,171.62220000999997,162.652850491,0.016862040293873504,0.022060574784479346
2019-06-21,161.8108521,167.5500031,169.470993,166.7700043,167.4799957,17415800,171.24940002399998,162.6384004945,-0.00416045705794954,0.022063420037399466
2019-06-24,162.3420105,168.1000061,168.8800049,165.7799988,168.3999939,18422600,170.911800232,162.65775054649998,0.003282620052664109,0.02207133546255807
2019-06-25,160.1207886,165.8000031,167.3399963,164.6199951,167.0399933,20439200,170.44960022000004,162.68740058650002,-0.013682349295286556,0.02065409811156571
2019-06-26,163.2015228,168.9900055,171.2400055,168.1499939,168.2799988,22416400,170.16800018400002,162.7205006385,0.01924006236644038,0.020273880721206925
2019-06-27,165.0460968,170.8999939,171.9799957,169.3800049,170.6199951,18349400,169.87040008599996,162.793200605,0.011302374920628022,0.020162596233850513
2019-06-28,163.645752,169.4499969,170.8899994,167.9600067,170.1999969,19974300,169.508399962,162.85315055599997,-0.008484476604770697,0.020117594610545728
2019-07-01,169.0539398,175.0500031,177.9499969,174.3600006,175.8650055,25846800,169.27059997599997,162.921100538,0.033048133977274796,0.020037001452056516
2019-07-02,169.4402466,175.4499969,175.5500031,174.25,175.1300049,14155200,169.071999816,162.97070052849998,0.0022850259521074445,0.017263478143318935
2019-07-03,168.6869659,174.6699982,175.8500061,173.8500061,175.6900024,8532600,168.81959991399998,163.020350492,-0.004445703697815162,0.017101665102252986
2019-07-05,167.3639069,173.3000031,173.8200073,172.8200073,173.75,12618600,168.572200012,163.0924005105,-0.007843333795832241,0.016232431381583007
2019-07-08,162.6800232,168.4499969,170.2799988,168.3500061,170.0899963,16531000,168.18359985199996,163.1514005255,-0.02798618645841211,0.01677983723439985
2019-07-09,163.0180206,168.8000031,168.9799957,166.5,167.0850067,15782800,167.81779998800002,163.18225051649998,0.0020778047280569645,0.016692298955898598
2019-07-10,161.2120819,166.9299927,171.3699951,166.8600006,171.2400055,16675600,167.41759979399998,163.18750045550001,-0.011078260460055556,0.01687384804492652
2019-07-11,160.8450928,166.5500031,168.423996,165.0,167.5599976,14796400,167.03719970999998,163.1971004465,-0.002276341080796218,0.01657015598868965
2019-07-12,163.2787933,169.0700073,170.1999969,167.6499939,168.0,18103600,166.632399904,163.2266504645,0.015130616350015558,0.016542608360826126
2019-07-15,167.5570374,173.5,173.75,170.4199982,171.5,22199000,166.294599916,163.2729004645,0.026202120475096402,0.01674696362622218
2019-07-16,168.2234039,174.1900024,175.5200043,173.4600067,174.1999969,19039700,165.87419983,163.31685050699997,0.003976959077809816,0.016747734926915232
2019-07-17,168.8318329,174.8200073,176.2200012,172.4900055,172.75,15031600,165.605799866,163.359350507,0.003616768421377481,0.01616836029812156
2019-07-18,166.881012,172.8000031,174.3999939,172.0599976,173.4100037,15603800,165.43320007399998,163.39955055000001,-0.011554765562579838,0.015985397634940002
2019-07-19,167.0645142,172.9900055,175.1499939,172.9900055,174.8699951,13647200,165.301200258,163.4545005775,0.0010995509062001751,0.015965274241600703
2019-07-22,168.039917,174.0,174.2799988,171.4369965,173.5,18490900,165.200400392,163.523350599,0.005838455794488162,0.01576462435823276
2019-07-23,171.9898224,178.0899963,178.6399994,174.8450012,175.3899994,20881500,165.202200318,163.601950605,0.023505725862069005,0.015009876746747862
2019-07-24,172.549942,178.6699982,178.9600067,176.9380035,178.0,14933100,165.37540039199996,163.71465057150002,0.0032567910160601343,0.014781854833264796
2019-07-25,171.2172089,177.2899933,179.1499939,175.3690033,178.4900055,14049000,165.424400332,163.8279505135,-0.007723764000127531,0.014482439972535462
2019-07-26,172.617569,178.7400055,179.3999939,176.8800049,178.25,15281000,165.44720032,163.965950544,0.008178759404352753,0.01450320348422644
2019-07-29,170.9564819,177.0200043,179.8800049,175.3500061,178.4299927,15130300,165.47620026,164.11635055349998,-0.009622922384882604,0.014343686143535612
2019-07-30,168.1364899,174.1000061,175.7100067,172.8899994,174.25,14300600,165.566800236,164.2954006175,-0.016495300695233417,0.014736759535
2019-07-31,167.1804047,173.1100006,174.8899994,170.0899963,173.7100067,14628900,165.81600037,164.451450651,-0.005686418525633785,0.013503834355923292
2019-08-01,159.9759216,165.6499939,175.7149963,162.1000061,174.5399933,32728200,165.86040039399998,164.543250654,-0.043094025036933714,0.015778533499636153
2019-08-02,155.4852142,161.0,163.8500061,160.3500061,162.5599976,27104700,165.903800358,164.6274506355,-0.028071198739718195,0.016263511814596364
2019-08-05,148.4062805,153.6699982,157.2299957,151.8500061,155.0299988,28912600,165.85720032199998,164.64780059599997,-0.045527961490683166,0.018154728946359378
2019-08-06,152.0374756,157.4299927,158.7299957,156.1100006,158.4799957,24996300,165.90580017599999,164.69425056250003,0.02446798037380349,0.018796852610862235
2019-08-07,153.7178955,159.1699982,159.4799957,155.3000031,155.7299957,17917400,165.993000188,164.780000532,0.011052566732412616,0.018809752669914578
2019-08-08,156.6634064,162.2200012,162.3000031,159.1199951,161.7100067,19267700,166.187800298,164.8764505745,0.019161921433005435,0.01880683165273553
2019-08-09,153.6696014,159.1199951,161.9900055,159.1100006,160.9799957,11894300,166.34880005399998,164.9280505345,-0.019109888281766296,0.01892951121834178
2019-08-12,153.8530884,159.3099976,159.3600006,155.5399933,157.5,13566900,166.549800116,164.99135055299996,0.0011940831187216006,0.018901225584599585
2019-08-13,158.4114227,164.0299988,167.3600006,159.5700073,160.6399994,22842900,166.832200018,165.11345054400002,0.02962777773590264,0.018692432437465756
2019-08-14,156.5088959,162.0599976,163.0,159.2100067,161.3399963,20803700,166.99040009200002,165.20075050149998,-0.01201000557466314,0.01876164513341216
2019-08-15,161.2507172,166.9700012,171.0,164.3600006,170.1100006,36343500,167.296800238,165.32125053200002,0.03029744337105922,0.0196851376742965
2019-08-16,168.6193542,174.6000061,177.5500031,168.5700073,170.0,25952500,167.75880035999998,165.52735053799998,0.04569686078435509,0.021422983735297912
2019-08-19,172.1732941,178.2799988,178.8000031,175.5899963,177.4299927,16012800,168.239800422,165.73710052299998,0.02107670430373476,0.021045007489932988
2019-08-20,171.1399689,177.2100067,177.9900055,175.6199951,175.9100037,10338100,168.587000434,165.91175056249998,-0.006001750657404492,0.02109702693675263
2019-08-21,169.237442,175.2400055,178.5,174.8899994,177.2200012,10615700,168.83880066600003,166.03170059,-0.011116760484835564,0.021097840858240655
2019-08-22,166.0215149,171.9100037,174.9799957,170.5,174.1000061,11568900,169.076200874,166.15330062700002,-0.019002520517496735,0.021428683640616543
2019-08-23,158.9039459,164.5399933,171.4900055,163.8309937,169.6900024,20871500,169.160400704,166.25280059649998,-0.042871329424559956,0.022713876579243553
2019-08-26,160.2173615,165.8999939,167.4499969,165.5299988,166.4900055,8640500,169.31640046,166.34510055400003,0.008265471346655229,0.02221311001793609
2019-08-27,160.5070953,166.1999969,168.1900024,165.1900024,167.1999969,12777600,169.442200324,166.4136005385,0.0018083364136880498,0.02219902932537559
2019-08-28,161.7432404,167.4799957,168.0,164.1999969,164.6399994,9507400,169.481600348,166.50605048949998,0.007701557303699147,0.02224286780037724
2019-08-29,166.8906708,172.8099976,173.9600067,170.9499969,171.0,11565400,169.62860016600004,166.64585044700002,0.03182470764775647,0.02294469123278192
2019-08-30,169.0346375,175.0299988,175.25,172.6600037,174.3500061,10293400,169.76420014200002,166.8069004045,0.01284648591419213,0.023059506157724747
2019-09-03,166.5043793,172.4100037,174.7200012,172.1499939,173.0,8499300,169.861400154,166.9340504445,-0.014968834588142466,0.023210458172374545
2019-09-04,168.3586121,174.3300018,176.5500031,173.9900055,176.2599945,7208900,169.98600006799998,167.0535004415,0.01113623373815864,0.022885266677178894
2019-09-05,172.8106995,178.9400024,178.9499969,176.5200043,176.8800049,11154300,170.248800054,167.1671004475,0.026444103438310274,0.023400767270606488
2019-09-06,170.6377716,176.6900024,179.2200012,176.2100067,179.0099945,8304000,170.402799992,167.28005042899997,-0.01257404699800091,0.023474867075917588
2019-09-09,171.6904297,177.7799988,177.9900055,175.8600006,177.8800049,6931700,170.54040009,167.421300429,0.006168976089164335,0.023454035570316212
2019-09-10,168.9960022,174.9900055,176.3000031,172.2200012,176.2799988,9835000,170.65120026199997,167.56635047799998,-0.015693516249478123,0.023566617817656222
2019-09-11,170.0583191,176.0899963,176.6600037,174.1499939,176.0,7039300,170.67200012600003,167.699750441,0.006286020717908958,0.02338695594736442
2019-09-12,172.1346741,178.2400055,180.5,177.0,177.8899994,12509400,170.727800298,167.83930045949998,0.012209718014515092,0.02344806936435062
2019-09-13,173.0328217,179.1699982,180.1799927,178.6100006,179.7400055,9479700,170.817800298,167.955100478,0.00521764290452742,0.02190652647768633
2019-09-16,171.0047607,177.0700073,179.1699982,175.3699951,177.75,10725100,170.893200382,168.058150481,-0.011720661500793761,0.021305830015581943
2019-09-17,172.8686523,179.0,179.1199951,176.0500031,176.8500061,7481000,171.104200444,168.1564504995,0.01089960253251765,0.019227136214891263
2019-09-18,173.8343811,180.0,180.1699982,177.5800018,179.1499939,9233300,171.328200382,168.2750505055,0.005586592178770999,0.018883239188249436
2019-09-19,174.2786407,180.4600067,184.1300049,180.4299927,180.8999939,15119800,171.598800662,168.37305053600002,0.0025555927777778376,0.018847550222392657
2019-09-20,176.2584076,182.5099945,183.8200073,178.8399963,182.3099976,24517800,171.91800048999997,168.46690048099998,0.011359790113539825,0.01868949217568144
2019-09-23,170.9178467,176.9799957,181.3300018,176.8000031,181.25,14047400,172.07620025800003,168.56010047799998,-0.030299703943062806,0.019271368481215138
2019-09-24,165.6738434,171.5500031,179.4900055,171.3000031,179.1699982,14324600,172.03720032,168.6387004845,-0.03068139186309171,0.020268986997674227
2019-09-25,170.6088104,176.6600037,176.9900055,171.7200012,172.3000031,11766400,172.086600346,168.75670051499998,0.029787237001804634,0.020276319997472207
2019-09-26,169.005661,175.0,178.2299957,174.8300018,177.0,9982400,172.0902002,168.8745505515,-0.009396601750439104,0.020216582200596998
2019-09-27,160.2946167,165.9799957,176.5,163.1499939,176.0,33287500,171.95380005200002,168.94530052099998,-0.05154288171428578,0.021830108509717738
2019-09-30,161.5018005,167.2299957,170.1999969,166.4499969,169.8869934,14866800,171.838599856,169.02395049950002,0.007531028029783338,0.020122523811681496
2019-10-01,159.493042,165.1499939,168.2299957,163.6399994,168.0099945,14155500,171.66159973400002,169.0923004905,-0.012437970779664353,0.019768104845087914
2019-10-02,160.0918121,165.7700043,166.8800049,161.8999939,162.8200073,11526500,171.41519989400004,169.17615051200002,0.0037542259939495892,0.01978629890074962
2019-10-03,163.6747284,169.4799957,170.1799927,165.0,166.6499939,10305000,171.231399844,169.30365051200002,0.022380354127794266,0.02019677041283753
2019-10-04,164.5052795,170.3399963,170.6999969,167.5599976,169.6000061,8715200,171.092399904,169.451250457,0.005074348724449562,0.01992981509235487
2019-10-07,162.5544891,168.3200073,172.3000031,167.2100067,168.8300018,11993000,170.88399994,169.6071504965,-0.011858571350691127,0.018379399466905186
2019-10-08,156.3833313,161.9299927,165.2200012,161.6799927,164.3000031,15833100,170.58219970800002,169.74125045699998,-0.0379634881349008,0.019637399802284208
2019-10-09,159.5316772,165.1900024,166.5800018,163.4199982,165.5,10943100,170.403999634,169.90720046899997,0.020132216679831894,0.01999717184341942
2019-10-10,160.3815613,166.0700073,168.5700073,164.0899963,165.9600067,11462400,170.26319976799996,170.07810050850003,0.005327228568403841,0.019970287282600196
2019-10-11,167.0162201,172.9400024,174.8800049,169.5700073,170.7700043,19247400,170.40899993799997,170.25280052050002,0.0413680664660272,0.020563352054838935
2019-10-14,165.2971954,171.1600037,173.3399963,170.7899933,172.8399963,7667600,170.612200012,170.41635055449999,-0.010292579364506782,0.020507724877065293
2019-10-15,169.2857208,175.2899933,176.75,172.6900024,172.9100037,13753000,171.044599914,170.5973505395,0.024129408218749537,0.020799451805456733
2019-10-16,171.0530396,177.1199951,177.3500061,174.1199951,175.8000031,10858700,171.438399962,170.7976004785,0.010439853214370576,0.02078786107269952
2019-10-17,170.7922974,176.8500061,178.5899963,175.2299957,178.0,8020600,171.79200012,170.9983505245,-0.0015243281812851173,0.020214585157377566
2019-10-18,163.336731,169.1300049,176.2299957,169.0,176.0,14575700,171.93020019400004,171.1910005185,-0.04365281839817825,0.021618597111582444
2019-10-21,167.576355,173.5200043,173.9100037,170.8699951,172.6399994,8970800,172.218200378,171.35985054,0.02595636062681872,0.02214746288733611
2019-10-22,164.070694,169.8899994,175.3600006,169.2599945,174.5299988,10867100,172.42980041399997,171.4938005065,-0.020919806420267695,0.022290625358615687
2019-10-23,164.0996704,169.9199982,171.0399933,168.1199951,170.4499969,8853700,172.54760040200003,171.609450531,0.00017657778624968756,0.02225206651018273
2019-10-24,166.6395721,172.5500031,172.75,170.2100067,171.2799988,7397700,172.75740051199998,171.7126005555,0.015477900940796818,0.022326573362341597
2019-10-25,168.3392944,174.3099976,175.8099976,170.8800049,171.5599976,9891800,172.90420043999998,171.82570053150002,0.01019990998771525,0.02239160603763831
2019-10-28,172.5596008,178.6799927,179.6399994,176.4100037,176.5,11739600,172.985800172,171.9625004585,0.025070249326880845,0.022769909501631953
2019-10-29,170.8309174,176.8899994,177.7400055,175.4400024,177.0599976,8026400,172.958000184,172.10060043399997,-0.01001787202334048,0.02276246589067895
2019-10-30,171.4489899,177.5299988,177.8800049,173.9360046,175.4199982,10213200,172.964400026,172.2338504035,0.0036180643460390627,0.02274821336617674
2019-10-31,170.618454,176.6699982,179.2400055,175.5,179.1600037,15119000,172.99299988,172.343000413,-0.0048442550882278335,0.022757327391995798
2019-11-01,170.4156647,176.4600067,182.1199951,176.0599976,179.0099945,28924100,173.08399993999998,172.4454504405,-0.0011886087176062876,0.022647739618032712
2019-11-04,173.5350189,179.6900024,182.3999939,178.0200043,180.6600037,44541200,173.387000122,172.55880043099998,0.018304406536101547,0.022204228636586422
2019-11-05,175.7658844,182.0,183.1999969,180.3099976,181.4199982,23690200,173.709000244,172.7080504615,0.012855459787116219,0.021490579513040634
2019-11-06,177.8518982,184.1600037,185.0,182.1999969,183.6100006,14834900,174.06820037999998,172.86870048600002,0.011868152197802129,0.02093928140921134
2019-11-07,180.2662659,186.6600037,188.0700073,184.6900024,187.0700073,20162600,174.45180054,173.0227005015,0.013575151768961513,0.02094327629169062
2019-11-08,180.7491455,187.1600037,188.2799988,185.1499939,187.9019928,19718100,174.738800662,173.16245048649998,0.0026786670421565795,0.018303832085999953
2019-11-11,180.3145599,186.7100067,187.1999969,181.3699951,184.8200073,20561500,174.97240082,173.30140052899998,-0.00240434382936483,0.018330858303290103
2019-11-12,180.5656433,186.9700012,187.6499939,185.1399994,185.9100037,11797600,175.26360076999998,173.4518505105,0.0013925043686477956,0.018079476726318218
2019-11-13,176.2294312,182.4799957,185.673996,181.0,185.4700012,14977700,175.42660064800003,173.53015045249998,-0.02401457705077037,0.018804877288444256
2019-11-14,176.5384827,182.8000031,184.5,181.3209991,182.8699951,12712800,175.503800662,173.6017004405,0.0017536574284344741,0.018460069568394622
2019-11-15,179.1363525,185.4900055,185.6000061,183.7100067,184.0,11296400,175.679800724,173.689300462,0.01471554898458316,0.018586489610516177
2019-11-18,178.2864838,184.6100006,186.9799957,184.1600037,186.9799957,11822900,175.81640076,173.7788504805,-0.004744217337359413,0.018434982721275976
2019-11-19,178.9045563,185.25,186.7100067,183.8699951,186.3099976,13407200,176.02160065,173.8459504715,0.0034667645193648955,0.01671254421363254
2019-11-20,176.1038971,182.3500061,183.6999969,181.0599976,183.6699982,16684600,176.14680084600002,173.90010048050002,-0.01565448798920377,0.016844546395368108
2019-11-21,178.5279236,184.8600006,184.8899994,181.6000061,181.7700043,10254700,176.279200748,173.98960045,0.013764707518701957,0.01694731766184779
2019-11-22,180.3821411,186.7799988,186.7799988,183.9349976,185.8000031,10541000,176.43140076,174.08670044100003,0.010386228463530545,0.01545193390028378
2019-11-25,183.9264374,190.4499969,190.7200012,187.8800049,188.3200073,19157700,176.699000552,174.20170044099999,0.01964877462029424,0.015551395950787274
2019-11-26,188.0308685,194.6999969,195.0,189.0399933,190.3899994,51832300,177.01300049000002,174.331650392,0.022315568753889625,0.01547249137584865
2019-11-27,193.9412537,200.8200073,200.9799957,197.0,197.2400055,33040500,177.429400636,174.48875045900002,0.031433027721840645,0.01624676788429935
2019-11-29,193.1493225,200.0,200.4299927,198.3500061,199.8099976,18593100,177.820200502,174.64685043449998,-0.00408329484210701,0.016285198702826634
2019-12-02,189.5857086,196.3099976,198.6699982,193.5099945,198.5800018,19357700,178.09620056400001,174.797650453,-0.01845001199999996,0.014252739580678188
2019-12-03,188.2240143,194.8999939,195.0,189.8500061,190.9700012,18355300,178.454600528,174.921250459,-0.0071825363824465915,0.013857497902889263
2019-12-04,187.1037598,193.7400055,196.6600037,193.2299957,195.5299988,14849300,178.89840057599997,175.036400453,-0.005951710807108435,0.013183387985413453
2019-12-05,193.1493225,200.0,200.9400024,196.4299927,196.9299927,22290200,179.36520050199996,175.1781004345,0.032311315795849005,0.014096213401354096
2019-12-06,194.9745789,201.8899994,202.0,199.5099945,201.1100006,14087300,179.90300048999998,175.3029504405,0.009449996999999932,0.013992299598103943
2019-12-09,191.9324951,198.7400055,203.4299927,198.5500031,200.3200073,14258100,180.558200686,175.380400468,-0.015602525679139667,0.014468338470892244
2019-12-10,193.5839081,200.4499969,202.4799957,199.2299957,200.7100067,11623900,181.22260071,175.46495048600002,0.00860416299022404,0.013963920223098343
2019-12-11,197.6303864,204.6399994,204.8000031,200.7200012,201.1000061,11760000,182.01240082,175.56525047399998,0.020902981116484032,0.014039594441636244
2019-12-12,197.4951935,204.5,206.0,202.0,203.7100067,22448600,182.787000734,175.67260048,-0.0006841252952036747,0.014075743720103501
2019-12-13,197.8911438,204.9100037,207.1000061,203.7700043,205.7599945,19270400,183.49560089399998,175.777750474,0.0020049080684596543,0.013968712912151938
2019-12-16,199.8805695,206.9700012,209.1499939,206.1900024,206.3300018,16734300,184.228200992,175.87635048,0.010053181703202574,0.013946379571558285
2019-12-17,201.0491333,208.1799927,208.8699951,206.8200073,208.6900024,11287600,185.02540069999998,175.99225044349998,0.005846216809124671,0.013733470190603414
2019-12-18,202.806778,210.0,210.0500031,208.0399933,208.5299988,13481800,185.986800846,176.12140045249998,0.008742469804111863,0.013672829593551747
2019-12-19,202.9323425,210.1300049,211.3699951,209.2299957,209.6100006,12167300,186.885600896,176.2854504405,0.0006190709523810067,0.013628509191083655
2019-12-20,204.9797211,212.25,213.9799957,210.4199982,211.3500061,26670000,187.80920075000003,176.47155044649998,0.01008896897427336,0.01356313442615977
2019-12-23,207.471344,214.8300018,215.0500031,212.9100037,213.25,12535000,188.64700073799997,176.643650437,0.012155485512367559,0.013632321463436646
2019-12-24,206.9208679,214.2599945,215.4299927,213.3500061,215.0099945,5523000,189.50900055399998,176.811800385,-0.0026532946759021403,0.013636867765828106
2019-12-26,208.9682465,216.3800049,216.9900055,214.3300018,214.6499939,6907100,190.330800786,176.990200425,0.009894569468963388,0.013654356703357035
2019-12-27,208.0894165,215.4700012,218.1100006,215.1699982,217.9900055,11674200,191.09780090800004,177.16575042800002,-0.004205581289364213,0.012646056125866069
2019-12-30,205.6171265,212.9100037,215.7799988,211.7599945,215.7799988,8732600,191.81900086,177.3254504405,-0.01188099264743503,0.013029426936069895
2019-12-31,204.8348694,212.1000061,213.6399994,210.7299957,212.0,6773600,192.67840088399996,177.476800462,-0.0038044130661955,0.013000614526582436
2020-01-02,212.2421265,219.7700043,219.9799957,216.5399933,216.6000061,15873500,193.603400884,177.66495048649998,0.0361621781207484,0.01409064102446268
2020-01-03,209.5670166,217.0,218.2030029,216.0099945,216.3500061,8604500,194.545600896,177.8435504925,-0.012604105409302235,0.01448716240598226
2020-01-06,209.2193451,216.6399994,217.1600037,214.0899963,214.8899994,11885500,195.48000091999998,178.0192504895,-0.0016589889400921987,0.014003466763169905
2020-01-07,210.1754456,217.6300049,218.9400024,216.6900024,217.6399994,9388000,196.381600956,178.2261005415,0.004569818605713927,0.013924758844753981
2020-01-08,210.5327606,218.0,220.6499939,216.3200073,216.6000061,11959100,197.25540100400002,178.42225052,0.0017001107001308746,0.01391097789174871
2020-01-09,214.1832886,221.7799988,223.0800018,220.8200073,221.5,13122500,198.117401126,178.640750505,0.017339444036697182,0.01383478024556906
2020-01-10,216.1630707,223.8300018,225.9600067,222.0610046,223.8999939,12296000,199.05620117399997,178.87475052,0.009243407931698533,0.013477757546424371
2020-01-13,222.5852661,230.4799957,231.1399994,227.0399933,228.8099976,17544800,200.115201112,179.13850051999998,0.029710020312388785,0.013363295176309931
2020-01-14,218.7319641,226.4900055,230.1750031,224.8800049,230.0500031,17266900,201.11160125799998,179.358700563,-0.017311655130337167,0.013871286919568846
2020-01-15,217.3509369,225.0599976,227.8200073,224.3899994,226.6499939,10743400,202.083601076,179.579550554,-0.006313779262988262,0.013353848528309988
2020-01-16,216.2693024,223.9400024,226.3300018,222.7299957,226.3000031,13700500,202.96860107599997,179.79055053849999,-0.0049764294496731365,0.01329236659612957
2020-01-17,219.6397552,227.4299927,228.0,225.3500061,225.8999939,12956200,203.87720093,180.0361004655,0.01558448808876145,0.01327740929997165
2020-01-21,214.6468353,222.2599945,222.6000061,220.7299957,222.4499969,15831100,204.63920074600003,180.24205040150002,-0.022732262084797616,0.013239612447064772
2020-01-22,214.753067,222.3699951,225.5800018,222.0,224.6900024,10059600,205.353400574,180.4271503465,0.0004949185760914077,0.01320426265262417
2020-01-23,211.6240692,219.1300049,220.1300049,216.7700043,217.9299927,18519900,205.992800598,180.590300371,-0.014570266993723657,0.013154531963351677
2020-01-24,206.4283447,213.75,219.8300018,211.3249969,218.4900055,18143900,206.53360046400002,180.72310035900003,-0.024551657827302842,0.01405906940278776
2020-01-27,198.4319611,205.4700012,208.0200043,199.5,201.2200012,24574700,206.90360046400002,180.819500353,-0.038736836491228055,0.015474289918921694
2020-01-28,203.0289154,210.2299957,210.9100037,207.1699982,209.7400055,16196700,207.45860046399997,180.945750353,0.023166372084490794,0.016027392760477956
2020-01-29,204.7576141,212.0200043,213.9799957,209.5200043,212.5599976,12871900,208.043000488,181.06130035600003,0.008514525218153768,0.01608478732292858
2020-01-30,201.4354401,208.5800018,209.8600006,205.0299988,207.8800049,14376000,208.50480041400002,181.18885032849997,-0.016224895907145376,0.016303610370461873
2020-01-31,199.5135956,206.5899963,207.9299927,204.7279968,206.5,18181400,208.944400328,181.29290031600001,-0.009540730093137828,0.01636784619965446
2020-02-03,205.8006134,213.1000061,215.0200043,208.6699982,208.6699982,14118800,209.50140045,181.420650331,0.03151173782174088,0.01729490729132398
2020-02-04,215.2456055,222.8800049,224.3800049,220.4900055,221.3500061,16695100,210.31200042599997,181.6003503435,0.04589393955911292,0.01916761672134379
2020-02-05,212.676712,220.2200012,226.6999969,217.5399933,226.5200043,15766100,211.019200438,181.77455032499998,-0.011934689705312307,0.01927421471351427
2020-02-06,213.3334198,220.8999939,223.6499939,219.7799988,223.1300049,10790800,211.70160034,181.942600328,0.003087788104144229,0.019170683408477322
2020-02-07,209.1131134,216.5299988,217.8399963,214.8800049,217.4600067,13790300,212.223200378,182.096900331,-0.019782685471590677,0.019538074259254766
2020-02-10,208.3791504,215.7700043,215.7700043,212.1999969,213.5,17420300,212.644600526,182.23635032800001,-0.003509880867370918,0.019469798268923682
2020-02-11,209.7698364,217.2100067,220.0099945,215.2899933,219.9100037,16073500,212.97240051400001,182.38695037999997,0.006673783988982329,0.019488379783273113
2020-02-12,216.6266174,224.3099976,225.5200043,220.2100067,221.1300049,18671900,213.45860046599998,182.573800356,0.03268721827261922,0.02020159706888235
2020-02-13,212.8119354,220.3600006,225.0,218.9900055,220.0,28069700,213.939600526,182.7477503225,-0.0176095450147693,0.02049201730557941
2020-02-14,212.1069336,219.6300049,221.6399994,218.2299957,221.1000061,10690000,214.43420074600002,182.89935035899998,-0.0033127414141058686,0.019427693298987823
2020-02-18,212.9664612,220.5200043,220.8500061,217.5099945,218.5500031,12987000,214.969800722,183.05000038349996,0.004052266904083668,0.01928783352296187
2020-02-19,214.5309448,222.1399994,223.5599976,220.75,221.5200043,10798100,215.41260071,183.184650347,0.007346250083489547,0.01931965406837482
2020-02-20,210.5713806,218.0399933,222.5,214.2200012,222.5,14950100,215.735600588,183.33365028600002,-0.01845685653675211,0.019628525911369626
2020-02-21,205.308075,212.5899963,217.6000061,211.5599976,217.5399933,17681200,216.012600404,183.48945030399997,-0.02499540069468531,0.020158389984049157
2020-02-24,199.0983276,206.1600037,207.2799988,202.5099945,203.5500031,19380200,216.12680054,183.622300341,-0.03024597917075178,0.0205628243712085
2020-02-25,198.5671692,205.6100006,209.9499969,204.1000061,208.5099945,18132400,216.146200564,183.7551503775,-0.0026678458000046756,0.02044836556468376
2020-02-26,201.5899658,208.7400055,213.0800018,206.7899933,206.8000031,19482100,216.231000674,183.908850405,0.01522301877761878,0.019819822570528313
2020-02-27,198.0070343,205.0299988,209.9700012,201.8600006,205.0099945,22741200,216.233400576,184.08395042649997,-0.01777333813474491,0.019831407448592974
2020-02-28,200.8752899,208.0,208.9199982,198.5610046,198.9799957,31251100,216.254000552,184.249750445,0.014485690959288089,0.02007806698200578
2020-03-02,203.7532196,210.9799957,211.1100006,203.7559967,208.5899963,21542200,216.310000612,184.41665039299997,0.014326902403846153,0.020301709923264123
2020-03-03,200.3055115,207.4100037,211.3899994,202.2400055,211.0800018,20813800,216.25820068599998,184.57585037500002,-0.016920997595792353,0.02020984841023013
2020-03-04,204.6996613,211.9600067,212.6999969,208.8500061,209.4900055,12474400,216.294800722,184.787800372,0.02193723985744289,0.020341129813277705
2020-03-05,204.2167816,211.4600067,215.1499939,209.1399994,210.0,13462900,216.27900085599998,185.04185043599998,-0.0023589355736701734,0.02033872693967525
2020-03-06,197.6303864,204.6399994,207.0,201.1000061,206.6999969,21700500,216.075200808,185.24790046950002,-0.03225199604611573,0.020977429188375335
2020-03-09,190.8894806,197.6600037,199.8899994,193.9299927,195.6199951,25502600,215.74320099200003,185.442050479,-0.034108657742695336,0.02139901186828815
2020-03-10,199.3204498,206.3899994,207.4499969,200.8000031,205.5299988,19022600,215.54340088200001,185.694000476,0.04416672840525693,0.021889994793582734
2020-03-11,192.0966644,198.9100037,203.1000061,196.1100006,201.6499939,18908200,215.21220093199997,185.91355049450002,-0.03624204526258645,0.022437813222672277
2020-03-12,178.7597046,185.1000061,190.4869995,183.9299927,186.5,30247100,214.65600098,186.065000537,-0.06942837133937474,0.025526141439447127
2020-03-13,187.3548431,194.0,195.9900055,187.8099976,194.8999939,23650500,214.294000858,186.27260055850002,0.048082083234463946,0.027131092498402405
2020-03-16,172.7237854,178.8500061,188.0,174.5,176.1499939,26628500,213.47560089400002,186.4115005525,-0.07809275206185562,0.03046522804527513
2020-03-17,178.4796295,184.8099976,189.3899994,179.6900024,181.2599945,19276500,212.831800846,186.58925056799998,0.033323965874888506,0.030540472529281017
2020-03-18,173.8343811,180.0,182.4100037,170.0,176.0,22054200,212.099000858,186.7397005495,-0.026026717506975383,0.02926215724010574
2020-03-19,174.6842499,180.8800049,187.25,177.3899994,179.2599945,20905700,211.364000858,186.87335060450002,0.004888916111110975,0.029319084467456295
2020-03-20,175.089859,181.3000031,188.3000031,180.0,187.7400055,21006100,210.63000092,187.0216006505,0.0023219714098980937,0.029311126305938292
2020-03-23,170.2997589,176.3399963,178.5,169.9499969,175.2700043,22554700,209.72120087,187.145800632,-0.02735800725422055,0.02946491487510476
2020-03-24,179.3874359,185.75,188.8000031,181.1799927,183.0899963,20801500,208.959600834,187.3034006535,0.05336284392334423,0.03142154516950202
2020-03-25,182.101181,188.5599976,195.1900024,184.5149994,185.8200073,19605200,208.121200872,187.446950611,0.015127847106325643,0.03156279559830366
2020-03-26,188.6296387,195.3200073,196.3200073,187.6000061,188.6399994,15416800,207.49780090800002,187.610300678,0.03585070951443403,0.03169534931148754
2020-03-27,182.1301575,188.5899963,192.7400055,188.0,189.9700012,13376400,206.76840088199998,187.753050693,-0.03445633190901476,0.03208953055782293
2020-03-30,184.7183533,191.2700043,191.4799957,187.0099945,187.4799957,12254400,206.11500092000003,187.9077507055,0.014210764370220286,0.032274108316964326
2020-03-31,187.8184052,194.4799957,196.7899933,190.6000061,192.0,19084800,205.45600098,188.0896506535,0.016782513346762062,0.03246795120150369
2020-04-01,181.1354218,187.5599976,192.8699951,185.0399933,189.5,17948600,204.76200104199998,188.227900623,-0.03558205601091535,0.032908912873977236
2020-04-02,182.4295349,188.8999939,191.3000031,185.6920013,186.0800018,13412100,204.09260101799998,188.34485062,0.007144360829315799,0.03288242272843673
2020-04-03,180.7008514,187.1100006,190.5500031,185.4100037,190.1199951,9483100,203.45220093199998,188.4531005895,-0.009475878019072792,0.03266603935444768
2020-04-06,189.7209167,196.4499969,196.8800049,192.6999969,194.7400055,13248700,203.10620086999998,188.594100574,0.049917141093740014,0.03368462747766894
2020-04-07,191.2178345,198.0,201.4499969,197.0500031,200.0500031,14934500,202.956800846,188.7463505585,0.00789006426296357,0.033722306958493056
2020-04-08,189.2670135,195.9799957,198.8600006,193.8840027,198.3399963,13608000,202.671800846,188.88575050650002,-0.01020204191919194,0.033627660829043886
2020-04-09,189.6436615,196.3699951,200.3500061,193.3999939,198.6499939,17821300,202.358800662,189.03860046650004,0.001989995961613422,0.03349216480976632
2020-04-13,192.6085052,199.4400024,200.3249969,195.5299988,197.3999939,16117900,202.176000674,189.19085045100002,0.01563379017469857,0.03351099019844178
2020-04-14,197.7655945,204.7799988,207.9700012,204.25,204.9499969,16757100,202.13980072400003,189.3602504755,0.026774951543020897,0.03378138687220671
2020-04-15,201.0394745,208.1699982,209.1499939,201.3099976,204.7700043,10768100,202.04120056600001,189.55385048199997,0.016554348177874934,0.0337709763911452
2020-04-16,205.3756714,212.6600037,213.25,209.1199951,210.5299988,16353800,201.83680054200002,189.741900485,0.021568936632675673,0.03376304798774943
2020-04-17,202.3239136,209.5,214.9799957,208.8509979,214.9799957,13558500,201.622400518,189.9121505005,-0.014859417121321217,0.03387861798071504
2020-04-20,204.8638306,212.1300049,216.1000061,209.3600006,209.8699951,19295400,201.447000738,190.099450534,0.01255372267303101,0.03338031759646629
2020-04-21,200.2378998,207.3399963,212.1300049,205.0299988,209.8999939,14107600,201.26320068799998,190.2696505,-0.022580533113446433,0.03301774209230451
2020-04-22,202.768158,209.9600067,212.0,209.2100067,212.0,13471100,201.14700073599997,190.477200549,0.012636300022930147,0.03212314742058616
2020-04-23,198.2098389,205.2400055,210.5599976,203.4600067,210.2400055,20424000,200.90760071200003,190.659400561,-0.02248047746895032,0.03166687126391145
2020-04-24,197.3599701,204.3600006,206.5,202.8200073,205.8899994,14673900,200.50860077200002,190.84655060049997,-0.004287686983130534,0.028730311393496116
2020-04-27,196.7129364,203.6900024,207.7799988,202.0299988,207.5500031,17286800,200.17520080799997,191.03225059700003,-0.0032785192700768295,0.027498729416473636
2020-04-28,194.2599335,201.1499939,205.1900024,199.4069977,204.8099976,17203800,199.80560058799998,191.19265052999998,-0.012469971378428313,0.023179103204655264
2020-04-29,199.6198273,206.6999969,207.0800018,202.5099945,202.9299927,19117800,199.52920044,191.35865051449997,0.02759136548996932,0.022953107111008435
2020-04-30,195.7278595,202.6699982,206.6999969,199.2899933,206.25,20107400,199.13980041599999,191.5010504935,-0.019496849349009304,0.022688062662904015
2020-05-01,187.8184052,194.4799957,197.3800049,192.8600006,195.75,22276200,198.66860046399998,191.5993504355,-0.040410532258049914,0.024104474364517202
2020-05-04,184.6024628,191.1499939,195.0,189.5299988,194.7599945,25709400,198.239800416,191.69110038950004,-0.01712259293308893,0.02437487366304999
2020-05-05,188.3399048,195.0200043,198.2700043,194.1999969,196.3800049,22957200,198.017000428,191.80125038350002,0.020245935252420688,0.023939961950717608
2020-05-06,188.4847717,195.1699982,198.9100037,194.9299927,197.6699982,18598900,197.80820038,191.9071003745,0.0007691205860567152,0.0220219115200503
2020-05-07,189.7595673,196.4900055,198.0899963,194.7799988,198.0,16164600,197.56320038,191.99910042049999,0.006763371994538359,0.02190107873514497
2020-05-08,194.2985687,201.1900024,203.0200043,198.6799927,199.8000031,23819700,197.48640045199997,192.11170044150003,0.02391977590941652,0.021359416425827005
2020-05-11,198.3643494,205.3999939,206.6399994,202.3800049,202.7799988,17920700,197.43440033,192.25225044450002,0.020925450816536184,0.020548594618215295
2020-05-12,193.4487,200.3099976,208.0500031,200.0200043,206.9499969,17826800,197.22100036799998,192.36010040500003,-0.024780898009559293,0.021045714798367445
2020-05-13,192.6278229,199.4600067,204.6799927,197.9799957,203.6199951,22429700,197.062000428,192.472300417,-0.004243377316080599,0.02087742261207786
2020-05-14,194.4048004,201.3000031,201.7700043,194.0299988,195.5,20025900,196.848800356,192.608300402,0.009224888890971839,0.0197377754949088
2020-05-15,196.7032623,203.6799927,204.4900055,200.1000061,200.6999969,17209500,196.69320007600004,192.76115036250002,0.011823097681810335,0.019793757949115882
2020-05-18,207.9059448,215.2799988,215.4700012,210.3699951,212.5,23556600,196.906000064,193.009300387,0.056952113686912886,0.021979245174706057
2020-05-19,209.7601624,217.1999969,220.5899963,215.1900024,216.7299957,21438100,197.296799928,193.29030037150002,0.008918608838268005,0.02029483673823903
2020-05-20,209.3641968,216.7899933,221.1569977,210.5800018,220.0,38324100,197.50479980599997,193.60590034700002,-0.0018876777433324277,0.020301258561788934
2020-05-21,204.892807,212.1600037,214.5800018,209.5299988,211.2899933,29850700,197.769799806,193.87955040199998,-0.021357026353116204,0.020654740695092662
2020-05-22,192.8595886,199.6999969,204.8800049,198.9900055,203.2299957,51979300,198.06179962200002,194.0822003955,-0.058729291962206,0.0235186437142167
2020-05-26,194.8104095,201.7200012,206.8000031,201.0,205.9400024,28683200,198.21619964600004,194.27970039549996,0.01011519444845832,0.023420230155489278
2020-05-27,194.2889099,201.1799927,202.9900055,196.75,202.9900055,23605400,198.662799378,194.49000038350002,-0.0026770201109833636,0.02289862238638952
2020-05-28,192.6567993,199.4900055,202.3699951,197.6199951,199.0,18763200,198.956399536,194.69090042300002,-0.008400374099427177,0.022716407531812324
2020-05-29,200.2861938,207.3899994,207.8800049,196.6999969,200.0,43179500,199.504199524,194.90770042599996,0.039600950835604554,0.023561612440204542
2020-06-01,199.494278,206.5700073,207.1999969,203.9400024,205.8999939,16169700,200.017999572,195.13025047450003,-0.003953865192981021,0.023417190944565597
2020-06-02,206.9884644,214.3300018,214.5700073,207.1699982,207.2100067,22485800,200.67859954600002,195.36705047750002,0.037565930317900564,0.024315121761782445
2020-06-03,211.1218719,218.6100006,218.9700012,213.75,215.6000061,19999500,201.52399963199997,195.58710045,0.01996920059746854,0.024155008592868468
2020-06-04,210.5713806,218.0399933,220.0,216.3200073,217.2799988,14962400,202.169799498,195.78590042250002,-0.002607416396484874,0.024084827889949444
2020-06-05,212.0296783,219.5500031,220.5899963,218.6999969,220.0,11983200,202.789599608,195.99760040450002,0.0069253799596407095,0.023668312730297663
2020-06-08,211.4985199,219.0,220.3999939,215.3300018,219.6000061,12731200,203.263199462,196.21640037699999,-0.002505138201931545,0.023652864831603816
2020-06-09,213.1596069,220.7200012,220.7200012,216.1999969,216.3099976,14140100,203.90579956000002,196.4604503645,0.007853886757990924,0.02364511365269273
2020-06-10,216.0182037,223.6799927,225.0,220.6000061,222.0,13372400,204.553999328,196.7561503615,0.01341061745155514,0.023534958874201883
2020-06-11,207.8673096,215.2400055,219.9499969,213.5599976,218.0,15560300,204.969199524,197.0028504195,-0.037732418971059944,0.024269579040402344
2020-06-12,210.1850891,217.6399994,219.5,213.8800049,218.5,12716500,205.57079956,197.260050432,0.011150315176887471,0.023992800694624478
2020-06-15,209.5959778,217.0299988,217.7200012,212.75,214.1100006,17419900,206.13339965800003,197.50780044750002,-0.0028027963686899637,0.022607438312379304
2020-06-16,214.9945068,222.6199951,224.8399963,220.1000061,221.0,17212400,206.84359954800001,197.75685043500002,0.02575679090866778,0.022587240037132972
2020-06-17,216.5686798,224.25,225.0,222.5,224.3999939,12486700,207.39959961,198.002950441,0.007321915981840732,0.02241574558697405
2020-06-18,215.8829956,223.5399933,226.0299988,222.9199982,223.7400055,10358800,207.91039947599998,198.258600389,-0.003166139130434842,0.022452295776820837
2020-06-19,213.0823364,220.6399994,226.5,220.0899963,226.3800049,19545200,208.40359955,198.490150377,-0.0129730427973489,0.022680125042951346
2020-06-22,213.8259583,221.4100037,222.0800018,219.4450073,220.9199982,13303600,208.90439972200002,198.70250038350002,0.003489867213986253,0.022369723490470582
2020-06-23,220.9145355,228.75,230.2250061,224.5299988,225.1199951,18263400,209.490599674,198.9628003715,0.03315115025220505,0.022806359175789468
2020-06-24,218.4712067,226.2200012,231.0299988,224.2519989,228.3000031,12159500,209.91939972199998,199.20500038350002,-0.011060104043715824,0.022345374650301723
2020-06-25,214.5502777,222.1600037,224.6900024,220.8699951,224.5899963,14953100,210.199199832,199.4408503745,-0.017947119964916713,0.022663935501193073
2020-06-26,208.3212128,215.7100067,222.2599945,213.5,222.2100067,19340600,210.26019989199997,199.63895042649997,-0.02903311528887953,0.023414855701637215
2020-06-29,207.6548462,215.0200043,216.5,211.8200073,215.0299988,12333000,210.370599978,199.8228504205,-0.003198750074490664,0.023370787788954905
2020-06-30,208.311554,215.6999969,216.4299927,212.8899994,215.7400055,12933800,210.441999818,200.005500414,0.003162462033305724,0.02095356304719819
2020-07-01,208.5529785,215.9499969,216.5500031,214.7400055,215.8099976,11788100,210.61419983,200.199900362,0.0011590171701110208,0.020891032728053753
2020-07-02,215.9409485,223.6000061,225.0249939,220.0599976,221.8500061,18128700,210.886999818,200.42290039249997,0.03542490997831549,0.02186169657916839
2020-07-06,231.7791901,240.0,240.4799957,232.8200073,233.3099976,33702900,211.58219970799996,200.72290039249998,0.0733452301099915,0.025082732027794985
2020-07-07,228.4087372,236.5099945,241.3000031,236.1300049,241.0099945,16491600,212.22519958599997,201.0031503315,-0.01454168958333335,0.022400538726705537
2020-07-08,248.8535919,257.6799927,258.4899902,244.0200043,244.8600006,39922700,213.304999392,201.3790003225,0.08950995176654164,0.027111212109550992
2020-07-09,252.6199799,261.5799866,268.0,255.9100037,265.5499878,36803900,214.513599246,201.80200027700002,0.015135027982325688,0.027052067125324562
2020-07-10,252.0695343,261.0100098,261.8999939,255.7100067,260.2099915,20335000,215.599799504,202.2493003105,-0.0021789770976309297,0.026936616921686998
2020-07-13,243.0494537,251.6699982,265.6600037,250.6799927,261.4500122,21568700,216.579799504,202.624350283,-0.035784112675053326,0.02752619424750599
2020-07-14,240.0652924,248.5800018,249.75,241.2299957,246.5700073,19782600,217.66179962600003,202.99225029200002,-0.012277968856440391,0.027680151813658106
2020-07-15,240.6737213,249.2100067,252.5,246.5399933,251.4799957,12614700,218.822999882,203.40840034700003,0.0025344150592889747,0.02705856790380028
2020-07-16,234.1935425,242.5,245.0500031,240.7400055,241.7700043,18032100,219.772599796,203.7847503685,-0.026925109424187577,0.027537169346731016
2020-07-17,238.6746216,247.1399994,247.9299927,244.4799957,246.5500031,18742400,220.81199982,204.19470039599997,0.0191340181443298,0.027648053247430922
2020-07-20,246.0818939,254.8099976,257.6700134,252.4299927,256.4500122,19015000,221.978399662,204.6399003625,0.031035033659549294,0.02806687147494185
2020-07-21,249.06604,257.8999939,261.9200134,256.519989,261.2099915,17120700,223.11259949200002,205.08200035349998,0.012126668219865966,0.028052821646493812
2020-07-22,243.0784149,251.6999969,256.269989,249.6000061,255.7599945,19682200,224.03859955200002,205.4888003565,-0.02404031464383849,0.028573243713683832
2020-07-23,243.2522583,251.8800049,257.6600037,248.6900024,252.1000061,25712000,225.06999969800003,205.9066003445,0.0007151688606159556,0.028534890257987246
2020-07-24,240.4709015,249.0,249.4799957,241.8899994,244.9600067,17221500,226.06079956399998,206.34195038099998,-0.011434035429463307,0.027585683582576792
2020-07-27,242.2671967,250.8600006,252.8699951,245.8099976,247.1100006,18966900,227.05199951400002,206.770300372,0.007469881927710809,0.027566606688710842
2020-07-28,240.5192108,249.0500031,251.6499939,248.5299988,251.1499939,9878700,227.95939972199997,207.185200351,-0.007215169798576504,0.027621960536306108
2020-07-29,243.8027344,252.4499969,254.3000031,250.1000061,250.3399963,11493600,228.702799684,207.5827503235,0.013651852068577552,0.027395117759194273
2020-07-30,244.0828094,252.7400055,253.8600006,249.6199951,251.6999969,7032900,229.413599856,207.9906503325,0.0011487764054711747,0.027396786749004417
2020-07-31,242.4217224,251.0200043,254.3999939,248.1000061,254.1999969,12304100,230.09820007600004,208.3693003875,-0.006805417276925629,0.027439226491029808
2020-08-03,249.1046906,257.9400024,260.6499939,254.0,254.0200043,11530300,231.01380005,208.773400424,0.02756751645868727,0.02756100578622223
2020-08-04,253.2187805,262.2000122,262.5599976,258.8200073,260.0799866,10994500,232.263800356,209.2001504545,0.01651550655331757,0.02762950291877324
2020-08-05,255.8359528,264.9100037,265.9760132,261.7550049,263.7399902,10673800,233.52760040599998,209.67905044850002,0.010335588763942916,0.027166839908868808
2020-08-06,256.5795593,265.6799927,265.7000122,259.2000122,263.4200134,10359500,234.81760040600003,210.1398503905,0.0029066059765412433,0.026996820436538144
2020-08-07,243.4647217,252.1000061,257.7600098,247.5700073,257.4100037,22529600,235.869800418,210.550900424,-0.05111407322016237,0.028629079679125678
2020-08-10,239.6307068,248.1300049,251.75,246.1000061,249.3399963,13621700,236.684600528,210.94195045749998,-0.015747723538036107,0.02819010012942507
2020-08-11,239.9107666,248.4199982,252.8800049,247.8300018,251.2899933,10681800,237.52160034599999,211.321300433,0.0011687151665389361,0.02815727014953859
2020-08-12,246.4488831,255.1900024,256.0799866,248.6799927,249.25,11112300,238.33880035800001,211.72570045700002,0.027252251223951474,0.02843926353330266
2020-08-13,245.0292358,253.7200012,256.9700012,252.8800049,256.3900146,8794500,239.04100037,212.10090049949997,-0.005760418457521732,0.028507874880979046
2020-08-14,245.2706757,253.9700012,255.7700043,251.6399994,255.4900055,7876400,239.75960052800002,212.48630050850002,0.0009853381633990743,0.027960767947409714
2020-08-17,248.1582336,256.9599915,257.375,250.0850067,253.0,9760000,240.50780029600003,212.883450472,0.011773005811207549,0.024826592158941035
2020-08-18,250.3215332,259.2000122,261.4200134,256.0599976,258.7099915,13267800,241.31180054,213.29610054199998,0.008717390932821534,0.024636191367349358
2020-08-19,251.6638947,260.5899963,261.2900085,257.3800049,260.8900146,14096500,242.109200442,213.71675049,0.005362592725989046,0.018518619469939244
2020-08-20,249.1336517,257.9700012,258.8800049,254.1799927,256.8900146,21460800,242.795000612,214.108150484,-0.010054089324993742,0.01840483097163468
2020-08-21,256.6954346,265.7999878,267.4299927,258.3099976,259.0299988,25648200,243.80620025800002,214.52715042300002,0.030352314469035857,0.019230020982537666
2020-08-24,266.5653687,276.019989,276.9700012,271.6199951,273.2399902,22475800,244.97380005,214.98645034950002,0.03844996865722217,0.019137847157893663
2020-08-25,276.2035217,286.0,289.1199951,276.0400085,278.0599976,27535500,246.35320007399997,215.483150331,0.03615684152498089,0.019812868759992972
2020-08-26,281.9593811,291.9599915,292.480011,284.1000061,289.2600098,19530300,247.74000000200002,216.00715027,0.020839131118881138,0.02001907167488349
2020-08-27,274.4362488,284.1700134,290.25,282.1000061,290.1700134,14805800,248.93840027,216.4944503035,-0.026681662990800548,0.020005525479306036
2020-08-28,279.100769,289.0,289.5,283.5700073,285.0899963,9681500,250.247600404,217.0046002975,0.016996820115573685,0.019959028480097372
2020-08-31,277.1982422,287.0299988,289.1900024,283.6099854,288.6199951,13253800,251.575400392,217.527350313,-0.006816613148789008,0.019474612233682912
2020-09-01,287.7924805,298.0,298.0,288.8699951,289.2000122,13797100,253.107200318,218.10335029750001,0.03821900583863291,0.020403152680674705
2020-09-02,285.9285889,296.0700073,299.0,289.7900085,299.0,12638600,254.453600464,218.6562503065,-0.00647648557046987,0.019782774066693962
2020-09-03,272.8233948,282.5,290.7330017,278.1600037,289.0,16766200,255.57920044000002,219.1457003035,-0.045833779057025015,0.021893328183841314
2020-09-04,271.7514648,281.3900146,283.7799988,267.3900146,279.6000061,15885800,256.763800658,219.6264003765,-0.003929151858407143,0.02175255503081633
2020-09-08,260.7709045,270.019989,273.9700012,266.5899963,270.230011,12734000,257.85000030400005,220.064750291,-0.04040664206284161,0.023219828814358388
2020-09-09,263.7936707,273.1499939,275.6400146,270.8800049,274.4500122,9465700,259.01260009599997,220.5062002575,0.011591752564659163,0.023196251260278487
2020-09-10,258.385498,267.5499878,277.1000061,267.3999939,274.8999939,10676800,260.049599914,220.91005020249997,-0.02050157871154923,0.02350898309039132
2020-09-11,262.306427,271.6099854,274.5299988,268.1199951,272.6300049,9412800,261.162799684,221.315850145,0.015174725416302381,0.02362638749229807
2020-09-14,264.7111511,274.1000061,276.2900085,271.7600098,275.3599854,7883300,262.17279968400004,221.712850191,0.009167633127820762,0.0235853286751832
2020-09-15,268.4389343,277.9599915,279.1000061,274.7999878,278.0,8291400,262.93199951400004,222.098550112,0.014082398081347591,0.023230882000911134
2020-09-16,268.6127625,278.1400146,283.605011,278.0,281.0299988,9583500,263.764599916,222.48925018500003,0.0006476583159629179,0.02308703069368856
2020-09-17,266.2756653,275.7200012,275.8999939,272.3210144,273.1099854,8016900,264.125400086,222.886300203,-0.00870070206719531,0.023118111293389504
2020-09-18,263.0790405,272.4100037,277.269989,270.5499878,275.980011,11753500,264.342000428,223.27385025200002,-0.012004923420840363,0.023248850352639305
2020-09-21,264.4407349,273.8200073,274.2200012,266.3999939,269.1000061,9076400,264.598200378,223.67425026099997,0.005176034583343592,0.02105803680944147
2020-09-22,265.8603821,275.2900085,276.3200073,270.0499878,276.019989,9673300,265.07060058400003,224.05070030349998,0.005368494488386499,0.020761521484089673
2020-09-23,263.6005554,272.9500122,277.8299866,271.5,275.3999939,7353200,265.558000792,224.40600036749998,-0.008500113435827794,0.020876534203683246
2020-09-24,260.4908447,269.730011,271.25,267.3340149,267.9299927,9562100,265.968400878,224.760950395,-0.011797036292640284,0.020549965007715804
2020-09-25,261.8042603,271.0899963,271.8099976,264.5599976,267.5700073,11466600,266.540200804,225.11415039199997,0.005042024411588297,0.020502918292243093
2020-09-28,266.5557251,276.0100098,278.8399963,274.1990051,275.5299988,8761700,267.117601012,225.47100044400003,0.01814900426851329,0.020700218346606052
2020-09-29,267.4441833,276.9299927,279.2999878,274.8999939,275.4299927,7673300,267.560000914,225.8331504075,0.003333150492138559,0.020633917363068167
2020-09-30,283.9102173,293.980011,295.0,283.7099915,284.0100098,24777700,268.281601256,226.27850044400003,0.061567972951454,0.0232547240030524
2020-10-01,280.1148071,290.0499878,295.5899963,288.25,295.2600098,16304000,269.048601074,226.69390037699998,-0.013368334760692213,0.02348017623137549
2020-10-02,278.2992249,288.1700134,291.9790039,286.5100098,286.6199951,11482800,269.774401244,227.0938504805,-0.0064815531083431965,0.023416244339739826
2020-10-05,278.395752,288.269989,290.0,284.8800049,289.0599976,17876400,270.559801024,227.4852004255,0.0003469326971963227,0.022884881631929196
2020-10-06,282.3746643,292.3900146,296.8399963,286.9100037,287.4100037,15860400,271.390401304,227.89650047400002,0.014292246009694587,0.022000989649871155
2020-10-07,286.3438721,296.5,299.5100098,292.8699951,297.9899902,16669300,272.339401242,228.31775047400004,0.014056517646892308,0.02117782484844287
2020-10-08,290.2454834,300.5400085,302.2999878,295.4410095,298.1099854,15105800,273.301201474,228.74630050750002,0.013625661045531201,0.02098983833990647
2020-10-09,289.4728699,299.7399902,302.6099854,297.7399902,298.5499878,11442200,274.24120116800003,229.17370048599997,-0.0026619361062537594,0.020338497279182088
2020-10-12,295.8468018,306.3399963,309.6400146,301.2850037,303.9500122,14780100,275.34760100799997,229.623500443,0.022019104276330026,0.020486508073267542
2020-10-13,298.2032471,308.7799988,310.0100098,303.0299988,306.3599854,10898500,276.36440093600004,230.09005043099998,0.007965014459327957,0.020441220365120232
2020-10-14,290.728363,301.0400085,309.9599915,300.7999878,309.0,15157800,277.141200862,230.53070045500002,-0.02506635899371601,0.01990111843120036
2020-10-15,289.2024841,299.4599915,299.8630066,292.6099854,293.7999878,9709900,277.832200618,230.967500382,-0.0052485282865649685,0.019887470530719972
2020-10-16,296.7835999,307.3099976,310.0,302.9500122,303.9899902,12338000,278.664800716,231.4052003485,0.026213872713610753,0.0183839082725983
2020-10-19,294.8327942,305.2900085,313.8099976,303.4100037,309.8900146,14107300,279.728600764,231.846650391,-0.006573131742460325,0.018424425191710694
2020-10-20,299.1979675,309.8099976,311.7999878,307.0599976,307.6000061,8806100,280.962200618,232.312500382,0.014805558564488619,0.016620297105084125
2020-10-21,297.42099,307.9700012,314.0,307.7000122,311.75,11139700,282.153200678,232.76420036349998,-0.0059391124051961786,0.016678591883108062
2020-10-22,295.7888489,306.2799988,311.8500061,304.2099915,311.4599915,8008400,283.17500060599997,233.2056003575,-0.005487555259976462,0.01612993051298282
2020-10-23,299.3041992,309.9200134,310.3299866,304.0599976,307.269989,6231400,284.29900085,233.64630043050002,0.011884597800253083,0.01606689577275506
2020-10-26,296.3586731,306.8699951,315.4599915,303.2000122,309.9200134,9350100,285.357000728,234.06150039700003,-0.009841307976660163,0.01625148240810912
2020-10-27,306.276886,317.1400146,319.3200073,305.6099854,307.75,13175900,286.56060119,234.49480049150003,0.0334670044774279,0.017036808786103204
2020-10-28,297.3920288,307.9400024,313.5,306.0,313.5,13644500,287.535400994,234.902050476,-0.029009307487116276,0.01809800813627367
2020-10-29,301.8537598,312.5599976,315.5799866,308.9100037,309.4400024,11174500,288.57480102,235.339550476,0.015002906942888083,0.018061913730472955
2020-10-30,294.2533569,304.6900024,310.8299866,300.1900024,308.5499878,14918500,289.509201044,235.743300476,-0.02517915043649188,0.01862451824422594
2020-11-02,300.1926575,310.8399963,311.4400024,305.3900146,310.9500122,11857600,290.410001214,236.160350494,0.020184429589278796,0.018859910902184474
2020-11-03,275.788269,285.5700073,294.2799988,280.7799988,286.2000122,58132500,290.60100158,236.476900558,-0.08129580910048417,0.024500989630982378
2020-11-04,285.5809326,295.7099915,299.1700134,285.2999878,287.7900085,28791200,290.79520141,236.84360054,0.03550787526978505,0.02518835668491514
2020-11-05,277.8935852,287.75,291.25,279.6000061,289.0899963,50065200,290.71100158,237.1867005155,-0.026918236545280916,0.025641550196550802
2020-11-06,289.6757202,299.9500122,300.8900146,289.7860107,291.4899902,25259600,291.026601556,237.6177005765,0.04239795725456119,0.0266571874734665
2020-11-09,280.5783691,290.5299988,304.0,290.5,303.769989,22559900,291.057201532,238.0430005645,-0.031405277602452486,0.027261057388937523
2020-11-10,257.4100952,266.5400085,280.0,264.3299866,279.9700012,61064000,290.647401726,238.3245506285,-0.0825731951918488,0.03133204581316993
2020-11-11,256.5505676,265.6499939,271.9200134,261.2049866,261.9200134,41699000,290.000401604,238.5927005765,-0.003339140735414081,0.029034294672033254
2020-11-12,255.2565002,264.3099976,271.2000122,263.0400085,271.0400085,27119100,289.36520141,238.87135055550004,-0.005044217318915023,0.028971042451415956
2020-11-13,251.9053497,260.8399963,265.4400024,257.1700134,264.7200012,33942800,288.932001336,239.1426005555,-0.013128528362560843,0.029026510966219703
2020-11-16,249.4620056,258.3099976,262.5700073,257.0299988,260.4200134,20864200,288.47040099599997,239.368650513,-0.009699427756049372,0.029045728868760008
2020-11-17,248.0037231,256.7999878,260.2799988,256.5400085,260.2799988,19739500,288.20600097199997,239.53825042749997,-0.005845727281288848,0.02885884443012655
2020-11-18,247.0669556,255.8300018,258.3099976,252.5500031,257.7600098,28307100,287.85960113,239.7163004305,-0.0037772042292908425,0.028659103488831647
2020-11-19,250.987915,259.8900146,261.3999939,253.5599976,255.0,20752800,287.706401666,239.911250534,0.015869963536074838,0.028710927867555542
2020-11-20,261.4662476,270.7399902,272.3699951,261.8999939,263.9700012,34178400,287.689001762,240.18230049099998,0.041748335797738845,0.029924172049465406
2020-11-23,260.8578186,270.1099854,275.730011,266.4110107,274.75,25317100,287.609201348,240.45400039650002,-0.002326973564321211,0.029551659935827906
2020-11-24,270.3703918,279.9599915,280.6099854,272.7999878,276.2349854,20660500,287.64920134799996,240.76775032050003,0.0364666492629413,0.03038776015428581
2020-11-25,268.2071533,277.7200012,279.3299866,274.0499878,275.7000122,15229300,287.64080108,241.0348003385,-0.008001108615550145,0.030115173154829394
2020-11-27,267.0096436,276.480011,278.9200134,275.6659851,278.7999878,9583200,287.65600127600004,241.3154003905,-0.004464893398538616,0.030112809931870255
2020-11-30,254.339035,263.3599854,268.9700012,262.519989,268.9700012,30476100,287.47500091,241.534050293,-0.04745379440830522,0.03071270907828889
2020-12-01,254.9667816,264.0100098,265.6700134,261.5700073,265.4700012,14573100,287.27880095999996,241.7515003205,0.0024681972814233344,0.030737695543776065
2020-12-02,252.3689117,261.3200073,263.1000061,260.1099854,262.0,13919700,286.999400936,241.94740036,-0.010189017083245377,0.030538271991267376
2020-12-03,257.7674561,266.9100037,268.6000061,263.1400146,263.7799988,15520500,286.87860076600003,242.191750412,0.021391383146498244,0.030920648524570885
2020-12-04,258.0957947,267.25,271.2999878,266.269989,271.019989,15527600,286.82900054600003,242.4650504305,0.0012738237431599853,0.03093622887087508
2020-12-07,254.9570923,264.0,265.9700012,262.6000061,265.7000122,11388700,286.68720062,242.754250412,-0.012160898035547207,0.030820130085479493
2020-12-08,256.9755249,266.0899963,268.3999939,263.8699951,265.2000122,9447700,286.48880034999996,243.0566503905,0.007916652651515088,0.03089165632011588
2020-12-09,254.7639465,263.7999878,267.9100037,263.1000061,267.5599976,9060700,286.22620025199996,243.331950302,-0.008606142778168069,0.030063270746800937
2020-12-10,255.7973022,264.8699951,266.0899963,261.2000122,261.9899902,10290300,285.643999934,243.6311502835,0.00405613096847901,0.029783028928345036
2020-12-11,255.4786377,264.5400085,265.3200073,262.5,264.2900085,7771300,285.13380034799997,243.913850326,-0.001245843644446798,0.029561717835565493
2020-12-14,247.2601013,256.0299988,260.855011,256.0299988,260.3200073,18369900,284.49100005599996,244.1391003415,-0.032169083792858544,0.029752264563321296
2020-12-15,246.3716278,255.1100006,255.6799927,252.3000031,255.3399963,16595600,283.827800288,244.377600326,-0.003593321893184287,0.029362872349520203
2020-12-16,252.9193878,261.8900146,263.1799927,257.0400085,257.7399902,15804800,283.217800288,244.6272503655,0.026576825620531874,0.02628547272553722
2020-12-17,255.3723602,264.4299927,264.8500061,260.2000122,264.7000122,14306600,282.576400142,244.89210029549997,0.00969864431020584,0.025404777263758685
2020-12-18,251.0941315,260.0,264.8999939,259.2000122,263.8999939,15981800,281.765599972,245.16890029849998,-0.01675298877698006,0.02514679761360192
2020-12-21,251.5093842,260.4299927,260.4599915,254.5,255.1699982,10901800,280.979400022,245.48275024350002,0.0016538180769232191,0.023663324375112166
2020-12-22,247.0669556,255.8300018,258.3399963,255.4100037,257.8699951,11468400,279.969200132,245.7299502555,-0.017663061202397468,0.023252411695808245
2020-12-23,247.4049683,256.1799927,257.3500061,252.5299988,255.5,10729200,278.91720001,246.0163002005,0.0013680604211292469,0.017901730046559927
2020-12-24,214.395752,222.0,229.8999939,211.2299957,228.2350006,141830000,277.33639983999996,246.20080017,-0.133421788094227,0.03006691904378049
2020-12-28,214.7434235,222.3600006,224.9900055,215.3200073,216.8800049,73512100,275.794400022,246.342600173,0.0016216243243243333,0.030095034739089786
2020-12-29,228.1672974,236.2599945,239.1900024,229.6000061,231.7599945,69715900,274.37339996,246.629650115,0.06251121542765459,0.03248814506444979
2020-12-30,230.2243347,238.3899994,243.3899994,234.6450043,243.3480072,44812300,273.035399778,246.89755012400002,0.00901551235750997,0.032529921051126946
2020-12-31,224.758194,232.7299957,238.9199982,231.0269928,237.4600067,23451800,271.49379974,247.1612001025,-0.023742622233506316,0.03276359325302077
2021-01-04,220.0453796,227.8500061,230.3800049,225.0399933,226.5,24897900,269.891399838,247.39605010850002,-0.02096845997578467,0.03293242566931558
2021-01-05,232.1654816,240.3999939,240.7599945,228.1199951,229.0500031,35823800,268.57379973999997,247.6915500625,0.05508004153614987,0.034462178754023375
2021-01-06,219.8135834,227.6100006,238.3000031,225.8600006,234.9499969,37146100,266.92759948400004,247.947900084,-0.05320296848809525,0.03466562615029709
2021-01-07,219.1278992,226.8999939,229.9499969,220.0899963,229.3099976,49361800,265.32819946,248.15365005350003,-0.0031194002817467315,0.03466369318475751
2021-01-08,228.0997009,236.1900024,238.6000061,226.6829987,227.8800049,34884900,263.709199216,248.39180007750002,0.04094318532284458,0.0348582798869724
2021-01-11,219.5818024,227.3699951,230.8249969,225.8600006,229.8999939,23036900,262.09779907,248.55205001650003,-0.03734284775128982,0.035352382297868655
2021-01-12,217.8724518,225.6000061,229.75,225.1399994,228.3849945,18969900,260.35859924,248.7371000655,-0.007784619950497618,0.035352550765413666
2021-01-13,227.2401733,235.3000031,240.4900055,226.2899933,229.9400024,38805100,258.970799254,248.9572500595,0.042996439440255774,0.035562947659763554
2021-01-14,234.6571045,242.9799957,245.6999969,241.4700012,245.3099976,31381600,257.613599242,249.1997500595,0.03263915214117552,0.036148019888020404
2021-01-15,235.1206818,243.4600067,246.9900055,242.1499939,246.25,21561600,256.77139923,249.479250105,0.001975516538376576,0.03612245690089852
2021-01-19,243.0301208,251.6499939,252.8800049,246.9900055,250.0,23681900,255.890199278,249.793000105,0.03363996950058401,0.036460120476195235
2021-01-20,256.3960571,265.4899902,269.0,262.7000122,267.5,44640800,255.44499908199998,250.184900053,0.054997006300344875,0.03788216932270835
2021-01-21,251.0941315,260.0,264.6000061,257.8999939,264.1300049,20709900,254.64599883799997,250.5026500685,-0.02067870881257816,0.038012011220429236
2021-01-22,249.7613831,258.6199951,260.3299866,255.5,256.7999878,13518200,254.007798764,250.80575004399998,-0.005307711153846206,0.03799627315610898
2021-01-25,252.4268494,261.3800049,265.2000122,257.8500061,263.6199951,19478600,253.904598692,251.13275009,0.010672066554377801,0.038012701532741985
2021-01-26,256.8113708,265.9200134,266.0,261.1199951,263.7999878,14681200,253.90999908199998,251.4805001815,0.01736937950451467,0.03813419243066105
2021-01-27,251.335556,260.25,265.9200134,259.9500122,265.1300049,16050400,253.82879913,251.7845501695,-0.0213222514827085,0.038347961251894894
2021-01-28,251.8281097,260.7600098,261.5700073,257.3299866,259.1700134,10244900,253.82719939999998,252.0644502245,0.00195969183477418,0.03785801033321615
2021-01-29,245.1354675,253.8300018,258.8999939,252.3000031,256.0299988,14693000,253.737599484,252.2927502425,-0.02657619166878855,0.038192083600720586
2021-02-01,255.6234589,264.6900024,265.0,255.1950073,258.7999878,15289300,253.895399776,252.552900236,0.042784542894803046,0.038684250294412456
2021-02-02,245.7825165,254.5,265.0,254.0399933,264.5700073,30534300,253.86879974,252.777900236,-0.03849787414562367,0.039310622392432194
2021-02-03,254.4066162,263.4299927,268.2799988,261.25,264.7000122,29179700,253.93959930200003,253.034400175,0.03508837996070735,0.03970917900692604
2021-02-04,257.8157043,266.9599915,269.9899902,265.5580139,269.5799866,16763000,253.86399932800003,253.33250015099998,0.013400140066890609,0.03977143674037784
2021-02-05,256.5699158,265.6700134,266.4500122,263.2099915,264.6099854,11018700,253.77519988799997,253.6110501845,-0.0048321027160356245,0.03962570400609479
2021-02-08,253.5953979,262.5899963,265.0,261.8200073,264.980011,10721100,253.42779998400002,253.89780013849997,-0.011593393851953682,0.039703890931639174
2021-02-09,257.3618164,266.4899902,267.2000122,262.5400085,263.0,12432800,253.20319976399998,254.20845008650002,0.014852027704606252,0.0304701497929399
2021-02-10,258.6173096,267.7900085,270.3999939,264.6000061,268.7000122,13090800,253.029399714,254.528950117,0.004878300678476943,0.030457775363813538
2021-02-11,259.7182312,268.9299927,274.2600098,267.2000122,268.75,15295800,253.14079985999996,254.867850111,0.004257007968241799,0.028572976006555152
2021-02-12,258.6752319,267.8500061,270.25,265.6799927,269.0899963,9355100,253.21759978600002,255.173600157,-0.004015865204015423,0.02860444809228802
2021-02-16,261.4276123,270.7000122,274.2900085,270.3999939,271.0,16708700,253.40519988399998,255.51375022699997,0.010640306272518885,0.028127578907133886
2021-02-17,261.5531616,270.8299866,272.3160095,267.8099976,270.8900146,13262400,253.48359954199998,255.89550018149998,0.0004801418328121976,0.027702796967055212
2021-02-18,255.4496613,264.5100098,266.1799927,262.3299866,265.230011,15382300,253.42879973799998,256.262300261,-0.023335587315647777,0.026604094209525597
2021-02-19,254.5611572,263.5899963,269.3900146,262.8500061,266.0499878,14718400,253.420599664,256.60515022100003,-0.0034781802801928663,0.02440563258536555
2021-02-22,245.2996521,254.0,259.4599915,254.0,257.9899902,14403500,253.178799738,256.89930023,-0.03638224680228497,0.02552599196177095
2021-02-23,244.092453,252.75,254.8999939,241.6199951,247.3099976,15980300,252.95779998200004,257.18060020250005,-0.004921259842519676,0.024598710510983966
2021-02-24,241.7649994,250.3399963,252.0,248.1000061,252.0,12831700,252.66720000599997,257.42635017199996,-0.009535128387734959,0.023544910923929473
2021-02-25,231.9530182,240.1799927,250.3399963,240.0700073,250.0,17967300,252.17999969000002,257.600250166,-0.04058481964593674,0.024813378675937022
2021-02-26,229.6159058,237.7599945,244.8999939,237.6499939,244.6300049,17470700,251.814599604,257.78750015049997,-0.01007576931282006,0.023684396525580877
2021-03-01,233.4113159,241.6900024,242.7899933,239.2599945,241.0500031,14043300,251.54619964000003,257.998650129,0.016529306825837642,0.023108952172421007
2021-03-02,226.3903198,234.4199982,241.1999969,234.2700043,238.7899933,14644200,250.996799312,258.1642501045,-0.030079871437826533,0.023750449196940922
2021-03-03,228.1769562,236.2700043,239.6089935,234.451004,237.5,13571700,250.433599544,258.3272001625,0.007891844186525665,0.022906134184986854
2021-03-04,222.604599,230.5,236.3699951,228.3600006,235.0,22964800,249.843599544,258.4033001685,-0.02442123077406666,0.02058130669514228
2021-03-05,225.878479,233.8899994,236.4299927,228.3399963,235.4199982,15988400,249.312799678,258.486750181,0.014707155748373113,0.02063571713456446
2021-03-08,218.9251099,226.6900024,230.8099976,226.5299988,229.0200043,17138400,248.72999969,258.5362502265,-0.030783688992561453,0.021236011213929904
2021-03-09,229.9829102,238.1399994,238.7400055,233.0749969,233.3800049,15291300,248.36919982400002,258.666150205,0.05050949260566062,0.023337310637041146
2021-03-10,226.2744446,234.3000031,241.3249969,233.6399994,241.0,10491200,248.615199886,258.83915023599997,-0.016124953009469034,0.02313766738456456
2021-03-11,232.5517883,240.8000031,241.7200012,235.0,237.1999969,15162500,248.983999936,259.03455024550004,0.02774221047374792,0.023597065431319033
2021-03-12,223.9276581,231.8699951,235.4499969,229.7059937,233.6950073,17778400,248.896199948,259.1880002575,-0.037084750353144735,0.024415578935804916
2021-03-15,222.3921204,230.2799988,230.4499969,226.2599945,228.4100037,14499700,248.733999936,259.341950224,-0.006857274910944344,0.024038744940919933
2021-03-16,219.1568756,226.9299927,229.8500061,225.5299988,228.0700073,19336600,248.61799987600003,259.4396501905,-0.014547533947615987,0.022506668571973653
2021-03-17,225.3473053,233.3399963,235.6300049,225.8099976,226.5,16949500,248.72779967999998,259.5735001355,0.028246612639140967,0.022366593283544883
2021-03-18,228.3314667,236.4299927,239.5,235.5599976,238.5599976,14822300,248.648399656,259.68400009,0.013242463568171381,0.02143172654935926
2021-03-19,231.5763702,239.7899933,241.6000061,236.8840027,239.6600037,15959700,248.89199950999998,259.7899000535,0.014211397469623854,0.021454124061854086
2021-03-22,228.9978333,237.1199951,238.5299988,235.0,235.8549957,12063200,249.096399534,259.8853000625,-0.011134735704586118,0.02149995962850999
2021-03-23,229.5289917,237.6699982,241.1199951,235.5,237.3000031,12295600,249.12599945,259.975900038,0.002319513796245065,0.02147071057227582
2021-03-24,221.725769,229.5899963,237.3000031,229.2400055,236.8300018,15949900,249.170399474,260.0288500195,-0.03399672639034845,0.021910488097775044
2021-03-25,215.091095,222.7200012,229.2400055,222.5,225.0,24819800,249.112799376,260.0388500195,-0.029922885189749837,0.022302359148420166
2021-03-26,219.4755707,227.2599945,229.2389984,220.4199982,222.0,22030800,248.95199920399997,260.0567500285,0.020384308888015568,0.022745184987163283
2021-03-29,223.9180145,231.8600006,232.3800049,225.1000061,225.4900055,18029100,248.729599302,260.139850004,0.020241160834842953,0.023220291532512694
2021-03-30,221.3974152,229.25,230.4499969,226.6399994,229.2700043,14828700,248.445399168,260.197900007,-0.01125679545090108,0.02307041905336077
2021-03-31,218.9637299,226.7299957,231.5200043,226.4700012,229.8899994,16825400,247.946999204,260.2463999915,-0.01099238516902945,0.023066948990408787
2021-04-01,216.6749115,224.3600006,231.25,223.5,230.6799927,23497500,247.12439941200003,260.255100019,-0.010452940259108257,0.022845197037813614
2021-04-05,217.5827179,225.3000031,226.5700073,222.5200043,226.5299988,14962100,246.430399474,260.2603500345,0.0041897062644240535,0.022908167868113647
2021-04-06,222.6722107,230.5700073,232.0,225.7400055,226.0299988,18100400,245.869399718,260.2955001045,0.02339105249661655,0.022679648591154268
2021-04-07,217.6986084,225.4199982,228.1900024,224.8000031,226.1100006,18034900,245.150199584,260.3194000985,-0.022335988797099637,0.02295248099327114
2021-04-08,220.4220276,228.2400055,229.4199982,226.6199951,228.5,12211300,244.396599426,260.35355010750004,0.012510013852000679,0.02310672182833497
2021-04-09,215.6608734,223.3099976,225.0700073,221.3200073,224.8500061,19763000,243.65779937800002,260.3263500955,-0.021600104193828518,0.02228198056822586
2021-04-12,235.651825,244.0099945,244.9100037,236.6499939,237.8899994,57500300,243.322799072,260.415300062,0.09269623896140322,0.02815366600709712
2021-04-13,233.6044464,241.8899994,245.6900024,239.6900024,243.6600037,20793000,243.083999024,260.51395004050005,-0.008688148632370885,0.028057748903129696
2021-04-14,231.035553,239.2299957,245.0899963,238.6499939,244.3699951,12405200,242.57479889,260.63154998550004,-0.01099674937615469,0.027554711340912353
2021-04-15,230.9003601,239.0899963,240.9499969,238.1269989,240.0,11288900,242.266598816,260.7518999455,-0.0005852083873945091,0.027525433577058913
2021-04-16,230.5140533,238.6900024,241.8899994,237.8200073,241.8899994,14418800,241.77179901,260.866849973,-0.001672984676021727,0.027118323260564188
2021-04-19,226.7379913,234.7799988,238.4199982,232.8099976,237.4400024,11216000,241.12819915599997,260.96099998249997,-0.01638109497961948,0.027190597853621403
2021-04-20,222.0058441,229.8800049,234.6300049,228.4299927,232.8699951,12093900,240.412398986,260.9923999765,-0.02087057639085399,0.02685578944010777
2021-04-21,221.5809021,229.4400024,229.4900055,226.0700073,229.3300018,14315900,239.749399108,260.9395999885,-0.001914052943366662,0.02516232229691725
2021-04-22,221.4940033,229.3500061,234.0,227.8200073,228.7649994,11986200,239.00659942599998,260.9038000465,-0.00039224328390263796,0.02499837325374922
2021-04-23,224.1304779,232.0800018,233.0,230.5099945,230.6499939,8967000,238.292399292,260.77580009200005,0.011903185643734604,0.024546315285205404
2021-04-26,224.729248,232.6999969,233.4900055,230.8200073,231.5,7792900,237.567799376,260.6314001435,0.002671471454633645,0.023582161389838426
2021-04-27,227.8389282,235.9199982,236.9299927,232.0800018,233.4400024,11646300,236.929199218,260.5059500855,0.013837564859890294,0.023665682824977607
2021-04-28,228.6115417,236.7200012,239.2200012,236.3300018,237.5700073,9187700,236.249598998,260.4312001005,0.00339099273526533,0.023483391648681077
2021-04-29,226.1585388,234.1799927,238.0500031,232.6000061,237.7899933,9552800,235.51659912000002,260.359200055,-0.010730012196366934,0.023036159725823877
2021-04-30,223.0391846,230.9499969,233.8500061,230.5099945,231.7700043,9326400,234.845398862,260.267900006,-0.013792791445415453,0.02304398608349349
2021-05-03,222.8074036,230.7100067,236.1699982,230.4049988,231.2700043,13620900,234.18779907,260.2089500395,-0.0010391435515104686,0.02287511850804601
2021-05-04,220.0936432,227.8999939,231.4799957,225.4499969,230.25,13260500,233.66579894799997,260.11275001200005,-0.012179847940683275,0.02289181080206439
2021-05-05,219.0120239,226.7799988,229.3000031,226.7299957,228.0,10013800,233.14639892399998,259.97260001800004,-0.0049144147870905375,0.022892915369770065
2021-05-06,218.6643524,226.4199982,228.4400024,222.8800049,227.1100006,12247700,232.66799896199998,259.8152000395,-0.0015874442274667055,0.022046624038779893
2021-05-07,217.5923767,225.3099976,228.7899933,225.0500031,227.8999939,10550000,232.37059906000002,259.683250043,-0.0049023964703839296,0.021347024985244357
2021-05-10,212.0103455,219.5299988,222.8699951,218.5599976,222.8699951,17266700,232.005999146,259.5215000125,-0.025653538953302135,0.02152955873348803
2021-05-11,213.7969971,221.3800049,221.3899994,213.0,213.7100067,13887700,231.599799196,259.383400037,0.008427122079499583,0.021234858272256296
2021-05-12,212.3676758,219.8999939,225.2899933,219.0,224.7400055,20366900,231.30939911000002,259.2286000035,-0.006685386969200402,0.02117749768287533
2021-05-13,199.0210571,206.0800018,215.5,204.3899994,213.1499939,51693900,230.70559906000003,259.013749997,-0.06284671433999534,0.023941847669653567
2021-05-14,202.3335571,209.5099945,210.9400024,206.0200043,209.923996,31626800,230.28579895000001,258.799049985,0.016643986170617353,0.02415750403615016
2021-05-17,203.8208313,211.0500031,213.1499939,209.4400024,210.6150055,20529800,229.828999024,258.590599973,0.007350525704872712,0.024192314633174665
2021-05-18,206.3993683,213.7200012,215.1699982,211.4199982,212.5,19519400,229.56959899999998,258.4040999575,0.01265102137304841,0.023882660459015187
2021-05-19,205.2597656,212.5399933,212.9100037,210.1199951,211.1000061,17030400,229.057598878,258.177099912,-0.00552127968077154,0.023590692056883668
2021-05-20,209.5573578,216.9900055,217.6300049,212.6300049,212.9949951,19123400,228.71139892600002,257.9510498785,0.02093729340491146,0.023814791948379793
2021-05-21,203.8304749,211.0599976,215.8899994,209.8699951,215.2299957,22825500,228.116598816,257.68179984799997,-0.0273284840301089,0.0240044274472557
2021-05-24,203.23172,210.4400024,212.0099945,208.6999969,210.0299988,15884200,227.68799896200002,257.4055998965,-0.0029375305934334905,0.016096912963696305
2021-05-25,203.8980865,211.1300049,214.0500031,211.0099945,212.8300018,14116100,227.304999084,257.2007498905,0.0032788561686500906,0.01614527806285904
2021-05-26,204.5258179,211.7799988,213.75,211.5399933,212.3000031,9405800,227.00199920599997,257.01899986,0.003078642944700727,0.016151319966189372
2021-05-27,205.4529419,212.7400055,215.4600067,212.5299988,214.1699982,18680200,226.58999939,256.8405998965,0.004533037611859747,0.016214728173303487
2021-05-28,206.6311493,213.9600067,214.5299988,212.0599976,212.7599945,10401500,226.14059967,256.634449918,0.005734705125783224,0.016303684384449086
2021-06-01,211.9620667,219.4799957,223.1300049,218.2400055,223.0200043,23052800,225.734399718,256.46324989050004,0.025799162587145208,0.016960783292095338
2021-06-02,212.0682983,219.5899963,219.9400024,217.4600067,219.4299927,13126400,225.383799742,256.29134986599996,0.0005011873617419838,0.016590053666016593
2021-06-03,209.6056519,217.0399933,218.6999969,216.3049927,218.0,12448100,224.971199644,256.091749875,-0.01161256452008963,0.016694791747535163
2021-06-04,211.5178223,219.0200043,219.0800018,217.1399994,218.2799988,8999100,224.75979980399998,255.8908498355,0.009122793315161859,0.01681072633767487
2021-06-07,209.4704285,216.8999939,218.3999939,215.6900024,218.0,9928600,224.64339965800002,255.67239982349997,-0.009679528620117117,0.016683308668702112
2021-06-08,208.4274445,215.8200073,218.2299957,214.7400055,217.2899933,9443000,224.41459991399998,255.46164985400003,-0.004979191472443856,0.01666608332308621
2021-06-09,206.0130768,213.3200073,216.5700073,213.3099976,215.2100067,10233600,224.043800048,255.19924995149998,-0.011583726788243931,0.016458570916186927
2021-06-10,205.771637,213.0700073,214.8000031,212.2100067,213.5,10735900,223.72020019400003,254.88450004299997,-0.0011719482066603337,0.016416424002060778
2021-06-11,204.3906097,211.6399994,213.4600067,211.0,213.4499969,12276600,223.41840026799997,254.51270003999997,-0.00671144624304898,0.016370625714334352
2021-06-14,206.6118317,213.9400024,215.1649933,212.2440033,212.25,10773100,223.21000030399998,254.12260009449997,0.01086752507333455,0.01644122103584262
2021-06-15,202.8647308,210.0599976,214.4900055,209.6399994,214.1699982,12167000,222.905200194,253.7520500155,-0.018135948193295892,0.016686415742463573
2021-06-16,202.1501007,209.3200073,211.6199951,208.2259979,209.75,10917800,222.480200194,253.35365005199998,-0.0035227568716301727,0.01659650748012377
2021-06-17,204.3519897,211.6000061,212.4900055,209.7700043,209.8999939,11233700,222.203800352,252.9765000885,0.010892407416804195,0.01677358291585454
2021-06-18,205.0280151,212.3000031,213.8399963,210.5899963,212.0099945,13724600,221.88500030400002,252.548000104,0.0033081142713633493,0.016803213833907545
2021-06-21,203.8304749,211.0599976,211.7799988,208.9900055,210.5500031,9273800,221.64000030399998,252.12295005549996,-0.0058408171544676035,0.016809666080285512
2021-06-22,204.0815887,211.3200073,211.6600037,209.8600006,210.4199982,11092100,220.98620056,251.76705009199998,0.0012319231638235895,0.01621321967865443
2021-06-23,207.5003204,214.8600006,216.3300018,213.1300049,214.1900024,13785800,220.44560058400003,251.434400022,0.016751813258147674,0.01645208599586449
2021-06-24,210.8997498,218.3800049,219.5800018,215.5599976,216.9900055,13488200,220.028600768,251.1762001015,0.01638278083482403,0.01670764591513137
2021-06-25,220.673111,228.5,230.25,221.1000061,221.7100067,27383900,219.81680084200002,250.95295013199996,0.04634121656254253,0.014282908558436811
2021-06-28,220.7600098,228.5899963,230.8899994,226.7200012,229.5,13564900,219.61480071999998,250.7581501745,0.0003938568927790431,0.014075683713800349
2021-06-29,221.5809021,229.4400024,229.6399994,225.602005,226.6999969,10273800,219.50800079200002,250.54730025950002,0.003718474621629886,0.014052613658893272
2021-06-30,219.0120239,226.7799988,227.9799957,225.6799927,226.9900055,9348600,219.44600067,250.310700223,-0.011593460478450557,0.014168175327870326
2021-07-01,214.2702026,221.8699951,228.8500061,221.5500031,228.0700073,13316400,219.29460052399997,250.030250241,-0.021650955666201233,0.014760068867616516
2021-07-02,210.2913208,217.75,219.5,216.4600067,219.1600037,12989200,219.062600402,249.72830016799998,-0.018569410875693526,0.01473190343403839
2021-07-06,204.3519897,211.6000061,215.3999939,209.3730011,215.3200073,23719900,218.653000488,249.40770019250002,-0.02824337037887481,0.014791724279358858
2021-07-07,200.8752899,208.0,212.0500031,207.8200073,211.6100006,18340400,218.15900055000003,249.085650174,-0.017013260851697076,0.015114081402096087
2021-07-08,193.0044708,199.8500061,202.2799988,198.2599945,201.7100067,33992500,217.437600708,248.71580016800002,-0.03918266298076922,0.016676806311514383
2021-07-09,198.8858643,205.9400024,207.2680054,201.5,202.0500031,16911300,216.82200073200002,248.3690501375,0.0304728351969763,0.01766771565870123
2021-07-12,198.4416199,205.4799957,206.4550018,203.0200043,203.8999939,11259500,216.24800079199997,248.031700055,-0.0022336927971212672,0.017640703321296854
2021-07-13,202.3335571,209.5099945,212.8099976,208.1900024,209.2299957,17375900,215.819200744,247.7305999725,0.019612608936802722,0.018001850534165465
2021-07-14,204.2554169,211.5,216.3500061,211.0299988,215.5,19484200,215.43500060999997,247.432649991,0.00949837980163748,0.01741576110381964
2021-07-15,207.4037476,214.7599945,216.6000061,213.1609955,215.1100006,14283600,215.17220062200002,247.12639991449998,0.015413685579196201,0.017673582036045157
2021-07-16,204.8348694,212.1000061,215.1999969,211.4600067,214.8500061,11150200,214.87860076799998,246.80224998150004,-0.012385865468999224,0.017690767411139858
2021-07-19,201.7541351,208.9100037,209.0800018,203.2400055,206.1000061,15865800,214.52840087800004,246.37689994499996,-0.015040086318979129,0.017781884879216166
2021-07-20,203.3765869,210.5899963,211.5,207.4669952,209.0,9986800,214.23400085199998,245.9795999875,0.008041704898021473,0.017792448490499366
2021-07-21,203.8498077,211.0800018,211.8500061,208.4199982,209.1499939,7650300,214.065000912,245.59414992950002,0.0023268223021475354,0.017783711245196072
2021-07-22,206.7084045,214.0399933,216.3899994,212.6000061,212.6399994,10563100,213.91820068,245.22299995100002,0.014023078807838152,0.01785211924860582
2021-07-23,199.4556427,206.5299988,206.8899994,203.5599976,206.2899933,25539900,213.65080077800002,244.793699872,-0.035086875047103616,0.018984265280369065
2021-07-26,185.1915588,191.7599945,198.5749969,190.8800049,198.3699951,55736800,213.36440063199998,244.26999984449998,-0.07151505537121994,0.022945967350804196
2021-07-27,179.6964874,186.0700073,186.8999939,179.6699982,183.5899963,59265700,212.89560088800002,243.6976498385,-0.029672441401744076,0.023290771584680885
2021-07-28,189.29599,196.0099945,198.0,189.7599945,190.2299957,34535200,212.59480071599998,243.17899986,0.0534206847424572,0.0254014450285953
2021-07-29,190.7735901,197.5399933,201.1399994,194.9100037,201.0449982,23363200,212.27120055800003,242.63499984499998,0.007805718294635167,0.02546201577192401
2021-07-30,188.5040894,195.1900024,196.0449982,190.4900055,190.5800018,17250600,211.92420073999997,242.067049863,-0.011896279131846987,0.025415960343806433
2021-08-02,193.2362366,200.0899963,202.0700073,196.25,196.2700043,17889200,211.586200556,241.562299802,0.02510371350863827,0.025891022409912305
2021-08-03,190.6190796,197.3800049,197.4400024,192.0,195.0099945,20115900,211.31260070200003,241.051899869,-0.013543862512430893,0.02597212591439527
2021-08-04,193.8350067,200.7100067,203.2749939,196.9100037,197.4900055,22327300,211.118000788,240.5188999145,0.016871018934704773,0.026193227368884037
2021-08-05,192.4539795,199.2799988,200.2899933,197.6399994,199.2700043,9881400,210.881000666,239.98884986599998,-0.007124746411560023,0.02598516040729176
2021-08-06,189.6629791,196.3899994,199.3200073,195.6799927,199.25,11967700,210.57320067800003,239.421749875,-0.014502205025103576,0.025835851602946214
2021-08-09,188.562027,195.25,195.5,192.8200073,194.5800018,14657200,210.223400568,238.85814986900002,-0.005804773173190392,0.024081991148275105
2021-08-10,189.0255737,195.7299957,198.4499969,195.072998,197.2700043,9983700,209.85880034800002,238.30539985349998,0.00245836466069127,0.024100716728790682
2021-08-11,188.1853943,194.8600006,196.9199982,194.7299957,196.6000061,8985100,209.366400446,237.73009978949997,-0.004444873647948433,0.02404635244317294
2021-08-12,185.0950012,191.6600037,192.9799957,189.6849976,191.1699982,12873400,208.807800594,237.1540498325,-0.016422030638133966,0.02410706194454025
2021-08-13,182.1591187,188.6199951,189.2599945,186.7100067,188.6100006,15377000,208.23940063,236.51144973499999,-0.015861465831746635,0.02399464431484621
2021-08-16,176.4515686,182.7100067,186.2599945,181.5099945,185.0,21020700,207.513200678,235.8852997565,-0.031332777825949565,0.024351894758791008
2021-08-17,167.7791595,173.7299957,177.8899994,173.1499939,175.9199982,40558000,206.64980071399998,235.19114974699997,-0.04914898292760017,0.025304409015550706
2021-08-18,166.4464264,172.3500061,175.3600006,172.1100006,174.1000061,34339800,205.78040069000002,234.5294497655,-0.007943300720406277,0.02522529800230882
2021-08-19,155.0506287,160.5500031,167.2640076,159.5099945,166.6999969,66663000,204.72500060599998,233.77799979949998,-0.06846534715614383,0.027056214897204462
2021-08-20,152.5493317,157.9600067,166.9299927,155.5,164.1199951,75948900,203.62280059399995,233.13994979649996,-0.016132023357151803,0.026158704503899
2021-08-23,155.5431519,161.0599976,161.4700012,152.8000031,159.2799988,88699200,202.611200558,232.46669982699999,0.019625163133143886,0.02663832017016398
2021-08-24,165.8186798,171.6999969,174.1519928,168.1580048,169.0399933,62786400,201.76640044799998,231.8864498115,0.06606233365546754,0.029481064384955517
2021-08-25,163.3077698,169.1000061,169.6100006,166.0800018,168.6999969,26055400,200.947200618,231.23219978100002,-0.0151426374312299,0.02937198533763659
2021-08-26,159.5799713,165.2400055,168.4499969,164.8200073,167.4600067,18816500,200.065600582,230.60574981449997,-0.022826732470472733,0.029194508918530603
2021-08-27,154.0076141,159.4700012,161.7700043,158.5500031,159.9900055,31718100,199.023000484,230.070399778,-0.034918930694419426,0.029590818744139172
2021-08-30,156.7310028,162.2899933,163.2899933,158.2299957,160.1699982,23769400,198.02280028799998,229.553599775,0.01768352717614441,0.029962669035326996
2021-08-31,161.2700348,166.9900055,169.0,166.1399994,167.6999969,24629100,197.141400446,229.06699981449998,0.0289605791733063,0.03058451453822584
2021-09-01,167.344574,173.2799988,174.7899933,169.3300018,169.5599976,29550200,196.38060027599997,228.629199827,0.03766688480047975,0.03162878030313202
2021-09-02,166.108429,172.0,178.1799927,171.6699982,178.0099945,29302400,195.52340026399997,228.197649839,-0.00738688139926269,0.03140048828650914
2021-09-03,164.4666443,170.3000031,172.0599976,168.8800049,169.5249939,16423500,194.56180022799998,227.76514991550002,-0.00988370290697671,0.030951074673010396
2021-09-07,169.1601868,175.1600037,176.8399963,173.3699951,174.1499939,24608500,193.49500030199997,227.361799925,0.028537877343115525,0.028968944317727285
2021-09-08,164.8626099,170.7100067,174.3699951,169.2599945,174.25,18993000,192.33740051,226.9158998855,-0.025405326021924468,0.02884167519396673
2021-09-09,161.5887299,167.3200073,169.0399933,165.5800018,167.3000031,17295800,191.09500060799996,226.39879997100002,-0.019858234824848275,0.026988851958979675
2021-09-10,162.3420105,168.1000061,171.6399994,167.6100006,171.1999969,15064300,189.92140075400002,225.8887500745,0.004661718658674818,0.026943843829540442
2021-09-13,159.7441559,165.4100037,166.8619995,163.0200043,164.4900055,15458600,188.792200926,225.3160001355,-0.016002393232512735,0.026990400313748077
2021-09-14,154.6643219,160.1499939,163.0690002,159.4799957,162.8600006,20925900,187.64020080400002,224.728150099,-0.031799828803220076,0.026789656995873205
2021-09-15,152.4527588,157.8600006,158.0299988,153.9199982,157.9499969,31796600,186.56540069399998,224.135050047,-0.014299053307675447,0.026796325852622056
2021-09-16,150.9075623,156.2599945,157.6390076,153.6699982,154.9199982,24358900,185.53060058399998,223.59955009250004,-0.010135601760538737,0.026415134810954262
2021-09-17,154.567749,160.0500031,160.3800049,158.0899963,158.4799957,25489000,184.73460052400003,223.079750059,0.024254503605527722,0.027063196785861804
2021-09-20,146.3009644,151.4900055,155.1399994,149.0899963,154.3999939,36177500,183.645600586,222.53060005,-0.05348327044174861,0.028344885687659895
2021-09-21,145.0358276,150.1799927,152.5800018,149.5709991,151.5800018,19494700,182.539600526,221.94694999499998,-0.008647519654357505,0.028341262956439593
2021-09-22,146.6872559,151.8899994,154.0,151.0200043,151.4700012,19832000,181.387200624,221.370149992,0.01138638156292826,0.02850475917530444
2021-09-23,146.0112457,151.1900024,152.6799927,149.6100006,152.5800018,24707500,180.181000672,220.806100004,-0.004608578594806345,0.02850406615596039
2021-09-24,140.1105194,145.0800018,148.0,144.5700073,147.7100067,32067400,178.78740081799998,220.20105003150002,-0.040412729036374495,0.029078405670519943
2021-09-27,145.0358276,150.1799927,150.9900055,144.4400024,144.9199982,24287400,177.54900055,219.63295005599997,0.035152955863831714,0.03012572392235897
2021-09-28,147.1701202,152.3899994,153.7299957,148.8600006,152.1600037,26299600,176.41860046399998,219.0705500775,0.01471571985234199,0.03002287554314703
2021-09-29,142.5248871,147.5800018,152.1000061,147.4799957,150.4600067,17361300,175.158400574,218.485750044,-0.031563735277500116,0.029306272161705473
2021-09-30,142.9787903,148.0500031,149.5800018,146.8639984,147.0299988,14291500,173.8978006,217.94585006549997,0.0031847221457346198,0.029338231730227524
2021-10-01,139.2606659,144.1999969,148.4499969,143.3399963,147.0899963,20211000,172.501000672,217.39130004700002,-0.026004769465621136,0.02709088528699252
2021-10-04,134.8472137,139.6300049,141.8999939,138.4299927,141.6999969,25218500,171.163000794,216.7799999985,-0.031692039516264425,0.027492576933895965
2021-10-05,138.236969,143.1399994,143.8300018,139.1900024,139.3800049,14032100,170.190600892,216.173550032,0.025137824083826255,0.027671963406325918
2021-10-06,139.164093,144.1000061,144.8919983,139.9600067,140.5599976,14875900,169.351200868,215.59405006250003,0.006706767528462221,0.02445799834190147
2021-10-07,150.6564636,156.0,158.2899933,150.75,151.0500031,46035900,168.55100097800002,215.071900099,0.08258149476927734,0.029185089534174306
2021-10-08,155.9873962,161.5200043,162.7799988,157.9100037,159.8600006,33499200,167.830601198,214.6003501115,0.035384642948718126,0.029702214393545024
2021-10-11,158.3341522,163.9499969,169.8000031,163.9499969,169.6100006,42193600,167.20580108800002,214.13920013249998,0.015044530307754433,0.029090713053886937
2021-10-12,157.4167023,163.0,165.7299957,162.2400055,163.8249969,24512700,166.46400116200002,213.84420013249996,-0.005794430728653488,0.02895104488776269
2021-10-13,161.6659698,167.3999939,168.2649994,163.6000061,164.3800049,18595000,165.864400942,213.56940009899998,0.02699382760736202,0.02888663917851729
2021-10-14,161.067215,166.7799988,168.9900055,164.4600067,168.2599945,17403700,165.185800784,213.2220001205,-0.003703674567457793,0.028024850617193654
2021-10-15,162.2454376,168.0,169.8000031,165.4349976,166.9900055,20762800,164.56020080800002,212.8700501235,0.0073150330302078626,0.028036009844414633
2021-10-18,161.1058655,166.8200073,169.25,166.5800018,166.5800018,18945900,163.968800966,212.5405001815,-0.007023766071428628,0.02800752594211247
2021-10-19,170.937149,177.0,177.4400024,170.4499969,170.6000061,33538900,163.603800966,212.286250151,0.06102381162046622,0.029736108890341298
2021-10-20,171.1109772,177.1799927,182.0899963,176.1300049,180.9499969,33714400,163.232800906,211.97015014500002,0.0010169079096045142,0.029322508294086065
2021-10-21,171.3427582,177.4199982,179.7799988,176.7100067,177.0,16444000,162.884000858,211.71920013300002,0.001354585787834317,0.029040349330042896
2021-10-22,171.6131744,177.6999969,182.0899963,175.8099976,179.0800018,20807300,162.604800722,211.473200148,0.0015781687681246659,0.029037371693658286
2021-10-25,170.1355896,176.1699982,178.2799988,173.8300018,177.8600006,13119700,162.355800784,211.173100127,-0.00861000971688819,0.028908171481592332
2021-10-26,164.1672821,169.9900055,174.8999939,167.4799957,174.4799957,17577000,162.10140076,210.88620017899996,-0.035079711432953964,0.029048234798432816
2021-10-27,163.4333038,169.2299957,172.4499969,167.3399963,167.5299988,11801800,162.01140076,210.604350127,-0.004470908732337242,0.02890858266586133
2021-10-28,163.9741211,169.7899933,170.3500061,166.7700043,168.4900055,12440100,161.960200504,210.27680007799998,0.003309091852680357,0.028806448387358206
2021-10-29,159.2902527,164.9400024,168.5599976,162.7200012,167.0700073,17155400,162.04800049,209.88660011149997,-0.028564645099140806,0.02908600672092327
2021-11-01,164.341095,170.1699982,171.8950043,165.8000031,165.8399963,17609500,162.29220032,209.520150069,0.0317084741354412,0.027666174752945173
2021-11-02,157.3201141,162.8999939,167.1000061,162.7599945,167.1000061,19072900,162.329000246,209.07640006900002,-0.04272200961920214,0.028886362093587744
2021-11-03,160.5457306,166.2400055,166.6499939,163.1100006,165.3600006,13569700,162.219800418,208.58015014549997,0.02050344828159023,0.029024051671541796
2021-11-04,159.1453705,164.7899933,169.9400024,164.5,169.2799988,16669200,162.133600162,208.10410011199997,-0.008722402261951312,0.02907294589417093
2021-11-05,153.2929535,158.7299957,164.7949982,158.3000031,164.7949982,22098200,162.00339996600002,207.604650115,-0.03677406302801278,0.028891410359877117
2021-11-08,156.6054688,162.1600037,162.1600037,159.4799957,161.7649994,16223100,162.057200016,207.108550109,0.02160907259446243,0.02848102027417623
2021-11-09,154.7029572,160.1900024,164.4799957,159.5399933,162.1600037,14010100,162.015200198,206.57990005399998,-0.012148503052852422,0.028520566943264797
2021-11-10,158.3534698,163.9700012,166.4799957,161.8200073,163.6799927,17216800,161.95480011200002,206.09850006,0.023596970743287926,0.028052868107741578
2021-11-11,162.1005707,167.8500061,169.6300049,166.5599976,166.5599976,16747500,161.84620025799998,205.6339500415,0.02366289486860107,0.028283282389631688
2021-11-12,161.0961914,166.8099976,167.8000031,163.3999939,165.173996,13741800,161.74240021,205.1988500205,-0.006196058756056222,0.027771379347001354
2021-11-15,160.835434,166.5399933,168.4600067,165.6699982,167.2200012,9655700,161.667200014,204.708099975,-0.0016186337982418975,0.026922304779276193
2021-11-16,162.6606903,168.4299927,169.9400024,166.6699982,168.6000061,11887500,161.532599794,204.27774993850002,0.011348621808789483,0.026705316169964514
2021-11-17,156.0453491,161.5800018,168.3000031,161.1349945,168.0200043,18829500,161.349999696,203.76849998400002,-0.04066966215572376,0.028017022147315444
2021-11-18,138.6812286,143.6000061,148.5,141.8899994,146.9100037,61571500,160.875599672,203.15170005699997,-0.11127612018630384,0.03145942699271729
2021-11-19,135.5328674,140.3399963,145.0599976,140.0,143.0399933,28575700,160.320399476,202.5250499715,-0.022702017141488118,0.030843865383704785
2021-11-22,131.9402924,136.6199951,140.6999969,135.2100067,139.8999939,26390400,159.744599304,201.89519996550004,-0.026507063546217235,0.03088278615105166
2021-11-23,129.0816956,133.6600037,136.8500061,133.3099976,136.0319977,24102900,159.2147995,201.231050033,-0.02166587253815533,0.031022121286950186
2021-11-24,131.8437347,136.5200043,136.7599945,131.2200012,133.1000061,20010400,158.787999574,200.574700012,0.02139757983561985,0.03083241565905499
2021-11-26,128.7823181,133.3500061,133.9799957,131.2200012,132.9299927,14814900,158.329799806,199.89680007899997,-0.023220027103383334,0.030981255911750404
2021-11-29,127.1019058,131.6100006,134.5500031,130.5500031,134.25,18648900,157.760999756,199.21560005150002,-0.013048409601834954,0.03088081754345282
2021-11-30,123.1616669,127.5299988,131.3200073,126.1299973,129.901001,32625400,157.281799622,198.4997499845,-0.03100069737405653,0.031173465920562915
2021-12-01,118.2943039,122.4899979,129.1549988,121.9000015,128.3699951,29203800,156.727999726,197.758050041,-0.03952012034363783,0.028760392099883358
2021-12-02,117.8210907,122.0,125.0,119.3399963,123.0199966,34478600,156.130199738,197.045499992,-0.0040003094815956874,0.028697925973308676
2021-12-03,108.1249924,111.9599991,118.1900024,108.6999969,118.0,70266500,155.34559967200002,196.28735000599997,-0.08229508934426222,0.031306065915616924
2021-12-06,119.3662796,123.5999985,123.8199997,113.4300003,113.6399994,43111400,154.915999606,195.63534999849998,0.10396569751312179,0.038009366704839065
2021-12-07,121.23983,125.5400009,129.4499969,123.4599991,129.3000031,38542800,154.42319977,194.999300003,0.01569581248821783,0.03832692554515553
2021-12-08,120.7955933,125.0800018,126.9700012,121.3199997,123.2099991,22275000,153.87699981799997,194.3730000305,-0.003664163586922453,0.038060822239292046
2021-12-09,119.6656723,123.9100037,127.7600021,123.211998,124.6299973,23499300,153.40359985599997,193.79165008549998,-0.009353998106514272,0.038049162081853535
2021-12-10,120.776268,125.0599976,125.2099991,122.7799988,123.2200012,15008300,152.943799746,193.22815010099998,0.009280880200635444,0.038134708962511685
2021-12-13,118.0528641,122.2399979,123.25,119.75,123.0,15820500,152.50459976599998,192.63090007850002,-0.02254917442921811,0.03804634055821822
2021-12-14,122.2442093,126.5800018,127.6500015,120.3000031,120.9300003,17691500,152.24359970400002,192.09170009650003,0.03550395921595473,0.038193193701612324
2021-12-15,118.2749863,122.4700012,123.5899963,117.7699966,122.6299973,24893500,151.83019974,191.522700081,-0.032469588730879684,0.03792694286686115
2021-12-16,116.1310272,120.25,125.6900024,118.9000015,122.3199997,22533400,151.353199618,190.971450081,-0.018126897838227518,0.037553037157631204
2021-12-17,117.9176636,122.0999985,122.8700027,117.8099976,119.4899979,19781100,150.675199588,190.4125000765,0.01538460291060284,0.037839233376434
2021-12-20,111.0608673,115.0,118.8300018,113.6949997,118.5,23970500,149.744799502,189.8540500645,-0.05814904657840758,0.038569655707682844
2021-12-21,118.7675247,122.9800034,122.9800034,116.5999985,116.8499985,18036300,148.925399632,189.2782500845,0.06939133391304342,0.04083805233152876
2021-12-22,113.7746048,117.8099976,118.6600037,115.1500015,117.0899963,24502000,148.021599584,188.695800057,-0.04203940199273082,0.041295616829473365
2021-12-23,114.5954971,118.6600037,119.5899963,115.3899994,116.8000031,17563300,147.04679978000001,188.08510005999997,0.0072150591402779796,0.0409516485943032
2021-12-27,112.5963898,116.5899963,121.8000031,116.1019974,117.8000031,17864400,146.04299973,187.50870006600002,-0.017444862088774826,0.040474597320229164
2021-12-28,110.8677139,114.8000031,116.4199982,114.4700012,116.2600021,17052100,144.978999792,186.93130008749998,-0.015352888384987384,0.04046947992445047
2021-12-29,108.2505341,112.0899963,114.1999969,110.3799973,113.8000031,21100500,143.884399572,186.35710010550002,-0.023606330372999862,0.04048189940872556
2021-12-30,118.7771759,122.9899979,124.3000031,112.3000031,112.6299973,45437100,142.80419953,185.8053501135,0.0972433041288272,0.044998861205613326
2021-12-31,114.7210388,118.7900009,122.9100037,118.5899963,121.2300034,24287000,141.636399694,185.21715015450002,-0.0341490940053103,0.044858407418034284
2022-01-03,116.2565765,120.3799973,121.9499969,115.8199997,119.3799973,16775300,140.495599676,184.6201001745,0.013384934657408643,0.04065726849002622
2022-01-04,115.4646683,119.5599976,120.8700027,115.7699966,119.5299988,20824000,139.33279969,184.032300187,-0.006811760411960077,0.0405230627320561
2022-01-05,117.0098648,121.1600037,126.6200027,117.6999969,118.0,36651100,138.2325998,183.44975021450003,0.013382453430226482,0.040432102234803056
2022-01-06,122.2924957,126.6299973,128.3999939,123.4649963,124.2600021,32045800,137.365399636,182.93495021950002,0.045146858971249815,0.04121361306028462
2022-01-07,125.3635635,129.8099976,133.8800049,128.1799927,130.2400055,38113000,136.576999674,182.4704002015,0.025112535479774545,0.041288723028759584
2022-01-10,123.9052887,128.3000031,132.6000061,126.2300034,131.9900055,23372200,135.74719987,181.9756002445,-0.011632343640071152,0.04112630882180046
2022-01-11,127.6620483,132.1900024,134.2299957,127.4700012,129.2100067,23616400,135.09219987,181.4772502535,0.03031955733444569,0.041430493845228976
2022-01-12,132.7032471,137.4100037,138.6999969,135.5850067,136.0200043,25961100,134.43699998,181.018050272,0.03948862398991837,0.04155393045862898
2022-01-13,126.8701324,131.3699951,135.9199982,131.3000031,135.1999969,19887700,133.80640000399998,180.54125026900002,-0.04395610535887051,0.04171916349659215
2022-01-14,127.0632858,131.5700073,134.3600006,129.3500061,132.8099976,18614900,133.11300004,180.07730030250002,0.0015225105234093483,0.041698640482855986
2022-01-18,124.1950226,128.6000061,132.1300049,124.8199997,126.2699966,26122200,132.389200296,179.59380031749998,-0.022573542868534746,0.038793365599910326
2022-01-19,123.3644714,127.7399979,130.8600006,127.1299973,128.1000061,14665200,131.76940034,179.0796502705,-0.006687466245773321,0.03406485828716995
2022-01-20,126.5417862,131.0299988,136.75,130.6799927,135.7700043,28966400,131.14680024199998,178.6077002735,0.02575544820797271,0.03425685596891796
2022-01-21,119.0089569,123.2300034,128.9600067,122.5210037,128.2299957,26341400,130.407600262,178.082650263,-0.05952831772444456,0.036046157673399776
2022-01-24,116.2469177,120.3700027,120.7799988,115.3199997,119.3199997,28509300,129.535600292,177.5679502885,-0.023208639301230405,0.03625988708078143
2022-01-25,115.0590515,119.1399994,122.4599991,118.0400009,119.9100037,22224100,128.561400158,176.943600313,-0.010218520166237477,0.036256277985492635
2022-01-26,109.486702,113.3700027,120.9300003,112.961998,120.9300003,27513200,127.49260026,176.30100032949997,-0.04843039054102927,0.037085436908956555
2022-01-27,107.9608154,111.7900009,114.5400009,110.2699966,113.1100006,21472700,126.39760041200002,175.6638003555,-0.01393668309403684,0.03646147592885953
2022-01-28,111.2829895,115.2300034,115.3199997,110.0599976,113.25,18892400,125.333600626,175.044500391,0.03077200529837376,0.036556827451201604
2022-01-31,121.4812698,125.7900009,125.8700027,117.5,118.1699982,20346500,124.617800608,174.4800003835,0.09164277695404444,0.04014165310480427
2022-02-01,122.8622894,127.2200012,128.0,122.9700012,124.8099976,15036100,124.29020051000002,173.94220039549998,0.011368155574915884,0.040103076685537
2022-02-02,118.6709442,122.8799973,127.6299973,121.1699982,127.6299973,14050100,123.94100053,173.40720035750002,-0.03411416333173245,0.039084379784936014
2022-02-03,119.2407379,123.4700012,125.2699966,120.7300034,121.5500031,16651500,123.67800065200001,172.87735035149998,0.004801464135448796,0.037021928707248096
2022-02-04,118.0335541,122.2200012,123.9400024,119.6600037,121.2699966,13538200,123.449200602,172.341700327,-0.010123916642514774,0.03619838785168018
2022-02-07,110.8870316,114.8199997,116.5500031,113.5999985,116.0999985,28589200,123.01520051,171.7554003165,-0.06054656707039863,0.037924757284143545
2022-02-08,117.7245102,121.9000015,122.2399979,116.8000031,118.1600037,22340500,122.78620041799999,171.2014003395,0.06166174724349882,0.03942031521878636
2022-02-09,122.1669464,126.5,126.8000031,121.9400024,123.0899963,18253600,122.684000406,170.6543003485,0.037735836287089874,0.03979388826006981
2022-02-10,119.7332687,123.9800034,128.3399963,123.4000015,124.1100006,16116600,122.613000498,170.09060035949997,-0.019920921739130404,0.03971134929825767
2022-02-11,118.0625229,122.25,126.7200012,121.9400024,125.3349991,13889900,122.60820054,169.53095039599998,-0.013953890567484861,0.03570692915273017
2022-02-14,117.7438278,121.9199982,122.3840027,119.3700027,120.5599976,13154900,122.606600504,168.98580040250002,-0.0026994012269938583,0.03511406115530041
2022-02-15,121.9158554,126.2399979,126.8050003,123.3779984,123.7699966,14634700,122.89220047999999,168.4634503585,0.035433068928637956,0.035599667238493185
2022-02-16,121.25914,125.5599976,127.5800018,124.5100021,125.6100006,17993300,122.931400462,167.951750377,-0.005386567738528192,0.03558818496265994
2022-02-17,120.1678543,124.4300003,129.3999939,124.0559998,125.0,15906000,122.90920045000001,167.44000038449997,-0.008999660095565298,0.03558116686204115
2022-02-18,114.9141922,118.9899979,120.8799973,117.1999969,120.8799973,21201400,122.78740037200001,166.90285038300001,-0.043719379465435804,0.03552082444341677
2022-02-22,109.0617599,112.9300003,114.8499985,112.0599976,114.0,21755100,122.56780030400002,166.3409503965,-0.05092863019539562,0.036264029237056475
2022-02-23,105.9617157,109.7200012,115.4000015,109.5999985,115.0999985,24489200,122.26100037600001,165.7919004085,-0.028424679814686993,0.03651459605438265
2022-02-24,105.1987839,108.9300003,108.9499969,100.0199966,100.0739975,35294700,121.994800424,165.22965038549998,-0.007200153949688426,0.035916319377708755
2022-02-25,104.242691,107.9400024,108.5500031,104.0,107.8899994,21428400,121.622000436,164.669850428,-0.009088386094496359,0.034883726512890484
2022-02-28,101.5868912,105.1900024,107.4899979,103.6399994,105.9700012,23063500,121.27640045999999,164.16540043100002,-0.025477116350332785,0.0343760049354335
2022-03-01,103.4218063,107.0899963,111.25,105.8499985,105.8499985,21218500,121.013200386,163.65330044,0.01806249507225033,0.03464592568495516
2022-03-02,101.8090057,105.4199982,107.3899994,103.2399979,107.3899994,20791800,120.67960038,163.1251504155,-0.015594342680913864,0.03455595253256054
2022-03-03,98.55444336,102.0500031,106.6299973,101.0699997,106.0299988,21725900,120.420600442,162.566800425,-0.03196732268583924,0.03487921005750865
2022-03-04,97.15410614,100.5999985,104.3899994,99.33000183,100.2900009,24574700,119.973000344,162.007100451,-0.014208765859410333,0.03434915069306943
2022-03-07,95.28056335,98.66000366,103.3600006,98.59999847,99.55999756,20679400,119.5900004652,161.4154504418,-0.019284243229884312,0.03303648560739755
2022-03-08,94.16029358,97.5,100.9100037,95.56999969,99.31999969,23275500,119.1668003912,160.8476504538,-0.011757587846819684,0.032907041328089665
2022-03-09,97.47280884,100.9300003,100.9700012,98.31999969,100.2600021,20853600,118.85360047120001,160.3001004433,0.035179490256410206,0.03376208798042604
2022-03-10,89.73717499,92.91999817,95.69999695,90.81999969,95.19000244,37671200,118.41600037260001,159.70905040965002,-0.0793619548815161,0.03555953361262746
2022-03-11,83.73988342,86.70999908,93.94999695,86.68000031,93.26000214,39341800,117.9084004282,159.08370041105,-0.06683167469115325,0.03723830064540141
2022-03-14,75.09646606,77.76000214,82.44999695,77.08000183,80.69999695,69992600,117.003800513,158.40880039425002,-0.10321758776335122,0.04036123678428616
2022-03-15,74.13071442,76.76000214,80.13999939,73.27999878,75.09999847,86209300,116.16320053780001,157.72280037145,-0.012860081950609836,0.03527650196577583
2022-03-16,101.384079,104.9800034,105.7399979,87.12000275,92.0,159834300,115.85520065979999,157.15030040995,0.36763940168384157,0.07836344211698522
2022-03-17,96.93199158,100.3700027,101.8899994,95.76999664,99.13999939,80663200,115.4714007618,156.55420044195,-0.04391313155549015,0.07851426476631329
2022-03-18,104.5903625,108.3000031,111.7399979,99.59999847,100.5,83781800,115.2142007498,156.01050049095,0.07900767347493542,0.07996205126614687
2022-03-21,100.041687,103.5899963,105.6800003,98.69999695,102.8099976,58882900,114.75340072979999,155.43335045095,-0.043490366252814994,0.08031465829176831
2022-03-22,111.0512009,114.9899979,118.2399979,112.3700027,114.0100021,88193400,114.4570007358,154.92380047095,0.11004925192762083,0.08210471811830244
2022-03-23,113.2241287,117.2399979,124.1110001,112.6800003,115.6999969,81605700,114.23580063179999,154.43090042395,0.019566919219849765,0.08142241585021227
2022-03-24,111.2057266,115.1500015,116.5,110.8199997,112.8600006,55850200,113.89500061380001,153.94005039495,-0.017826649926953042,0.08120089935930952
2022-03-25,109.1197052,112.9899979,113.8600006,109.4000015,110.5299988,42396500,113.40660049780001,153.43965034795,-0.018758172573710263,0.08119152382315377
2022-03-28,111.1477737,115.0899963,116.2300034,111.9199982,113.8600006,30168000,113.08100052180002,152.95690033245,0.018585701734932014,0.08122064109410213
2022-03-29,112.7122879,116.7099991,119.5999985,115.7399979,118.3600006,28060900,112.78380035779999,152.47075031595,0.014075965349561903,0.08125380728025082
2022-03-30,112.5867462,116.5800018,120.1019974,115.5400009,115.5400009,28381700,112.5434002718,152.00335033695,-0.0011138488647285394,0.08099813363588015
2022-03-31,105.0732346,108.8000031,115.0899963,108.7099991,115.0299988,31240200,112.1646003758,151.50075031595,-0.06673527689034575,0.08191051314671606
2022-04-01,106.4252777,110.1999969,118.9499969,109.75,117.6200027,55873000,111.74800033780001,150.99375026995,0.01286758970689772,0.08194293453336096
2022-04-04,113.4752274,117.5,118.2200012,113.375,115.6999969,39088500,111.6334002698,150.51975025445,0.0662432241865154,0.08243443301882744
2022-04-05,107.197876,111.0,115.0,110.2300034,115.0,35226000,111.4460002158,150.01945026645,-0.05531914893617018,0.08253628538611123
2022-04-06,103.9915924,107.6800003,109.4700012,106.1200027,109.2399979,23739800,111.2168002338,149.50125023145,-0.02990990720720721,0.08255579038774306
2022-04-07,100.6984024,104.2699966,107.5299988,102.6100006,106.6800003,26814300,111.0348001118,148.94830021145,-0.03166793917625954,0.08277290027781799
2022-04-08,99.98374176,103.5299988,106.4700012,103.3290024,104.4800034,20814900,110.8696000698,148.37405018095,-0.007096938948207399,0.08276497226924123
2022-04-11,98.07157898,101.5500031,103.9199982,99.16000366,101.0899963,23504100,110.59600006379998,147.73930019645002,-0.01912485002366293,0.0827016868901317
2022-04-12,96.33322144,99.75,102.3300018,99.38999939,101.1800003,23953600,110.07520004579999,147.09510021495,-0.017725288479090162,0.08271575496616872
2022-04-13,96.60363007,100.0299988,101.3499985,98.20999908,99.23999786,18330400,109.5313999978,146.44805019695,0.002807005513784544,0.08266038593428658
2022-04-14,92.2191391,95.48999786,99.27100372,95.30500031,97.29000092,20931200,108.983600009,145.79160019225,-0.045386394026428745,0.08288166450898314
2022-04-18,91.46586609,94.70999908,95.27999878,91.81999969,93.76999664,19159200,108.40839996659999,145.15580021215,-0.00816838200314518,0.08285157653508188
2022-04-19,90.29730988,93.5,93.94999695,90.94999695,92.29000092,23870000,107.83399994259999,144.53455021215,-0.012775832454374081,0.08280545746303045
2022-04-20,86.34741211,89.41000366,93.69999695,89.26999664,93.48000336,20949700,107.3258000218,143.92360019995,-0.043743276363636396,0.08318177618192056
2022-04-21,83.04454803,85.98999786,90.01000214,85.40000153,89.55000305,25639000,106.60759994899999,143.31355018925,-0.03825081825301424,0.08319227771822865
2022-04-22,83.52742767,86.48999786,90.68000031,86.31099701,86.5,25130300,105.8073999062,142.74675014805,0.005814629752800338,0.08191936081836282
2022-04-25,82.89968872,85.83999634,86.16999817,81.80000305,82.69999695,24674000,105.044599765,142.14625011775001,-0.007515337450373805,0.08095017812392491
2022-04-26,81.11305237,83.98999786,86.23999786,83.27999878,85.87000275,21194600,104.2793997222,141.53880012854998,-0.021551707349478644,0.0786153865818816
2022-04-27,85.29473877,88.31999969,89.41000366,84.77999878,85.31999969,29351600,103.607399752,140.9328501545,0.05155377950142981,0.0789860237195961
2022-04-28,87.79602814,90.91000366,90.98000336,86.94000244,88.62000275,17707500,102.9007998672,140.3299001728,0.029325226212531863,0.040569621677047765
2022-04-29,93.76433563,97.08999634,103.5199966,96.66000366,101.5299988,44933400,102.331399842,139.741550182,0.06797923695078634,0.04189595874159816
2022-05-02,97.74321747,101.2099991,101.3199997,95.15000153,96.41000366,25479500,101.86699981800001,139.187100147,0.04243488428583464,0.03999853141608379
2022-05-03,96.94164276,100.3799973,102.6900024,99.43000031,100.1299973,15216100,101.49479980599999,138.644450115,-0.008200788532563119,0.03923248731329138
2022-05-04,97.93637085,101.4100037,101.5699997,96.61000061,97.72000122,17740600,101.26439987399999,138.098550152,0.0102610722026788,0.03334011613288783
2022-05-05,91.39825439,94.63999939,98.47000122,94.05000305,97.94000244,18673100,100.96279983779999,137.51635013995002,-0.0667587423626137,0.03495388766395828
2022-05-06,86.96548462,90.05000305,93.86000061,88.70999908,93.36000061,18568600,100.58519989279999,136.8964001887,-0.04849953898546833,0.03573579703894517
2022-05-09,81.93393707,84.83999634,88.59999847,84.43000031,86.95500183,23338600,100.1231997716,136.2879501764,-0.05785681880662641,0.03685430096156896
2022-05-10,81.67319489,84.56999969,88.63999939,83.51000214,88.63999939,23400900,99.71079971740001,135.75200020235,-0.003182421754451381,0.036508205529651824
2022-05-11,78.93047333,81.73000336,87.51999664,81.47000122,85.51000214,24962400,99.20359985860001,135.23030018264998,-0.03358160506574792,0.036480489410528553
2022-05-12,78.31239319,81.08999634,83.12000275,78.01000214,80.68000031,23833100,98.71699982140001,134.65570019185,-0.007830747506285207,0.03643727580585686
2022-05-13,84.9760437,87.98999786,88.36000061,82.0,82.12000275,20078400,98.4357997166,134.10795021465,0.0850906626147716,0.03894229302062143
2022-05-16,83.51776886,86.48000336,89.08000183,86.33999634,87.69999695,19644800,98.15339981380001,133.56440021945,-0.017160978937657667,0.03881766873685855
2022-05-17,88.8390274,91.98999786,94.48000336,89.54000092,92.75,27330300,98.01999969779999,133.02390022725,0.06371408748751928,0.03865478417661894
2022-05-18,84.31933594,87.30999756,91.63999939,87.0,90.0,18991300,97.816199649,132.47355019055,-0.05087509956378644,0.038472944288611394
2022-05-19,84.68631744,87.69000244,90.08999634,85.73999786,86.18000031,20776400,97.5513996918,131.90845016925002,0.004352363882943244,0.03828556206180963
2022-05-20,83.8171463,86.79000092,90.16999817,84.73000336,88.69999695,21020800,97.4287997468,131.34600017985,-0.010263445033153129,0.03799136568841963
2022-05-23,84.24208069,87.23000336,87.41500092,84.76000214,87.05999756,13998200,97.4391998324,130.80020019965002,0.00506973655185905,0.03803761700091533
2022-05-24,79.64512634,82.47000122,85.12000275,81.54000092,84.98999786,15214400,97.53339981399999,130.23630020575,-0.05456840486816639,0.03902893388570385
2022-05-25,79.49060059,82.30999756,84.06999969,81.06999969,83.72000122,23093700,97.64439972240001,129.66920021505,-0.0019401437811692457,0.03897432733122176
2022-05-26,91.2437439,94.48000336,95.08999634,86.73000336,87.30000305,50825000,97.4343997216,129.16730022885,0.1478557424464586,0.04801010827934173
2022-05-27,90.21039581,93.41000366,94.5,90.37000275,92.20999908,26716000,97.2951997408,128.67605022865,-0.0113251446014766,0.047317635708501955
2022-05-31,92.75996399,96.05000305,99.31999969,95.44999695,98.33000183,33790000,97.0501997398,128.2132002684,0.028262491024079628,0.04755931728019128
2022-06-01,90.18141937,93.37999725,96.93000031,91.87999725,95.90000153,23730900,96.8459997588,127.76655022115001,-0.027798081366120275,0.04779361570246345
2022-06-02,94.16029358,97.5,97.62999725,93.40000153,93.66999817,23228100,96.4961998008,127.38540024265001,0.04412082749338486,0.04764741923322239
2022-06-03,90.01724243,93.20999908,96.0,93.02300262,95.15000153,15855900,96.0155998244,126.98970020755,-0.044000009435897436,0.04783422517336568
2022-06-06,95.61857605,99.01000214,102.4199982,97.91500092,99.63999939,37287200,95.6927998372,126.68200020274999,0.06222511658885432,0.04901185076481741
2022-06-07,100.7466888,104.3199997,104.4599991,99.41999817,99.98999786,35958700,95.5193998732,126.41380016775,0.053630920565900686,0.04971212487028407
2022-06-08,115.5226135,119.6200027,121.0550003,107.8099976,108.2600021,92337000,95.61000000119999,126.20660019325001,0.14666413960888858,0.05545595328093846
2022-06-09,106.1355515,109.9000015,118.2200012,109.4400024,115.0,72512300,95.4738000492,125.89760021625,-0.0812573230279654,0.05755735514573254
2022-06-10,106.0776062,109.8399963,114.8199997,108.2399979,113.6600037,49859200,95.33899993920001,125.60130016725002,-0.0005459981727116148,0.05744943888137983
2022-06-13,95.14535522,98.51999664,104.5299988,97.58000183,103.6100006,36396700,95.13339980999999,125.26770012295,-0.10305899527784301,0.059720247420483825
2022-06-14,101.6255264,105.2300034,106.0749969,100.8300018,101.9899979,28567500,95.03399994,124.99650013395,0.0681080693142826,0.06049609206366898
2022-06-15,104.3296127,108.0299988,108.6299973,104.3820038,106.8099976,24026100,94.844599916,124.72520016145,0.026608337066726717,0.06060713900488201
2022-06-16,97.97499084,101.4499969,104.9100037,100.5100021,102.7900009,22357800,94.653599854,124.39750011845001,-0.060909025021668284,0.061743233880688836
2022-06-17,98.7379303,102.2399979,112.75,101.3259964,112.5400009,73019300,94.54479980600001,124.04230011395,0.007787097330113513,0.0603733921758463
2022-06-21,102.7457809,106.3899994,107.0619965,103.8700027,105.9599991,33975000,94.58719986199999,123.71425011094999,0.040590782328253416,0.059876045303096787
2022-06-22,101.5482635,105.1500015,107.0999985,103.0800018,104.2300034,24233000,94.61959991599998,123.38850010295,-0.011655211081803896,0.05872646319416604
2022-06-23,108.2698517,112.1100006,113.0899963,108.0810013,109.9599991,33228200,94.83079986600002,123.07325008744999,0.06619114598871412,0.05959758102548166
2022-06-24,113.5911255,117.6200027,118.0899963,114.3000031,115.3000031,27029900,95.18819992,122.80780006745,0.049148176527616494,0.059371591585568734
2022-06-27,114.6631012,118.7300034,121.3799973,117.8799973,119.9700012,21724300,95.56220001199999,122.56485004795,0.009437176283962012,0.05923746133476478
2022-06-28,112.760582,116.7600021,120.9300003,116.5100021,118.9800034,18659400,95.9876000968,122.30815002794999,-0.016592278645550906,0.057951255897394895
2022-06-29,112.0555801,116.0299988,117.0899963,113.7099991,115.8099976,13793900,96.41400009120001,122.06125000345,-0.006252169294882148,0.057802100806048945
2022-06-30,109.7860794,113.6800003,114.5999985,111.3799973,113.7699966,13836200,96.81760009720001,121.82890003544999,-0.02025337002761396,0.05721273517502015
2022-07-01,112.0266113,116.0,116.625,112.9199982,113.6299973,16679400,97.349400024,121.61960003245,0.02040816057246264,0.05612633037911306
2022-07-05,116.0151443,120.1299973,120.5299988,112.1399994,114.5100021,20989300,98.0322000128,121.43895004645,0.03560342499999991,0.05628844503632266
2022-07-06,115.0397415,119.1200027,120.0,115.5100021,118.9300003,20222700,98.6848001096,121.23430004445,-0.0084075137159767,0.05626409809010262
2022-07-07,118.1977234,122.3899994,125.0,120.6299973,120.6299973,24202000,99.4158001708,121.08880001395,0.027451281278387585,0.056315959758607016
2022-07-08,116.7587662,120.9000015,125.8399963,120.6999969,122.2600021,27221400,100.15400024360001,120.94240005795,-0.01217418013975402,0.05508429560993023
2022-07-11,105.8168564,109.5699997,115.5800018,109.3300018,115.4599991,31249900,100.5790002438,120.73080005945002,-0.09371382679428675,0.058460130824718425
2022-07-12,105.4691849,109.2099991,111.0,107.0599976,110.8600006,22318500,100.9450001526,120.52090004295,-0.003285576352885511,0.05248484588478563
2022-07-13,105.3629532,109.0999985,110.6399994,106.75,106.8399963,16861400,101.18520019580001,120.34100002644999,-0.0010072392721044432,0.05240000638214067
2022-07-14,100.2058716,103.7600021,108.5400009,100.7099991,107.8000031,35314900,101.2362002558,120.10890007344999,-0.04894588884893525,0.05318499765807776
2022-07-15,98.93108368,102.4400024,103.6399994,97.83999634,103.4899979,33572300,101.27740035779999,119.85915008845001,-0.012721662232888509,0.05294547823973999
2022-07-18,99.60710144,103.1399994,106.9599991,102.9499969,105.8799973,20503400,101.3120002718,119.63695007644999,0.00683323880906106,0.05241685909749627
2022-07-19,101.1619568,104.75,104.8199997,101.5299988,103.9700012,19842500,101.514200284,119.42045006094999,0.015609856596528138,0.05169085022096617
2022-07-20,100.3990173,103.9599991,107.1600037,102.8499985,106.2399979,21897900,101.79240020499999,119.21925007194999,-0.007541774701670612,0.050593842289010864
2022-07-21,101.5289383,105.1299973,106.6100006,103.6800003,104.0599976,17865500,102.19820022420001,119.04675003395,0.011254311370997305,0.04971128589411586
2022-07-22,97.16377258,100.6100006,104.6999969,99.68000031,104.3099976,18819800,102.5190002424,118.83410003994999,-0.04299435761518844,0.0420806638335631
2022-07-25,97.59835815,101.0599976,101.2699966,98.73999786,100.5,16604300,102.90560012719999,118.61889999745,0.0044726865849953334,0.039549628307850276
2022-07-26,97.96533966,101.4400024,105.25,100.8099976,104.3099976,28004300,103.31260024839999,118.34610000945,0.0037601900754447026,0.039562968953759235
2022-07-27,99.25943756,102.7799988,102.9700012,99.80000305,102.1999969,19366600,103.60840026720001,118.05239998195,0.013209743378318484,0.03470583511674446
2022-07-28,97.10582733,100.5500031,102.6800003,95.62000275,101.9199982,33875400,103.889800262,117.73540001295,-0.021696786593074058,0.03261737562036546
2022-07-29,86.30878448,89.37000275,94.22000122,89.11000061,94.22000122,59201800,103.83740035980001,117.36725002669999,-0.11118846350388623,0.037875121773306784
2022-08-01,87.24554443,90.33999634,90.54000092,88.0,89.19000244,36050900,103.89800033540001,116.9819500389,0.0108536819979006,0.03650186278796236
2022-08-02,89.44745636,92.62000275,94.87000275,88.19999695,88.19999695,34430500,103.9966003416,116.61115005865,0.025238061792907995,0.036820552400956004
2022-08-03,92.44126892,95.72000122,96.30000305,90.91999817,92.0,23921700,104.1752003476,116.24975006474999,0.033470075339638194,0.036554437877188914
2022-08-04,94.09269714,97.43000031,103.0,95.05999756,101.0699997,42517800,104.3792002866,115.9028000298,0.01786459536361451,0.036706231205761976
2022-08-05,89.38950348,92.55999756,94.16999817,90.73000336,93.06999969,27206100,104.5810002134,115.4806000176,-0.049984632397667705,0.03538307204801435
2022-08-08,87.72842407,90.83999634,92.75,90.33999634,91.47000122,16194100,104.751600189,115.0489000358,-0.01858255472495063,0.033889497987803455
2022-08-09,88.06643677,91.19000244,93.12000275,90.59999847,91.19000244,16744900,104.68580017059999,114.617750057,0.003852995531725689,0.03380567659594217
2022-08-10,89.26396179,92.43000031,92.94999695,88.55999756,91.16999817,17855400,104.6662001036,114.19140007405,0.013597958513224873,0.03399550751274897
2022-08-11,91.62038422,94.87000275,97.70999908,93.62999725,94.48999786,17521200,104.64260009760001,113.78490009679999,0.02639838182209786,0.034544309089192544
2022-08-12,91.52380371,94.76999664,94.80000305,91.43000031,91.51000214,17846400,104.67040008539999,113.4088000525,-0.0010541383693593032,0.034450533160663606
2022-08-15,90.97332764,94.19999695,94.62999725,92.37999725,93.19999695,14425100,104.60440002440001,113.03365005874998,-0.006014558512281498,0.03410272568687941
2022-08-16,89.47642517,92.65000153,93.56999969,91.40000153,92.69000244,12003200,104.5932000734,112.64795009990002,-0.016454304354412197,0.03320824361513968
2022-08-17,86.69506836,89.76999664,92.38999939,89.76000214,91.87000275,14491500,104.4083999634,112.2721000711,-0.03108477973491941,0.03347338719539493
2022-08-18,87.6318512,90.73999786,91.93000031,88.51999664,90.05000305,13418600,104.13679992659999,111.8749500694,0.010805405550920799,0.03298583874280787
2022-08-19,86.55986786,89.62999725,91.65000153,89.18000031,90.41000366,12364300,103.5369998176,111.50860008615,-0.01223275993143158,0.03298601194693819
2022-08-22,86.94616699,90.02999878,90.87999725,89.30000305,89.56999969,15545000,103.13959976320001,111.12755005255002,0.00446280868317217,0.028953947756505862
2022-08-23,86.75302124,89.83000183,90.18000031,86.70999908,89.16999817,17345900,102.7393998738,110.75275009520001,-0.0022214478808193494,0.02895817051857008
2022-08-24,89.35087585,92.51999664,94.14800262,87.55000305,87.90000153,22808300,102.6193998738,110.42170009990001,0.02994539413558872,0.02968693785400384
2022-08-25,96.46842957,99.88999939,101.0299988,94.94999695,96.05999756,39170600,102.5125997936,110.11035007835,0.07965848484276372,0.0322981602354814
2022-08-26,94.64317322,98.0,104.8499985,97.61000061,104.8399963,45773400,102.3119998176,109.79940006635,-0.018920806903010234,0.03239707654865424
2022-08-29,93.29112244,96.59999847,100.9100037,96.48000336,98.95999908,18323500,102.214999849,109.46255005270001,-0.014285729897959176,0.032451387520173056
2022-08-30,90.62565613,93.83999634,96.97000122,92.62000275,95.86000061,17865800,102.04699981779999,109.0925000039,-0.028571451073647225,0.032642572550378536
2022-08-31,92.14189148,95.41000366,98.62000275,94.91999817,96.66000366,16169000,101.827399903,108.73550003420002,0.01673068394324706,0.03282979560075414
2022-09-01,90.50011444,93.70999908,94.51999664,91.66999817,92.75,11929100,101.5985998546,108.3713500631,-0.01781788612081059,0.03284425242979361
2022-09-02,88.65554047,91.80000305,93.66799927,90.76999664,91.76999664,12378900,101.1923999036,107.98820011485,-0.02038198750134912,0.032153931786296545
2022-09-06,85.42028809,88.44999695,89.47000122,87.80000305,89.31999969,15573500,100.60899978859999,107.6225500906,-0.036492439964031176,0.03271091546201978
2022-09-07,87.49664307,90.59999847,90.86000061,87.7559967,88.51999664,12753300,100.04639969,107.35755005245001,0.024307536395002716,0.03308985460953144
2022-09-08,86.45363617,89.51999664,90.18000031,88.27999878,88.55999756,13291800,99.50159958080002,107.10345005415,-0.011920550201307334,0.03297749832531352
2022-09-09,88.98389435,92.13999939,92.90000153,90.72000122,91.05000305,10745500,99.02379959259999,106.8810500756,0.029267234677590626,0.033348081996790374
2022-09-12,91.44654846,94.69000244,94.83999634,91.80999756,92.41999817,15604000,98.6439996354,106.68620006930001,0.027675310037789558,0.026694983125069925
2022-09-13,86.40534973,89.47000122,92.18000031,89.23000336,90.76000214,21149800,98.1133996598,106.4509500539,-0.055127268829754605,0.028612590681608645
2022-09-14,85.87419128,88.91999817,89.77999878,88.16999817,89.45999908,10843600,97.48919967720002,106.22880001425,-0.00614734595395372,0.028231907294217196
2022-09-15,85.78726959,88.83000183,91.09500122,88.19999695,88.62999725,12188800,96.88339965979999,106.0149000204,-0.0010121046092235186,0.02747291038942421
2022-09-16,83.46948242,86.43000031,88.25,85.41999817,87.69999695,19322000,96.164199678,105.80940002795002,-0.02701791591306113,0.02756873463229233
2022-09-19,84.65735626,87.66000366,87.76499939,85.0,85.09999847,12822100,95.4993997212,105.63525005675001,0.014231208441378262,0.026308937537216102
2022-09-20,82.8610611,85.80000305,88.73000336,85.01000214,87.94999695,19129000,95.0239997882,105.45425007200001,-0.021218349673064574,0.026372345730355306
2022-09-21,78.80491638,81.59999847,85.16000366,81.5,85.12000275,23847300,94.47179977559999,105.30245006885,-0.04895110059089913,0.027725463238173764
2022-09-22,77.94541168,80.70999908,83.27999878,80.16999817,82.62999725,19141200,93.9039997872,105.08800007174999,-0.01090685547411141,0.02757013762637182
2022-09-23,76.10083008,78.80000305,79.76999664,77.59999847,79.26000214,20492100,93.4047998062,104.85430008249999,-0.023664924442717505,0.027169863194269124
2022-09-26,76.2070694,78.91000366,80.98600006,78.77999878,79.94000244,17880600,92.93419983140001,104.62345009179998,0.0013959467733801745,0.02718833966011005
2022-09-27,75.20269012,77.87000275,80.41000366,77.09999847,79.43000031,16975100,92.42879989839999,104.39325008705,-0.013179582584751381,0.027222355043998177
2022-09-28,78.21582031,80.98999786,81.48000336,76.27999878,76.48500061,20725400,91.9535998556,104.17290008834999,0.04006671375133619,0.028402115099459956
2022-09-29,76.35192108,79.05999756,79.19000244,76.73999786,78.05000305,17913600,91.4555998248,103.95700008665,-0.02383010681561215,0.028194447508281307
2022-09-30,77.25007629,79.98999786,81.77999878,78.65000153,78.73999786,17116900,90.952799836,103.72405006695,0.011763221966889281,0.028212146513808777
2022-10-03,77.69431305,80.44999695,80.92500305,78.05000305,79.76000214,13249600,90.549599763,103.5139500457,0.005750707617283579,0.028218134527813514
2022-10-04,81.2289505,84.11000061,85.03299713,82.33999634,83.0,18252000,90.21059982319998,103.33325004875002,0.045494142930480264,0.029565264404755345
2022-10-05,81.49935913,84.38999939,86.29000092,83.25,84.09999847,13194000,89.86959976300001,103.1447000532,0.0033289594337098105,0.02958019708802228
2022-10-06,81.43175507,84.31999969,85.25,83.51999664,84.06999969,11583600,89.5003997808,102.99130005165,-0.0008294786172056146,0.028973715486268235
2022-10-07,78.4572525,81.23999786,83.70999908,80.75499725,82.34999847,11632400,89.11419967600001,102.78260002395,-0.036527536068827526,0.02509243084304303
2022-10-10,76.52575684,79.23999786,79.79000092,77.69999695,79.76999664,14070900,88.91159957819998,102.58975002525,-0.02461841522259245,0.025210500231782073
2022-10-11,72.78833008,75.37000275,77.83999634,74.13999939,77.37999725,18387900,88.6121997064,102.3733000205,-0.04883890982477623,0.026331066308060647
2022-10-12,73.13599396,75.73000336,76.6780014,74.02999878,74.90000153,13247900,88.2743997186,102.16900005579998,0.004776444166973315,0.02613152083967476
2022-10-13,72.44065857,75.01000214,75.77999878,71.40000153,72.23999786,17563400,87.860199737,101.970050051,-0.009507476403735393,0.02575351230903799
2022-10-14,70.51881409,73.01999664,76.13999939,72.77999878,76.05000305,13675300,87.3719996636,101.77470005270001,-0.026529868593868522,0.025920528871185063
2022-10-17,74.1403656,76.76999664,77.87000275,75.11000061,75.15000153,14487400,87.05619964520001,101.5436000464,0.051355795296569084,0.027963099176565403
2022-10-18,73.72509003,76.33999634,78.63999939,75.05999756,78.01000214,14970600,86.76619964519999,101.3313500236,-0.005601150434021984,0.027346883903940186
2022-10-19,68.82875824,71.26999664,74.33000183,70.51999664,73.27999878,23094500,86.3677995292,101.08580002030001,-0.06641341292995928,0.029012850965341414
2022-10-20,69.55307007,72.01999664,74.94000244,71.55000305,71.59999847,19173400,85.9595994558,100.84810001550001,0.010523362359456945,0.02918533404391002
2022-10-21,69.70759583,72.18000031,72.79000092,69.46499634,71.19999695,19526800,85.505799407,100.60319999855001,0.00222165617140746,0.028440720489626422
2022-10-24,60.98690033,63.15000153,64.09999847,58.00999832,63.38999939,101023200,84.8733995048,100.2858000197,-0.12510388945993067,0.034843555823485806
2022-10-25,61.05450058,63.22000122,66.17900085,61.25999832,65.08000183,69302400,84.2537995902,99.9528500378,0.0011084669565168959,0.03399036436982038
2022-10-26,66.16329956,68.51000214,69.80000305,62.91999817,63.36000061,52957400,83.77099960240001,99.65390003299999,0.08367606481991774,0.03813016926966045
2022-10-27,63.58475876,65.83999634,67.87999725,65.41999817,65.44000244,25812600,83.29239959639999,99.3221500027,-0.03897249622827115,0.0385203617762115
2022-10-28,61.55669022,63.74000168,64.15000153,61.81999969,63.20000076,28638000,82.7523996728,98.9537999926,-0.031895424920067694,0.03860834952809953
2022-10-31,61.40217209,63.58000183,64.84999847,63.22000122,63.49000168,20645300,82.2313997644,98.61485002625001,-0.0025101952585954157,0.03837584535828986
2022-11-01,63.60407639,65.86000061,68.4509964,65.63999939,68.01000214,27257000,81.74799980099999,98.2862999928,0.03586031321760963,0.039202475455905925
2022-11-02,62.4838028,64.69999695,67.66999817,64.33000183,66.48000336,28298100,81.2453997034,97.96679994704999,-0.01761317414600616,0.03848512531735923
2022-11-03,62.97633743,65.20999908,66.87999725,63.40000153,63.41999817,23360500,80.69919975219999,97.65414995295,0.007882568068652729,0.0385717087727323
2022-11-04,67.41876984,69.80999756,71.63999939,67.44999695,71.16999817,51292200,80.0975997156,97.34804994675,0.07054130570308237,0.040879020368167096
2022-11-07,67.32219696,69.70999908,71.87999725,68.67199707,71.30000305,26087600,79.5317996972,97.08044992515,-0.0014324378096998158,0.04087129810801067
2022-11-08,65.79631042,68.12999725,68.91999817,66.26999664,67.62000275,23870200,78.9623996728,96.81924989790001,-0.022665354337284893,0.040986879602356426
2022-11-09,62.61900711,64.83999634,66.77999878,64.80000305,66.43000031,22099300,78.3823996728,96.5477498826,-0.04829004906498813,0.0409140453850136
2022-11-10,67.38014221,69.76999664,69.98999786,68.0,68.02999878,28757200,77.8695995324,96.3297498523,0.07603332168849408,0.04344494434102496
2022-11-11,68.34588623,70.76999664,72.69999695,69.30999756,72.31999969,38723400,77.41079948359999,96.124649831,0.014332808487290238,0.04347805260555421
2022-11-14,68.88671112,71.33000183,74.0,71.31999969,73.16000366,30310700,77.0013994592,95.90514982315,0.007913031179705765,0.043495103813972744
2022-11-15,76.58370972,79.30000305,80.37000275,77.80999756,78.93000031,53150500,76.8183995812,95.67269983389998,0.11173420742361428,0.04753911537223726
2022-11-16,75.48275757,78.16000366,80.44999695,77.41000366,80.31999969,26637300,76.569599685,95.4273998462,-0.01437577990105765,0.047595069844840486
2022-11-17,81.37381744,84.26000214,85.68000031,75.76000214,76.0,62050600,76.464399795,95.23429987040001,0.07804501272204778,0.04976029640004702
2022-11-18,77.72329712,80.48000336,82.51999664,79.86000061,82.15000153,29528300,76.2311998744,95.01934988120001,-0.044861128459496635,0.050000681485643905
2022-11-21,74.29489136,76.93000031,79.05999756,76.47000122,78.69000244,19005100,75.8759998318,94.79289987675,-0.044110374028195176,0.050468072495964064
2022-11-22,73.38708496,75.98999786,76.80000305,74.58000183,75.44000244,20694100,75.6063997646,94.59874986755001,-0.012218932096868862,0.049676659868455625
2022-11-23,75.81111145,78.5,78.84500122,76.84999847,78.19000244,19032700,75.3979998012,94.38174986005001,0.03303069102099854,0.050008361634075425
2022-11-25,72.91387177,75.5,76.05000305,74.91999817,75.5,13036900,75.1313997646,94.12674986005,-0.03821656050955413,0.05051629829639696
2022-11-28,73.28085327,75.87999725,77.41699982,74.68000031,74.73999786,19107400,74.92039970340001,93.8862498293,0.0050330761589403306,0.05024143849205788
2022-11-29,77.12452698,79.86000061,80.88999939,79.44999695,80.23999786,24178100,74.76439964240001,93.67429983234999,0.052451284979454726,0.05027855627701105
2022-11-30,84.56076813,87.55999756,89.625,82.25,82.73999786,60169600,74.7995995326,93.50249982915,0.0964186938540521,0.05308116527406675
2022-12-01,82.99626923,85.94000244,87.59999847,84.26000214,84.34999847,20243000,74.886399612,93.30099985185,-0.018501543685972677,0.0515272883258848
2022-12-02,86.9751358,90.05999756,91.84999847,86.05000305,86.05000305,35042600,75.0733995816,93.12349985165,0.047940365406394125,0.052052296632027796
2022-12-05,87.41938019,90.51999664,92.90000153,89.62999725,92.90000153,30929800,75.30779945340001,92.95394983335,0.0051076958967664066,0.05204242022204647
2022-12-06,88.31752014,91.44999695,92.56999969,89.19999695,91.87999725,26675700,75.5585993192,92.8162498286,0.010273976408755603,0.04547976962931326
2022-12-07,85.30440521,88.33000183,89.26000214,86.62000275,87.05999756,19507400,75.7677993008,92.69324983625,-0.03411695160258832,0.04625589727562815
2022-12-08,90.9443512,94.16999817,94.33499908,91.08000183,91.97000122,29241500,76.031399307,92.6154998211,0.06611565967404442,0.04542405669753625
2022-12-09,88.21129608,91.33999634,93.75,91.22499847,93.26999664,15452100,76.2769992826,92.5275498013,-0.03005205357327445,0.04510948802265119
2022-12-12,86.34741211,89.41000366,90.88899994,87.75,90.08999634,15190200,76.4653993986,92.43489980759999,-0.021129765243430465,0.04479053211668143
2022-12-13,88.27890015,91.41000366,94.98000336,90.30000305,93.44999695,21150600,76.68459953280001,92.3659998139,0.022368861627669823,0.044737394618476214
2022-12-14,87.79602814,90.91000366,91.26499939,89.5,91.05999756,15575500,76.8205995938,92.2850998507,-0.005469860846519126,0.044649146631296405
2022-12-15,83.25701904,86.20999908,94.08000183,86.05000305,93.08999634,30419400,76.8569995876,92.1890498551,-0.05169953130326377,0.04583967832582182
2022-12-16,83.8171463,86.79000092,90.56999969,86.61000061,88.80000305,25084600,76.9063996122,92.11274984420001,0.006727779215746965,0.04584252607036208
2022-12-19,84.17447662,87.16000366,89.77999878,86.50099945,89.75,20737000,77.02479972820001,92.04554987,0.004263195484247806,0.0444276274279755
2022-12-20,82.9769516,85.91999817,87.19999695,85.04000092,85.04000092,15315400,77.1583997344,91.98184984255,-0.014226771889972678,0.04458594710831351
2022-12-21,84.80220795,87.80999756,88.38700104,85.45999908,86.01000214,18212900,77.4071996306,91.93339983034998,0.021997200072798817,0.04427373574686314
2022-12-22,84.9567337,87.97000122,89.69000244,86.66999817,89.08000183,16004800,77.6519995878,91.86859983495,0.001822157663661006,0.04294687645575146
2022-12-23,82.71620178,85.65000153,88.65000153,85.51999664,87.84999847,17949300,77.8647995756,91.83224985175,-0.02637262314226896,0.041657205119053776
2022-12-27,86.78199768,89.86000061,90.68900299,86.20999908,86.55000305,22959900,78.201599655,91.8479998594,0.049153520196090206,0.0423288217377088
2022-12-28,84.21309662,87.19999695,90.15000153,86.46499634,88.98000336,16268800,78.41019966120001,91.89519983345,-0.029601643021845092,0.04290717546107967
2022-12-29,86.07699585,89.12999725,89.51999664,87.05999756,87.625,12535400,78.6659996794,91.957049809,0.022133031737451292,0.038276039424272025
2022-12-30,85.07261658,88.08999634,89.41000366,87.41000366,87.44999695,11926700,79.00239967339999,91.8725997737,-0.011668360171524617,0.038232928794090265
2023-01-03,88.82937622,91.98000336,94.44999695,90.75,91.11000061,27891000,79.4015998078,91.83064977700002,0.04415946397574788,0.036449970664719555
2023-01-04,100.3603897,103.9199982,104.5199966,96.97000122,98.84999847,53291800,80.0363997656,91.8087497525,0.12981076759986765,0.04198013810697114
2023-01-05,100.9977875,104.5800018,105.6999969,100.6399994,101.4000015,30400400,80.86499977099999,91.81369978000001,0.0063510740130094945,0.040756056471071174
2023-01-06,103.7211914,107.4000015,108.0,102.4599991,104.1100006,21072400,81.7485997766,91.77574979799999,0.02696499953588627,0.040611825121188314
2023-01-09,107.0337067,110.8300018,113.1100006,108.1200027,111.9899979,42085300,82.5949997698,91.7436998175,0.031936687635893524,0.04059311930867185
2023-01-10,110.9449692,114.8799973,115.4800034,111.2099991,112.9700012,33478600,83.57579978899999,91.74234979650001,0.036542411208370096,0.039667088789801436
2023-01-11,111.0801773,115.0199966,115.2099991,112.3099976,114.5999985,22804400,84.60139968739999,91.75249979,0.0012186568879732906,0.039705650380275036
2023-01-12,109.274231,113.1500015,113.7900009,111.4499969,113.6600037,16590600,85.5927996808,91.742799816,-0.016257999958939284,0.03943354091812347
2023-01-13,113.0020142,117.0100021,117.9800034,114.0899963,114.5199966,25615100,86.61579971059999,91.744299831,0.034114012804498106,0.036378731229845404
2023-01-17,111.2443542,115.1900024,117.0100021,114.3399963,115.5199966,16945600,87.62559981960001,91.737349834,-0.015554223291480485,0.036302082761274335
2023-01-18,109.341835,113.2200012,116.75,113.0400009,116.75,15347900,88.58579986199999,91.75944982450001,-0.017102189069838958,0.03592480749022535
2023-01-19,112.5867462,116.5800018,117.0,113.9700012,114.0199966,18489900,89.52119994680001,91.791349849,0.02967674054396685,0.03612992143231464
2023-01-20,115.7543869,119.8600006,120.0599976,117.8000031,118.302002,18342700,90.5241999772,91.80314985199999,0.02813517541050503,0.03629706525536039
2023-01-23,115.4356918,119.5299988,120.3000031,118.137001,120.0,13590200,91.5522000082,91.84579984599999,-0.00275322708449921,0.03543366308962454
2023-01-24,115.3487778,119.4400024,120.0,115.0,115.0,7807100,92.64420012940002,91.90459985650001,-0.000752918940044367,0.03389878739104929
2023-01-25,116.1310272,120.25,120.3199997,117.5,118.5100021,9705000,93.6538001966,91.98449987350001,0.0067816274591769865,0.033112569531011556
2023-01-26,116.4400711,120.5699997,121.3000031,118.762001,121.0,11171000,94.6498002578,92.069699878,0.00266112016632003,0.03262965058457337
2023-01-27,114.3250809,118.3799973,119.7099991,116.8099976,119.6900024,18027400,95.5908001672,92.153849849,-0.01816374226962858,0.03295926244325024
2023-01-30,107.3910217,111.1999969,113.1500015,109.7799988,111.6900024,21918200,96.2288000442,92.21109983349999,-0.06065214194763291,0.03526323355146311
2023-01-31,106.4252777,110.1999969,112.0800018,108.8099976,109.4199982,15330000,96.86959990899999,92.261949824,-0.008992806006094423,0.033622270265399504
2023-02-01,108.9555359,112.8199997,113.9499969,110.1500015,111.8600006,16623000,97.4407998602,92.34859983320001,0.023774980705103754,0.03373088107562952
2023-02-02,105.9810333,109.7399979,112.5250015,107.8099976,112.5,23396900,98.025999751,92.4237498273,-0.027300140118684868,0.03437983991056235
2023-02-03,102.6878357,106.3300018,109.5299988,105.8099976,108.0500031,15982200,98.6139997808,92.4878998363,-0.031073411383763072,0.03489356700825657
2023-02-06,101.8379745,105.4499969,106.2799988,103.2200012,103.8199997,15337500,99.2031997616,92.5680998025,-0.008276167451358063,0.034903573819633014
2023-02-07,101.8862686,105.5,107.3499985,103.7200012,106.8399963,16861700,99.74319976160001,92.66564981319999,0.00047418778065422273,0.03491092393715388
2023-02-08,101.5096283,105.1100006,107.1399994,103.5500031,107.0999985,14329500,100.3353997736,92.7587498269,-0.003696676777251162,0.034413322946239215
2023-02-09,104.7448807,108.4599991,109.8099976,107.75,108.5,16281300,100.98699981060001,92.8718498407,0.0318713583947976,0.033830006867866115
2023-02-10,100.0996399,103.6500015,106.6399994,102.7900009,105.8000031,18776000,101.46279982840001,92.9701498589,-0.04434812502225072,0.034478459953623516
2023-02-13,101.200592,104.7900009,106.3499985,104.1500015,105.9899979,18538600,101.80739989519999,93.05249986495001,0.0109985468741165,0.03436225551958052
2023-02-14,100.650116,104.2200012,104.4800034,101.8499985,103.5500031,12978400,102.1729998704,93.11904985265001,-0.005439447419643972,0.03427074526328117
2023-02-15,99.54916382,103.0800018,103.4400024,102.0,102.3899994,18230200,102.4333999552,93.14899987995001,-0.010938393656437562,0.03363514803201915
2023-02-16,99.57813263,103.1100006,104.5199966,102.0299988,102.7099991,21747100,102.6852000344,93.15849988745002,0.00029102444194961663,0.02386820130560664
2023-02-17,96.58432007,100.0100021,101.0899963,99.25,101.0,18121600,102.8564001374,93.15664991145,-0.030064964425962848,0.02445375202774969
2023-02-21,91.84249878,95.09999847,97.625,94.69999695,96.5,27172700,102.99180007019999,93.1250998853,-0.049095125756426605,0.025359356237817817
2023-02-22,91.53346252,94.77999878,95.88999939,93.55500031,95.57499695,24484000,103.0040000824,93.12579988224999,-0.0033648758690668634,0.02444987255311705
2023-02-23,90.93470764,94.16000366,100.4700012,92.12999725,100.0999985,40482900,103.0604002288,93.14634988529998,-0.006541413040520361,0.023162555336537924
2023-02-24,85.95145416,89.0,91.68000031,88.02999878,90.06999969,36174500,103.0522001556,93.1671499036,-0.05480037658698622,0.02473629788370496
2023-02-27,86.19288635,89.25,91.23999786,88.89499664,90.84999847,25840000,103.0090000824,93.19054990515001,0.002808988764045006,0.0247673950812168
2023-02-28,84.78289795,87.79000092,89.33999634,87.26999664,88.45999908,24597200,102.9466000276,93.22084989295001,-0.016358533109243734,0.02352057672386944
2023-03-01,86.86890411,89.94999695,92.91999817,89.73000336,92.91999817,35434900,103.02139998499999,93.265149896,0.024604123560362234,0.024280473604639734
2023-03-02,86.67575836,89.75,90.91899872,87.97000122,88.95999908,24829000,103.08059996659999,93.2739499067,-0.0022234236440404898,0.024238396577363677
2023-03-03,86.62747192,89.69999695,90.45999908,88.40000153,90.11000061,25834300,103.1313998324,93.29004987465,-0.0005571370473537174,0.02325098351954361
2023-03-06,86.55021667,89.62000275,91.30000305,88.02999878,89.58499908,16983900,103.20539992399999,93.2781998991,-0.0008917971317723428,0.02225958753812995
2023-03-07,85.69069672,88.73000336,90.05000305,88.19999695,89.51999664,14514700,103.22380004,93.28529992809999,-0.009930811902368553,0.02222422083500582
2023-03-08,83.97166443,86.94999695,87.76999664,86.44999695,87.38999939,14721500,103.2033999546,93.28159990065,-0.020060930267049137,0.02223755540127814
2023-03-09,80.51429749,83.37000275,85.69000244,82.875,85.12000275,24327700,103.157799979,93.2644999098,-0.041173022720847885,0.022687569116417405
2023-03-10,80.11833954,82.95999908,84.51999664,82.33000183,82.63999939,18123100,103.01979994839999,93.2431498884,-0.004917880010505304,0.02256189214141239
2023-03-13,80.06039429,82.90000153,83.75499725,81.97000122,83.01000214,17848300,102.93380004000001,93.24529988995,-0.000723210591433987,0.02262578683556981
2023-03-14,80.9778595,83.84999847,83.91000366,82.16000366,82.86000061,20126100,102.82820006440001,93.25299989450001,0.011459552743870782,0.0210019806163754
2023-03-15,78.71800995,81.51000214,82.54000092,80.15000153,81.55000305,21025300,102.6966001804,93.1881498884,-0.027906933484765806,0.021279181433484957
2023-03-16,79.40368652,82.22000122,82.48000336,80.66000366,81.45999908,22877500,102.5014001376,93.1321998762,0.008710576142306081,0.02062782136249178
2023-03-17,78.87252808,81.66999817,84.16000366,80.62000275,84.0,23711100,102.056400137,93.06029985180001,-0.006689406979310641,0.020383258059002835
2023-03-20,78.22547913,81.0,81.90000153,79.48000336,80.15000153,19536500,101.584800101,92.99839986555,-0.00820372456241969,0.019975868303183632
2023-03-21,80.83298492,83.69999695,84.08799744,82.0,82.45999908,16529400,101.11080001,92.9293998503,0.03333329567901244,0.021408975217327045
2023-03-22,80.78470612,83.65000153,85.38999939,83.51000214,84.83999634,21204700,100.5672000046,92.88159986255,-0.0005973168676441931,0.021396196552243913
2023-03-23,83.55639648,86.51999664,88.37999725,85.26000214,87.68000031,26861400,99.9999999914,92.81914983505001,0.034309564345563315,0.022712704399826037
2023-03-24,83.92338562,86.90000153,88.11000061,85.62999725,85.87000275,20332500,99.43760009000002,92.73204984419999,0.004392104770659655,0.02165316701169456
2023-03-27,83.17010498,86.12000275,88.22000122,85.5,87.12999725,18258300,98.89700011500001,92.56454984445,-0.008975820095132314,0.02048842073350676
2023-03-28,95.02946472,98.40000153,99.51000214,92.05999756,95.34999847,118875200,98.52480010360001,92.5070498446,0.14259171374678115,0.03392387955873433
2023-03-29,96.49739838,99.91999817,101.3300018,96.27999878,97.58999634,53695000,98.219400019,92.45744985395,0.015447120085019472,0.034055696167864004
2023-03-30,99.83888245,103.3799973,105.0500031,100.5,101.3399963,57780700,98.022599941,92.48174985725,0.03462769408895805,0.034602833972472755
2023-03-31,98.67998505,102.1800003,103.5999985,101.1320038,102.8600006,28382600,97.73459991099999,92.46649984175,-0.01160763234030382,0.03467520634552815
2023-04-03,95.01981354,98.38999939,101.75,97.61000061,100.8899994,26888100,97.3051998868,92.4182998447,-0.037091416117367215,0.03490998954749337
2023-04-04,97.27000427,100.7200012,101.4700012,97.26000214,98.94000244,26868400,96.92899993479999,92.4146498662,0.023681286964585713,0.03389316592314132
2023-04-05,95.17433167,98.55000305,100.4499969,97.66000366,99.23999786,20117700,96.5111999478,92.39619989195,-0.021544858261975497,0.0341620863704089
2023-04-06,99.22080994,102.7399979,103.2399979,98.26999664,98.52999878,26849200,96.1609999058,92.37794988445,0.04251643551826367,0.03491299283925831
2023-04-10,98.06191254,101.5400009,102.8300018,100.5899963,100.6200027,16308300,95.78039992980001,92.35989988145,-0.011679939892231705,0.033280589359997406
2023-04-11,96.34288788,99.76000214,102.5400009,99.19999695,102.4599991,19017700,95.4080000266,92.29814988915001,-0.01753002505636181,0.0335311221834155
2023-04-12,90.62565613,93.83999634,98.88999939,93.58000183,97.81999969,35516000,95.0608000154,92.17924985735,-0.0593424786789003,0.03531242221973428
2023-04-13,92.87584686,96.16999817,97.19000244,95.09500122,95.875,24231700,94.78020004080001,92.0664498312,0.02482951748589124,0.035317244730138045
2023-04-14,91.31134796,94.55000305,96.12000275,93.83999634,95.62999725,14098700,94.4148001078,91.95539983594999,-0.01684511958850543,0.03548955150748331
2023-04-17,93.11729431,96.41999817,97.23000336,95.48999786,96.73999786,15714100,94.14840011320001,91.8573498328,0.01977784304259722,0.035626614671507024
2023-04-18,92.2191391,95.48999786,99.16999817,95.18099976,99.01999664,20672300,93.93160003439999,91.7663998206,-0.009645305202768184,0.03569535720685341
2023-04-19,90.28765106,93.48999786,94.81999969,92.94999695,94.59999847,18985200,93.6924000536,91.65384980990001,-0.020944601998339585,0.03588594885567118
2023-04-20,87.6318512,90.73999786,93.79000092,90.05000305,93.34999847,25533900,93.3972000108,91.5068998127,-0.02941491135894647,0.03612711884555035
2023-04-21,86.07699585,89.12999725,90.19000244,88.30000305,89.95999908,23097300,93.07759994380001,91.35694978545,-0.017743009124642217,0.03540706802092597
2023-04-24,83.91371918,86.88999939,88.48000336,86.04000092,88.40000153,22757100,92.64619994959999,91.1794497854,-0.025131806676904178,0.035749859712747314
2023-04-25,80.07970428,82.91999817,85.69999695,82.21199799,85.31999969,36441300,92.231599883,90.98954976875001,-0.0456899671754043,0.03680105272517442
2023-04-26,79.98313141,82.81999969,85.22000122,82.76000214,85.04000092,24983000,91.79219985879999,90.8557997687,-0.001205963364772189,0.03674521494704995
2023-04-27,81.57662201,84.47000122,84.63999939,82.63999939,83.06999969,24506800,91.39719985919999,90.7320997793,0.01992274252808568,0.03651994423257374
2023-04-28,81.78908539,84.69000244,85.08000183,83.87000275,84.18000031,18109300,91.029399872,90.61004979900001,0.0026044893669057156,0.03649715919864913
2023-05-01,81.27724457,84.16000366,85.27999878,83.77100372,84.15000153,12909200,90.6503999332,90.51204980680001,-0.006258103255758929,0.036493864032182674
2023-05-02,78.73731995,81.52999878,83.27999878,80.65399933,83.15000153,20689500,90.28079986680001,90.4074997887,-0.03125005662576985,0.03694752285491308
2023-05-03,78.68904114,81.48000336,82.0,80.48999786,81.30500031,17759400,90.00839996460002,90.29919980849999,-0.0006132150220548027,0.036434688145568425
2023-05-04,79.66443634,82.48999786,83.12999725,81.80000305,82.38999939,23773800,89.76259994620001,90.1878997978,0.012395611909066684,0.036507940235348355
2023-05-05,80.36943817,83.22000122,83.37999725,82.02999878,82.75,17500600,89.5437998974,90.0841998084,0.008849598483914978,0.035978633740891795
2023-05-08,80.4563446,83.30999756,83.69999695,82.33999634,83.62999725,17392900,89.4299998486,89.97509980969998,0.0010814268046221986,0.035967564889570224
2023-05-09,79.40368652,82.22000122,82.66000366,80.15000153,80.54499817,13457400,89.28939987300001,89.8831498128,-0.013083619876653851,0.03600753519054908
2023-05-10,80.10868073,82.94999695,84.5,81.76999664,82.13999939,16868100,89.1925997936,89.79259980955,0.0088785662754578,0.023851517935399216
2023-05-11,84.87947083,87.88999939,88.48000336,84.81999969,85.43000031,28104200,89.15139984240001,89.7248497945,0.05955397976660204,0.02640372932339464
2023-05-12,82.41680908,85.33999634,86.70999908,84.76000214,86.70999908,19031400,89.0631997692,89.6376497822,-0.029013574555675103,0.025747461614563868
2023-05-15,85.31404877,88.33999634,88.40000153,85.83300018,87.12999725,23691200,89.03599975700001,89.5765997484,0.035153505140166796,0.026793664886895954
2023-05-16,85.71967316,88.76000214,89.37000275,87.05999756,87.11000061,18177900,89.01879974479999,89.57354974535001,0.00475442401405024,0.026118815533458434
2023-05-17,87.57390594,90.68000031,91.43000031,88.01000214,88.45999908,27670700,89.0577996838,89.5752497652,0.021631344341019876,0.02604892862937246
2023-05-18,82.83207703,85.76999664,91.0,85.0,90.80999756,60258600,89.03419967759999,89.54099973465,-0.05414648933849342,0.027482682581755218
2023-05-19,81.10340881,83.98000336,85.19999695,83.48000336,83.84999847,21538500,89.0463996898,89.48229974535,-0.020869690452631096,0.026168189759488023
2023-05-22,83.15078735,86.09999847,87.48000336,85.65000153,85.66999817,16951300,89.10919967759999,89.42564973614999,0.025244046501309958,0.026771027075167556
2023-05-23,80.04107666,82.87999725,84.97499847,82.69999695,84.16000366,19917800,89.108799592,89.37724973460001,-0.03739838881788082,0.027328196207154005
2023-05-24,78.42827606,81.20999908,82.59999847,80.87999725,82.16500092,17045800,89.05599960420001,89.3290997483,-0.020149592488071688,0.025559787154846168
2023-05-25,76.08151245,78.77999878,80.70999908,78.12000275,80.58999634,21811600,89.001399537,89.26704973,-0.029922427379985628,0.02534787701227407
2023-05-26,78.19651031,80.97000122,81.56600189,78.40000153,79.90000153,16399200,88.97639953700002,89.20974973455,0.027798965142355136,0.026010248673769294
2023-05-30,75.97528076,78.66999817,80.69999695,78.16999817,80.12000275,21209600,88.916399537,89.12874971165,-0.028405619554713435,0.02592598561485687
2023-05-31,76.82514191,79.55000305,79.66500092,77.76999664,79.58000183,16206300,88.88739959800002,89.0526497437,0.011186028987802743,0.026115281576348345
2023-06-01,80.15696716,83.0,84.0,79.34999847,79.34999847,23217600,88.873399659,88.99664975895001,0.043368910342235445,0.027430666331990275
2023-06-02,81.383461,84.26999664,86.02999878,84.13999939,85.08000183,17574200,88.8857995612,88.9547497345,0.015301164337349515,0.027193189088889447
2023-06-05,81.50901031,84.40000153,84.56999969,83.23999786,83.98999786,8204000,88.843399659,88.92789975895,0.0015427185853036374,0.027038277871003855
2023-06-06,83.73023224,86.69999695,87.05999756,83.37000275,83.5,18452000,88.8393995674,88.9076997544,0.027251130074712915,0.02714821539713033
2023-06-07,82.35887146,85.27999878,86.94999695,85.08999634,85.72000122,12886700,88.822599488,88.88594976205,-0.016378295501197293,0.02593702281067812
2023-06-08,83.18941498,86.13999939,86.94999695,85.16999817,85.16999817,11281000,88.5773994452,88.8664997651,0.01008443506452883,0.025981869153087297
2023-06-09,82.57133484,85.5,86.83799744,85.06500244,86.05999756,12882700,88.2889994818,88.84484975595,-0.007429758469145065,0.025797336552295155
2023-06-12,82.91900635,85.86000061,87.29000092,85.62999725,86.01000214,11559000,87.938599548,88.81154977579999,0.004210533450292431,0.025803036358150264
2023-06-13,84.51248932,87.51000214,89.22000122,87.25,87.95999908,16814100,87.64519958480001,88.74964978954999,0.01921734822126031,0.0259820406120372
2023-06-14,86.29911804,89.36000061,90.12000275,87.70999908,87.97000122,21519300,87.4645996092,88.7064497926,0.021140423091755123,0.025451232647070596
2023-06-15,89.04183197,92.19999695,92.76999664,90.59999847,91.45999908,26570500,87.29419952420001,88.684449785,0.031781516569083124,0.025958369466595053
2023-06-16,88.94525909,92.09999847,94.29000092,91.51999664,94.0,25048200,87.1651994326,88.67574979564999,-0.0010845822484595313,0.025932823236267735
2023-06-20,84.91809845,87.93000031,90.19999695,87.31999969,89.83000183,23382900,86.8689994808,88.6383497789,-0.045276853738041134,0.02742412504516153
2023-06-21,83.79782867,86.76999664,89.16000366,86.62000275,87.37999725,15159900,86.5735993956,88.6036497667,-0.013192353757652264,0.027567659036536605
2023-06-22,83.91371918,86.88999939,87.31500244,85.31999969,86.77999878,10272700,86.3161993406,88.5790997484,0.0013829982095985294,0.027425854079044742
2023-06-23,82.01119995,84.91999817,85.93800354,84.37000275,85.80999756,14830800,86.13779937720001,88.5614497545,-0.02267235854333227,0.027764059267437476
2023-06-26,82.54236603,85.47000122,86.70999908,85.20999908,85.31999969,10808700,85.92379943819998,88.53579976825,0.006476719993551594,0.025514341940980047
2023-06-27,84.14550018,87.12999725,87.61499786,86.71499634,86.81999969,13994500,85.77539932219999,88.5238497713,0.019421972695743417,0.02518562252704469
2023-06-28,81.69250488,84.58999634,85.75,84.37999725,85.75,14113800,85.53879928559999,88.48609975605001,-0.029151853439315922,0.024913698126342344
2023-06-29,80.68813324,83.55000305,83.98999786,83.0,83.38999939,13362500,85.2999993894,88.4303997591,-0.012294518678306332,0.024968927894023427
2023-06-30,80.49497986,83.34999847,84.23000336,83.01000214,83.23000336,12154300,85.09719940160001,88.39979974535001,-0.002393830912014505,0.024576643183708106
2023-07-03,81.19031525,84.06999969,85.63500214,84.0,84.87000275,11514400,84.96379943819998,88.37554975295001,0.008638287141170764,0.02262370705440421
2023-07-05,81.41244507,84.30000305,84.69000244,82.81999969,83.98000336,11203900,84.8671995542,88.35289975905002,0.002735855368717788,0.022296036776496934
2023-07-06,80.96819305,83.83999634,83.94999695,82.63999939,83.12000275,12930300,84.8061994932,88.33994973919998,-0.005456781653105813,0.02181423268497165
2023-07-07,87.44835663,90.55000305,91.56999969,86.62999725,86.76000214,46815900,84.95879959079998,88.35439973614999,0.08003348047378989,0.025257968144670455
2023-07-10,87.45801544,90.55999756,92.04000092,89.59999847,90.05000305,25401800,85.1135995482,88.3781997087,0.00011037558987680995,0.02487850593809694
2023-07-11,88.64588165,91.79000092,92.31999969,89.01000214,91.01999664,20768800,85.2599995422,88.42914972095,0.013582192945456484,0.02409248895660782
2023-07-12,90.78018188,94.0,95.02999878,92.55000305,94.11000061,24161400,85.4461994934,88.49559972555,0.024076686543735182,0.023982406460475742
2023-07-13,93.30078125,96.61000061,97.00499725,94.59999847,95.02999878,24021400,85.6951994324,88.58464971335,0.027765963936170257,0.023450215783369067
2023-07-14,91.32099915,94.55999756,96.08999634,94.23999786,95.22000122,18870000,85.955799408,88.66289968285,-0.021219366908769133,0.023997029350053274
2023-07-17,90.21039581,93.41000366,93.55000305,91.04000092,92.25,17317300,86.194399414,88.74059968739999,-0.012161526329041106,0.02314594119528567
2023-07-18,88.07608795,91.19999695,92.20999908,90.15000153,91.54000092,20249700,86.36859939579999,88.79164968285001,-0.023659208044184754,0.02359040876887287
2023-07-19,88.93560791,92.08999634,94.70999908,92.08999634,93.56999969,17228100,86.5459992982,88.85679967675,0.009758765567590366,0.023621746242190978
2023-07-20,88.75211334,91.90000153,93.12000275,91.34999847,91.69000244,14753000,86.7177993776,88.9163496951,-0.002063142768499393,0.023193969547402528
2023-07-21,89.01287079,92.16999817,93.23000336,91.54000092,92.88999939,13882900,86.91679931659999,88.9749497012,0.0029379394505435474,0.022927037546905785
2023-07-24,93.04968262,96.34999847,97.46900177,91.30000305,92.06999969,33376100,87.184799347,89.03614969049998,0.04535098603658794,0.024180950971899293
2023-07-25,91.72661591,94.98000336,98.48999786,94.61000061,98.16999817,25827300,87.32659942640001,89.08909971035,-0.014218942727088568,0.024323143162864592
2023-07-26,93.8126297,97.13999939,97.54499817,94.83999634,94.94999695,15833400,87.5625994874,89.15319970885001,0.02274158721402686,0.02456819352806393
2023-07-27,92.17086029,95.44000244,97.98999786,95.16100311,97.75,18685500,87.70459960939999,89.22419973174999,-0.017500483432934866,0.024719236301963265
2023-07-28,97.10582733,100.5500031,101.2200012,97.95999908,98.06999969,31956500,87.9403996286,89.33074975795,0.05354149758339011,0.02619454910193706
2023-07-31,98.66067505,102.1600037,102.5,99.72000122,99.79000092,17726500,88.1699996964,89.46469976270001,0.016011939834539968,0.025778274330821242
2023-08-01,96.67124176,100.0999985,101.1600037,99.30000305,99.87000275,14333700,88.4565997336,89.58654973840001,-0.02016449809506038,0.026134337524544728
2023-08-02,91.81352997,95.06999969,97.73999786,94.55999756,97.72000122,19452300,88.6783996602,89.68684972615002,-0.050249739114631375,0.026465463262079183
2023-08-03,94.23755646,97.58000183,98.48999786,96.58000183,96.70999908,15370900,88.9079997274,89.8096497521,0.026401621417739607,0.026620074831821074
2023-08-04,93.58084869,96.90000153,98.48999786,96.69000244,97.73500061,13434800,89.18839981300002,89.91029977655,-0.00696864405869424,0.026694751282709154
2023-08-07,93.25248718,96.55999756,97.80000305,95.02999878,97.77999878,13893900,89.4953997826,90.01139978265,-0.0035088128444944466,0.026260735952628417
2023-08-08,90.99264526,94.22000122,94.48000336,92.92199707,93.51000214,13504700,89.8041998314,90.12614980555,-0.02423359982528983,0.026779273074252253
2023-08-09,91.60106659,94.84999847,96.30000305,94.08000183,96.02500153,18640100,90.08179977639999,90.2402998147,0.006686449181092513,0.026620205007983747
2023-08-10,95.8117218,99.20999908,101.8399963,97.12000275,98.30999756,53193100,90.49259979460001,90.37544980855,0.045967323988719055,0.02700516736662164
2023-08-11,92.44126892,95.72000122,97.65000153,94.33999634,97.33999634,25185600,90.815999758,90.53829980699999,-0.03517788420888679,0.027840487263134785
2023-08-14,90.25868225,93.45999908,94.44999695,92.52999878,94.23999786,17581000,91.0251997396,90.68949979630001,-0.023610552770529925,0.02829819747410219
2023-08-15,88.45272827,91.58999634,93.01000214,90.74500275,93.0,14756300,91.17159973359999,90.80489976730001,-0.02000858932599947,0.028624884434161457
2023-08-16,86.06733704,89.12000275,90.5,88.29000092,89.62999725,23292400,91.26599975799999,90.92129979935,-0.026967940699887172,0.029152149683769845
2023-08-17,87.5449295,90.65000153,91.94999695,90.26000214,91.94000244,15732300,91.34499984959999,91.0558497986,0.01716784933559712,0.029238156618820975
2023-08-18,85.01467133,88.02999878,88.36000061,86.86000061,87.77999878,20391400,91.39999984960001,91.17809978334999,-0.028902401608155825,0.025919188467018444
2023-08-21,85.53617096,88.56999969,88.81999969,87.22000122,87.59999847,14167300,91.44859985559998,91.29164977875,0.006134282829533433,0.025948336219203137
2023-08-22,85.06295776,88.08000183,89.48999786,87.86000061,89.27999878,11611600,91.5001998922,91.40854980315,-0.005532323153607521,0.02582714683726178
2023-08-23,86.76267242,89.83999634,90.58999634,88.30999756,88.37000275,12185700,91.5797998068,91.53169978944999,0.019981771950878136,0.02570026258398791
2023-08-24,86.05768585,89.11000061,90.91999817,89.04000092,90.48999786,10684500,91.61179977619999,91.62819980470002,-0.00812550934705436,0.02513502549685143
2023-08-25,86.74336243,89.81999969,90.04000092,88.26999664,89.25,11382200,91.6209997578,91.72874980775,0.007967670016156614,0.024945073497464762
2023-08-28,89.08046722,92.23999786,92.76999664,91.29000092,91.5,14613800,91.62179977599999,91.84929981079999,0.0269427541566718,0.02538192904560804
2023-08-29,90.80915833,94.02999878,94.09500122,92.33999634,93.44999695,16928000,91.6603997822,91.99524982300001,0.019405908082487322,0.025221441473446238
2023-08-30,90.44216919,93.65000153,94.25,92.47000122,92.55000305,13779900,91.7747998066,92.11464984745,-0.004041234233014057,0.02518815151010562
2023-08-31,89.71785736,92.90000153,93.36000061,92.16000366,92.98000336,13332400,91.8973999044,92.22529987189999,-0.00800854231443604,0.025235333637335843
2023-09-01,91.75559235,95.01000214,96.68000031,94.51999664,94.55000305,17452400,92.05979995940001,92.34369987344999,0.022712600379437342,0.02555294947334404
2023-09-05,91.40792084,94.65000153,95.39199829,94.06999969,94.52999878,10097600,92.2544000266,92.42044986585,-0.0037890811692596893,0.024171202831646598
2023-09-06,91.21476746,94.44999695,95.80000305,94.12999725,94.15000153,10123600,92.4339999412,92.50189983229998,-0.002113096426486605,0.024031666251280333
2023-09-07,86.88822174,89.97000122,91.76000214,88.95500183,91.63999939,18667200,92.4908000206,92.5304498277,-0.047432460292948675,0.025140662196475726
2023-09-08,86.96548462,90.05000305,90.30000305,88.73000336,89.59999847,10333300,92.6000001548,92.57829982615,0.0008892056120393121,0.024979600560306073
2023-09-11,85.67137909,88.70999908,90.34999847,87.70999908,89.73000336,15773500,92.7032000754,92.63719981999999,-0.014880665459344411,0.022796324572690253
2023-09-12,85.27542877,88.30000305,89.95999908,88.18000031,88.19000244,10262500,92.802200167,92.69874984594999,-0.004621756670634802,0.022483503655758394
2023-09-13,84.63803101,87.63999939,88.29000092,87.38200378,87.94000244,10634900,92.87360016100001,92.7444498429,-0.007474559877719056,0.022299249584470014
2023-09-14,84.98570251,88.0,88.59999847,87.44000244,88.55000305,8643100,92.9476001,92.8069498429,0.004107720361772094,0.020567950768887216
2023-09-15,84.08755493,87.06999969,88.22000122,86.81999969,87.76999664,10130900,93.01220016699999,92.86289985510001,-0.010568185340909086,0.019880842359275435
2023-09-18,84.03926849,87.01999664,87.16999817,85.39499664,86.15000153,9291600,92.9416000388,92.89869983525001,-0.0005742856342946245,0.019877759304344992
2023-09-19,84.12619019,87.11000061,87.87999725,86.08000183,86.12000275,9247000,92.8726000998,92.89644985049999,0.0010342906627811566,0.019894097626964063
2023-09-20,82.80311584,85.73999786,87.5,85.65000153,86.97000122,9228200,92.7516000386,92.8954498276,-0.01572727287804343,0.019643539496931282
2023-09-21,81.2289505,84.11000061,84.77500153,83.76000214,83.86000061,10622200,92.5538000508,92.86569984285,-0.019010931778439377,0.019768636741865898
2023-09-22,85.27542877,88.30000305,88.875,87.11000061,87.36499786,22469600,92.38760009959998,92.85459987489999,0.04981574616112705,0.02011227505976315
2023-09-25,84.23242188,87.22000122,87.26999664,85.76999664,85.87999725,9897200,92.2408001728,92.83344989625,-0.012231050879901395,0.0192927250212196
2023-09-26,82.96729279,85.91000366,87.06999969,85.69999695,86.45999908,9666600,92.09080017279999,92.8213499054,-0.015019462757122848,0.01903701105223645
2023-09-27,83.23770142,86.19000244,86.55000305,85.30000305,86.37999725,7233900,91.99060028260001,92.78144992675001,0.0032592104303490466,0.018776727849658385
2023-09-28,82.60996246,85.54000092,85.88999939,84.30500031,84.88999939,10093600,91.8596003742,92.75244994965,-0.007541495551673716,0.01820707909672206
2023-09-29,83.76885986,86.73999786,87.94999695,86.60500336,87.29000092,9647300,91.7564003008,92.73909992065,0.014028488743205392,0.018106579027880768
2023-10-02,83.5660553,86.52999878,87.10500336,85.88999939,86.75,8209800,91.64360031300001,92.71469989625001,-0.002421017813937998,0.01734452322206695
2023-10-03,81.64421844,84.54000092,85.0,83.94999695,84.5,11448800,91.407400362,92.68284988255,-0.022997779822689135,0.017774640308332503
2023-10-04,81.19998169,84.08000183,84.54000092,83.65000153,84.27500153,8904700,91.1894003314,92.67219989630001,-0.005441200437592775,0.017773917372001354
2023-10-05,80.80402374,83.66999817,83.70999908,82.44999695,83.51999664,10334500,90.92000030700001,92.65659988255,-0.0048763517016683355,0.017316493801214375
2023-10-06,83.1121521,86.05999756,86.51499939,84.0,84.25,13410200,90.7324002094,92.65109985205,0.02856459235416753,0.01816043013232242
2023-10-09,81.94359589,84.84999847,85.20999908,83.56999969,83.91000366,10880000,90.4184001168,92.64574985354999,-0.014059947993333322,0.018230462087956107
2023-10-10,84.18412781,87.16999817,87.73999786,85.56999969,85.66999817,13557800,90.1186000062,92.6425498566,0.02734236584365135,0.01825227195812277
2023-10-11,84.77323914,87.77999878,88.79599762,87.14499664,88.01000214,11111500,89.87220001180002,92.6415998444,0.0069978274957671616,0.01789405980643255
2023-10-12,81.61524963,84.51000214,87.66999817,84.19999695,87.58000183,16158100,89.66100006079999,92.63589984745,-0.03725218370298089,0.01900859921361121
2023-10-13,81.14202881,84.01999664,85.48999786,83.75,84.05999756,10325500,89.38979995700001,92.60669982760001,-0.0057981953330003,0.01899376862152985
2023-10-16,81.42209625,84.30999756,84.96499634,82.62999725,83.69999695,10075300,89.1379998776,92.59224983065,0.003451570240386559,0.018405144656685808
2023-10-17,81.03579712,83.91000366,84.36000061,82.55999756,82.75,8270000,88.8849999996,92.5661498627,-0.004744323467870348,0.018405931115530596
2023-10-18,80.16662598,83.01000214,83.73000336,82.76000214,82.95999908,9321600,88.66080001799999,92.5407498917,-0.010725795265684623,0.0184451427139927
2023-10-19,78.81458282,81.61000061,82.39499664,81.11499786,81.48000336,12624100,88.39600006080002,92.48889987794999,-0.016865455895770598,0.016735709864042072
2023-10-20,77.20178223,79.94000244,80.86000061,79.78299713,80.23000336,14618600,88.010600128,92.36899989915,-0.02046315595536663,0.017011475097643173
2023-10-23,77.7522583,80.51000214,80.9260025,79.01999664,79.41999817,12715200,87.70640014639999,92.24864990085,0.007130343790367144,0.016992774673464408
2023-10-24,80.03142548,82.87000275,83.31999969,80.44000244,80.44999695,17925800,87.49460021979999,92.1259999071,0.029313135601414686,0.017987608965850468
2023-10-25,78.25444794,81.02999878,82.0,80.77999878,81.30000305,11390200,87.2834002686,91.97699989200001,-0.022203498358155827,0.018340907141863556
2023-10-26,79.68375397,82.51000214,83.08999634,81.19999695,81.26499939,13010400,87.1512002564,91.81514991620001,0.01826488192377096,0.018694159880439695
2023-10-27,79.98313141,82.81999969,84.12000275,82.48000336,83.87000275,10795600,86.99460021960002,91.65414993165001,0.003757090558233367,0.018650059073327716
2023-10-30,80.29217529,83.13999939,84.23999786,83.01100159,83.62999725,8980500,86.89680023179999,91.50409992109999,0.0038637974063966407,0.018675238452350845
2023-10-31,79.71272278,82.54000092,82.54000092,80.87999725,81.94000244,12094300,86.7762002564,91.33174991519999,-0.007216724493651738,0.018699626614728248
2023-11-01,79.65478516,82.48000336,82.48999786,81.20999908,81.70500183,9550000,86.66420028699999,91.16819992,-0.0007268907115490775,0.018509171951111153
2023-11-02,80.55293274,83.41000366,83.98000336,83.02999878,83.65000153,10606300,86.53560043339999,91.01914993230001,0.011275463895664917,0.018325126209077457
2023-11-03,82.38784027,85.30999756,86.08000183,84.5,84.94000244,15122600,86.4596003724,90.8627999111,0.02277896914793165,0.01634230730585472
2023-11-06,82.43612671,85.36000061,86.72000122,85.23000336,86.55000305,9786400,86.3704003908,90.69029991115002,0.0005861335298342762,0.016206042200629097
2023-11-07,82.48442078,85.41000366,85.66000366,84.11000061,84.86000061,8829400,86.23380050680002,90.51969993545,0.0005857901785693009,0.015975773835948684
2023-11-08,81.89531708,84.80000305,85.73000336,84.48000336,84.62000275,8154600,86.0492005922,90.34649993869999,-0.007142027676620755,0.01601382490986717
2023-11-09,79.89622498,82.73000336,84.69000244,82.47499847,84.58000183,10885100,85.83080062879999,90.1588999555,-0.024410372824862803,0.016559448265450985
2023-11-10,79.91553497,82.75,82.87000275,81.66000366,82.41000366,9779500,85.6278005982,89.96979995700002,0.0002417096481066583,0.01631811175604292
2023-11-13,79.44232178,82.26000214,83.31500244,82.08000183,82.75,11236900,85.37280059819999,89.7891999812,-0.005921424290030286,0.016337873018903073
2023-11-14,80.99717712,83.87000275,84.53500366,82.31999969,82.76000214,20897600,85.15720062259999,89.65255001045,0.019572095406220624,0.016259882773924466
2023-11-15,84.08755493,87.06999969,87.83000183,85.88999939,86.95999908,28991000,85.00960067740002,89.5369000244,0.03815424865954231,0.017657563742712205
2023-11-16,76.40021515,79.11000061,80.76999664,78.23100281,79.51999664,63008500,84.7924006652,89.36835002895,-0.0914206857510097,0.024462458383850173
2023-11-17,74.94194031,77.59999847,78.46600342,76.75,77.01999664,35497300,84.5434005736,89.2076500318,-0.019087373636161087,0.023980675997290278
2023-11-20,75.77248383,78.45999908,78.74500275,76.55999756,76.91000366,31506800,84.3384005736,89.06830001819999,0.01108248230613662,0.024025812396954057
2023-11-21,76.23603821,78.94000244,79.27500153,77.59999847,77.84999847,20525500,84.1512005614,88.93575004590001,0.006117809911144301,0.02342729238195834
2023-11-22,76.25534821,78.95999908,79.70999908,78.12999725,79.27999878,18958600,83.97760055519998,88.8030500413,0.0002533144081824368,0.02336003970361585
2023-11-24,75.80144501,78.48999786,79.06999969,78.20999908,78.26999664,12251700,83.7874005124,88.6699500276,-0.005952396472596266,0.022471172003705558
2023-11-27,74.87432861,77.52999878,79.25,77.08999634,77.55500031,18248200,83.5966004942,88.51530002599999,-0.012230846046299093,0.022537201535834085
2023-11-28,74.11139679,76.73999786,76.83999634,75.26000214,76.55999756,23682200,83.3910005186,88.3807500078,-0.010189616050965133,0.022552201750010534
2023-11-29,72.11229706,74.66999817,75.45600128,74.42500305,75.0,30969100,83.14220046979999,88.23014999415,-0.026974195305248694,0.02297686111414302
2023-11-30,72.31510925,74.87999725,74.94000244,74.01000214,74.69999695,17884200,82.92500045759999,88.08344997440001,0.0028123621956157585,0.02296540094319169
2023-12-01,71.45558929,73.98999786,74.13999939,72.12000275,73.12000275,27946500,82.7226004026,87.9379999547,-0.011885676050822802,0.022880817335834497
2023-12-04,70.5284729,73.02999878,73.58000183,72.48000336,72.66999817,21074900,82.4172003172,87.7875999456,-0.012974714255519548,0.02272405966366459
2023-12-05,69.90073395,72.37999725,72.69999695,71.91999817,72.04000092,19129000,82.1204002378,87.64944992134998,-0.008900472968075834,0.02267209632248906
2023-12-06,69.04122162,71.48999786,72.94999695,71.48999786,72.36000061,30394400,81.83200012180001,87.5313999183,-0.012296206463312642,0.021867524421670358
2023-12-07,69.85245514,72.33000183,72.37000275,71.44000244,71.54499817,18966700,81.5548001096,87.41914993355,0.011749950974190737,0.021807488675216702
2023-12-08,69.66896057,72.13999939,72.44000244,71.83000183,72.01999664,16868700,81.286800079,87.30904991220001,-0.002626882831367361,0.02141721484780721
2023-12-11,68.92533875,71.37000275,71.61000061,70.08000183,70.48999786,19719300,80.9794001768,87.22089992595,-0.010673643561282531,0.021393508777113122
2023-12-12,68.94464874,71.38999939,71.95500183,70.93000031,71.37999725,14725900,80.676600189,87.13159992290001,0.000280182699026188,0.021353903782223717
2023-12-13,69.01225281,71.45999908,71.48000336,70.12000275,70.91000366,21721600,80.4150001522,87.0499499137,0.0009805251519556801,0.02137485137795239
2023-12-14,70.02629089,72.51000214,73.23999786,71.41999817,71.47000122,25199300,80.1836001584,86.96274993965,0.01469357785499703,0.021653916919885597
2023-12-15,71.95778656,74.51000214,75.54499817,73.31999969,74.0,31266700,80.0004002378,86.88654995035,0.027582401613207352,0.022248417505472833
2023-12-18,71.31072998,73.83999634,74.23000336,73.20999908,74.05000305,17233500,79.7560002134,86.80724994730001,-0.00899215918342211,0.021703525688267777
2023-12-19,72.80764008,75.38999939,76.01000214,74.22000122,74.40000153,20939300,79.5668002318,86.73609993049999,0.02099137495704806,0.022184968433457294
2023-12-20,71.78975677,73.34999847,75.29499817,73.33000183,74.58000183,27540200,79.2904002378,86.65919990605002,-0.027059304105400916,0.0225637337819324
2023-12-21,74.63786316,76.26000214,76.29000092,74.34999847,74.86000061,20812100,79.060000305,86.605749932,0.03967285249760688,0.02397163603382649
2023-12-22,73.67870331,75.27999878,75.68000031,74.44000244,74.5,19962800,78.87540023780001,86.56529991215001,-0.012850817368204148,0.023711216879603318
2023-12-26,74.2365799,75.84999847,76.96900177,75.73000336,76.16000366,13121300,78.71200027440001,86.52974990909999,0.007571728204536443,0.02378195993254132
2023-12-27,74.49105072,76.11000061,76.44999695,75.41000366,76.27999878,14904500,78.54800033539999,86.4957999045,0.003427846344688179,0.023798421723918627
2023-12-28,75.59701538,77.23999786,77.79000092,76.98000336,77.23000336,18937900,78.4146002194,86.46274990144998,0.014846895821092998,0.023663889550799393
2023-12-29,75.86127472,77.51000214,77.63500214,76.81999969,77.05999756,14035500,78.3046002194,86.44274990145,0.003495653644234764,0.022426198708339038
2024-01-02,73.16976929,74.76000214,76.07499695,74.51000214,76.05000305,21739600,78.16760025,86.40544990605,-0.035479292014892416,0.016386151330656993
2024-01-03,74.96083832,76.58999634,76.69000244,74.06999969,74.33000183,24444600,78.100600128,86.3800498969,0.02447825237582313,0.016724003910923806
2024-01-04,73.07189941,74.66000366,75.72499847,74.44000244,75.55999756,18454900,77.98360015840001,86.3483499152,-0.025199017785982547,0.017178053652424207
2024-01-05,71.4569931,73.01000214,74.0,72.86000061,74.0,21679000,77.78640014620001,86.29489994114999,-0.022100206792301735,0.017515169919457906
2024-01-08,71.32975769,72.87999725,73.05999756,70.91999817,71.25,22000000,77.62340011559999,86.24104991974998,-0.0017806449279470504,0.017508273698670442
2024-01-09,70.48804474,72.01999664,72.12000275,70.95999908,71.25,21451800,77.4136000056,86.16854991974998,-0.011800228354152398,0.01758021811945043
2024-01-10,69.89102936,71.41000366,71.77500153,71.04499817,71.37999725,19540000,77.185400085,86.09109993040002,-0.008469772402921905,0.017523331862203253
2024-01-11,70.84039307,72.37999725,73.12999725,71.52999878,72.54499817,18095300,76.9702000422,86.02239990289999,0.013583441258711693,0.01770435979388807
2024-01-12,70.31187439,71.83999634,73.43000031,71.80999756,72.58999634,16119900,76.7561999506,85.88959987695,-0.007460637337893816,0.017095433289716796
2024-01-16,67.9825058,69.45999908,70.53099823,69.30000305,70.12999725,27606900,76.495799865,85.73729988150001,-0.033129139494051274,0.018041664328328395
2024-01-17,67.46377563,68.93000031,69.0,67.26000214,67.72000122,22684400,76.206199798,85.56504989655001,-0.007630273207887339,0.017980685576442345
2024-01-18,66.60250092,68.05000305,69.08000183,68.0,68.59999847,19307000,75.8609999078,85.3943999103,-0.012766534978128075,0.01797642446859295
2024-01-19,67.94335175,69.41999817,69.90499878,66.91999817,67.19999695,34388900,75.542199859,85.2495499042,0.020132183080041832,0.018379961836855252
2024-01-22,67.17015839,68.62999725,68.73799896,66.62999725,67.27999878,27294200,75.2065997308,85.08909988445001,-0.01138001931468502,0.018361688468570073
2024-01-23,72.44550323,74.01999664,74.5,72.55000305,72.75499725,53017700,74.9909996026,84.9664498524,0.07853707716708391,0.023355291518075215
2024-01-24,73.60040283,75.19999695,75.62000275,74.22000122,75.28500366,36503300,74.8403994744,84.82874984765,0.015941642306996906,0.023500653933556655
2024-01-25,72.2791214,73.84999847,75.5,73.55999756,75.19000244,23268600,74.6623994438,84.69029983549999,-0.017952108174919212,0.023669213752249917
2024-01-26,72.43572235,74.01000214,74.72000122,72.91999817,73.09999847,19418200,74.4973994438,84.56154983549999,0.0021666035655367732,0.0236686268191983
2024-01-29,72.01486969,73.58000183,74.80999756,72.83000183,74.66999817,17537400,74.2915994254,84.46024986295001,-0.005810029692832508,0.023705894354330438
2024-01-30,70.78166962,72.31999969,73.06500244,72.08499908,72.45999908,17089600,73.9965994254,84.34099987054998,-0.017124247195741016,0.02379491725700711
2024-01-31,70.63485718,72.16999817,72.94000244,71.49500275,71.49500275,15743600,73.8577993766,84.22909984615,-0.0020741360708377288,0.02322654774393766
2024-02-01,70.91869354,72.45999908,73.47000122,72.12000275,73.15499878,14445800,73.7549993888,84.10929985070001,0.00401830285926974,0.023189883356589055
2024-02-02,70.3216629,71.84999847,72.23000336,71.05000305,72.12999725,18799300,73.6227993766,83.99109985375,-0.008418446284087389,0.022875063091786878
2024-02-05,73.04252625,74.62999725,75.15000153,71.86000061,72.16999817,27721000,73.5365992728,83.8967998507,0.03869170270282951,0.023469380318884826
2024-02-06,76.56595612,78.23000336,78.33999634,75.73000336,77.04499817,39069100,73.5219993584,83.83424987820001,0.04823805765315092,0.024004107133076248
2024-02-07,72.07359314,73.63999939,76.16999817,73.15000153,74.55500031,53766300,73.42499938899999,83.7567998889,-0.05867319152317618,0.026274471133355147
2024-02-08,69.27442169,70.77999878,73.19999695,70.65000153,71.88500214,33070600,73.289999389,83.67624988585,-0.038837596872500435,0.02714064685196742
2024-02-09,70.48804474,72.01999664,72.08499908,70.0,70.80000305,18998400,73.1955993646,83.6217498782,0.01751904325195297,0.027358007398951053
2024-02-12,71.58422852,73.13999939,74.12999725,72.30999756,72.30999756,18151100,73.164999389,83.5733498767,0.01555127467720463,0.027372802049925378
2024-02-13,70.07698059,71.59999847,73.02999878,71.41999817,71.95999908,13560600,73.0993994134,83.50899986294999,-0.0210555227350816,0.0275857805055077
2024-02-14,71.82891083,73.38999939,73.41000366,72.23000336,72.30999756,12817500,73.087399444,83.4524998477,0.025000013383380093,0.027283880987629777
2024-02-15,72.24976349,73.81999969,74.13999939,73.08499908,73.22000122,12078100,73.1031994622,83.40079982785001,0.005859113006868366,0.026910961871559457
2024-02-16,72.33785248,73.91000366,75.37000275,73.90000153,74.86000061,16371000,73.1337995904,83.36269985225,0.0012192355781355246,0.026517115654814693
2024-02-20,71.58422852,73.13999939,73.66999817,72.18000031,73.45999908,14353300,73.166799621,83.3209998324,-0.010418133295489573,0.026265972821085608
2024-02-21,73.97232819,75.58000183,76.38999939,74.06999969,74.48000336,23533800,73.231799621,83.28644985225,0.03336071179040245,0.026940793731794914
2024-02-22,74.50083923,76.12000275,76.37999725,75.0,75.09999847,14836600,73.3113996882,83.25094985989999,0.00714475928718028,0.026838656823196333
2024-02-23,74.34423828,75.95999908,76.93499756,75.15000153,76.48000336,12301700,73.4031996148,83.21419986750001,-0.002101992435884381,0.026776535938928602
2024-02-26,74.88254547,76.51000214,76.56999969,75.33999634,75.62000275,13973100,73.5055996698,83.1856498721,0.007240693347306815,0.026710181983682916
2024-02-27,76.02765656,77.68000031,78.05000305,77.25,77.52999878,14490200,73.6299996944,83.15929988890001,0.0152920943311321,0.026749618481056343
2024-02-28,73.00337982,74.58999634,76.18000031,74.44999695,76.01999664,16905300,73.6715995784,83.09279987365,-0.03977862973311819,0.02708434873676662
2024-02-29,72.45529175,74.02999878,75.04000092,73.80000305,74.68000031,12549200,73.66199951120001,83.03624988585,-0.0075076764643798866,0.027082740893017807
2024-03-01,73.03274536,74.62000275,75.08999634,74.37000275,74.48000336,11955900,73.6775996394,82.9676499179,0.007969795754736664,0.026937726732892103
2024-03-04,70.46847534,72.0,73.73000336,71.69999695,73.73000336,19550100,73.6097996516,82.8838499072,-0.03511126579260271,0.02763542235805426
2024-03-05,70.5369873,72.06999969,72.70999908,71.04000092,71.25,15804500,73.58419967600001,82.7907999041,0.0009722179166666844,0.02752742435415924
2024-03-06,72.14209747,73.70999908,74.72000122,73.61000061,74.19999695,19785300,73.5331996148,82.73049991629999,0.022755645858946183,0.023812228367761635
2024-03-07,70.99699402,72.54000092,72.75800323,71.76000214,72.59999847,12374700,73.47839965760001,82.6732999041,-0.01587299110844065,0.023792472313312912
2024-03-08,71.98551178,73.55000305,73.76000214,72.76000214,72.80999756,16402500,73.43239974919999,82.61054992700001,0.013923381819554548,0.02371746480602202
2024-03-11,73.26763916,74.86000061,76.05999756,74.55000305,74.62999725,13510400,73.40739974920001,82.5704499438,0.01781097900307982,0.02393460052809727
2024-03-12,74.44211578,76.05999756,76.48000336,75.21499634,75.87000275,13314700,73.3837997432,82.54469993619999,0.016029881648701227,0.02406283804746007
2024-03-13,74.76509857,76.38999939,77.44999695,75.94000244,75.94000244,15319800,73.36139968820001,82.53274993925001,0.004338704188620035,0.023811224079841656
2024-03-14,71.83869934,73.40000153,75.38999939,73.23000336,75.23500061,18923500,73.334199676,82.49489994080001,-0.03914122115298002,0.024969005549067152
2024-03-15,71.85826874,73.41999817,74.12999725,73.38999939,73.57499695,10223900,73.2707997126,82.4686499408,0.0002724337817872069,0.024962069998239314
2024-03-18,71.95613861,73.51999664,74.01999664,73.33000183,73.41999817,8542500,73.2479995722,82.43849990875,0.0013620058906629318,0.024902095710590086
2024-03-19,71.85826874,73.41999817,73.73500061,72.84999847,73.08000183,8164200,73.2561994928,82.3905998996,-0.0013601533537829225,0.023867619155612786
2024-03-20,72.60210419,74.18000031,74.33000183,73.30000305,73.55000305,11123200,73.282199554,82.34014991795,0.01035143229287816,0.022153405195510383
2024-03-21,72.259552,73.83000183,74.73999786,73.76999664,74.30000305,11860700,73.3183996578,82.28729991944999,-0.004718232387939447,0.019369506742042446
2024-03-22,70.59571075,72.12999725,72.62000275,72.04000092,72.48000336,12756000,73.3327995296,82.21444992094999,-0.023025931706116,0.018462590554005218
2024-03-25,69.93996429,71.45999908,72.48999786,71.36000061,71.94000244,12422100,73.3143995662,82.14534992245001,-0.009288759123029067,0.018273063030460692
2024-03-26,69.95954132,71.48000336,71.87000275,71.08999634,71.83999634,10881900,73.30719970659999,82.0720499423,0.0002799367514347839,0.018033229389484953
2024-03-27,70.06719208,71.58999634,71.69000244,70.58300018,70.88999939,13281300,73.3497996518,82.002499924,0.0015387937161395193,0.017616753598689833
2024-03-28,70.82081604,72.36000061,72.58999634,72.05500031,72.08000183,14073400,73.4183996578,81.93499992400001,0.010755752330857016,0.017108424796719198
2024-04-01,71.8093338,73.37000275,73.58200073,72.80999756,73.23999786,14311700,73.52479965180001,81.86429992705,0.013958017295268244,0.017272536793785834
2024-04-02,71.32975769,72.87999725,73.13999939,72.51000214,72.56999969,17290400,73.5939996334,81.78189991024999,-0.006678553654545061,0.0173125348644292
2024-04-03,70.89911652,72.44000244,72.87000275,72.11000061,72.41999817,11777900,73.6701997372,81.68309993769999,-0.006037250639440717,0.01724277008292852
2024-04-04,70.41953278,71.94999695,73.23000336,71.90000153,72.98000336,11087100,73.62879974340001,81.5823499301,-0.006764294222737721,0.016067902104720835
2024-04-05,70.13571167,71.66000366,72.02500153,71.41000366,71.68000031,12246400,73.5579998776,81.50099994685,-0.00403048370108372,0.01598961366049846
2024-04-08,70.18464661,71.70999908,72.38999939,71.55999756,71.95999908,10560000,73.5151998898,81.42569995905,0.0006976753760328247,0.015996475242178728
2024-04-09,71.43741608,72.98999786,73.23999786,72.30999756,72.37000275,14075900,73.4947998042,81.3561999514,0.017849655507205187,0.016317102348546518
2024-04-10,73.00337982,74.58999634,75.16999817,73.73999786,74.44499969,20572200,73.5149996944,81.30454994224999,0.021920790887936636,0.016594002836536538
2024-04-11,73.25785065,74.84999847,75.43000031,74.37000275,75.21499634,14986800,73.56559967,81.25144992850001,0.0034857506737879795,0.014923070432824903
2024-04-12,69.77358246,71.29000092,72.98000336,71.29000092,72.94000244,18196100,73.547999725,81.17224994685,-0.04756175848723443,0.0172491958543507
2024-04-15,69.117836,70.62000275,72.05000305,70.16999817,71.73000336,15903900,73.5111997984,81.1023999789,-0.009398206780104501,0.01722536606023048
2024-04-16,68.12931824,69.61000061,70.30699921,69.29000092,70.01999664,17478900,73.4663998412,81.03269996670001,-0.014301927225569222,0.016222918973065038
2024-04-17,67.35611725,68.81999969,70.01000214,68.72499847,69.70999908,12760600,73.35019989,80.9600499728,-0.011348957234264212,0.016327005413013882
2024-04-18,67.4148407,68.87999725,69.625,68.80000305,69.08999634,9491000,73.1631997678,80.8840999606,0.0008718041306343682,0.015686558950307117
2024-04-19,67.60079956,69.06999969,69.15000153,68.36000061,68.41999817,12860700,73.07179977380001,80.8079499438,0.002758455975403029,0.015491552436388825
2024-04-22,69.17655182,70.68000031,70.90000153,69.12000275,69.69499969,15015600,73.0697998044,80.74214996365,0.02330969490699286,0.015903418593209578
2024-04-23,70.96762848,72.51000214,72.80000305,70.98999786,71.08000183,15268200,73.0795999144,80.6519499591,0.025891367034149404,0.01630001676112525
2024-04-24,73.04252625,74.62999725,74.69999695,73.5,73.73999786,16375200,73.1093998716,80.57229995755,0.029237278271027956,0.01693976348111526
2024-04-25,73.51232147,75.11000061,75.19999695,73.80500031,73.80500031,11921900,73.1795999144,80.488899956,0.006431775126455541,0.016964639901274375
2024-04-26,73.94296265,75.55000305,76.93000031,75.05999756,76.18499756,14216100,73.2227999876,80.39664997125,0.00585810726170366,0.01533421260001274
2024-04-29,74.7846756,76.41000366,76.52999878,75.22000122,75.65000153,13076400,73.274600067,80.2956499865,0.011383197555013158,0.015447860036712863
2024-04-30,73.25785065,74.84999847,76.29000092,74.48000336,75.88999939,12856000,73.2933999632,80.19709999105,-0.02041624283832677,0.015955394822609173
2024-05-01,73.90381622,75.51000214,76.25,74.87000275,74.98999786,10549100,73.3408000182,80.10759998345,0.008817684482178345,0.016017688000299023
2024-05-02,78.62129211,80.33000183,81.41500092,77.16000366,77.58999634,36663900,73.4358000182,80.05325000785,0.06383259903851468,0.01965131925163972
2024-05-03,79.60002136,81.33000183,81.37000275,79.69999695,81.26999664,19355800,73.5399999998,79.9994500353,0.012448649037955617,0.019673462490927704
2024-05-06,79.81533813,81.55000305,82.22000122,80.5,81.75499725,11826100,73.6518000792,79.94770004290001,0.0027050438343756422,0.0190313517775376
2024-05-07,77.68170929,79.37000275,79.93000031,78.81500244,79.93000031,14589100,73.7090000914,79.8837000658,-0.026732068895980343,0.01971420543700837
2024-05-08,76.7910614,78.45999908,78.98999786,77.80999756,77.91999817,11327100,73.72460006680001,79.79425006884999,-0.011465334993956411,0.019900054602412474
2024-05-09,77.76979065,79.45999908,79.91999817,78.70999908,79.5,9627300,73.8220001216,79.71665004745,0.012745348097447318,0.019970898513403463
2024-05-10,78.33745575,80.04000092,80.51999664,79.76999664,80.08000183,10819600,73.9422001644,79.6311500551,0.0072992933138100735,0.01993857892450181
2024-05-13,82.80046082,84.59999847,85.0,82.59999847,82.70999908,32010700,74.1418000788,79.57695003525,0.05697148297833876,0.022137463239930565
2024-05-14,77.81873322,79.51000214,80.51000214,77.72000122,79.65000153,44687700,74.2920001216,79.47175003045,-0.06016544234105359,0.025069526316481218
2024-05-15,79.26724243,80.98999786,81.12999725,79.77999878,80.38999939,17803300,74.470400085,79.36590000125,0.018613956485550753,0.025159818733573144
2024-05-16,84.85578918,86.69999695,87.48999786,81.64600372,81.95999908,47259500,74.7302000424,79.2988999935,0.0705025218036226,0.027829728979498782
2024-05-17,86.65665436,88.54000092,90.45999908,86.83000183,87.59999847,35152900,75.0502000424,79.26624999965,0.021222653226402377,0.027878753283756004
2024-05-20,86.40218353,88.27999878,89.23999786,86.94999695,87.47000122,16737200,75.344799957,79.2197499844,-0.0029365500033698977,0.027916970131227424
2024-05-21,84.2979126,86.12999725,87.16999817,85.31999969,86.51999664,16512400,75.57019988980001,79.165899963,-0.02435434480870302,0.028427176275266506
2024-05-22,80.9213028,82.68000031,85.12999725,82.68000031,84.61000061,19717800,75.7025999448,79.09649997675,-0.04005569546212895,0.029457648892808268
2024-05-23,79.0812912,80.80000305,82.94000244,80.05000305,81.43000031,23930300,75.790800018,79.0293999859,-0.02273823479621606,0.02985538711265599
2024-05-24,79.5315094,81.26000214,82.55999756,79.73000336,80.5,41415400,75.9480000302,78.96145000425,0.005693057829655679,0.028288685868358768
2024-05-28,78.86597443,80.58000183,81.72000122,80.04000092,80.80000305,15211800,76.09120010340001,78.868300018,-0.008368204431356663,0.02827153462969611
2024-05-29,77.3782959,79.05999756,79.36000061,78.23000336,78.76000214,18448500,76.2020001218,78.78499999969999,-0.018863294061555846,0.02838977285105286
2024-05-30,77.93617249,79.62999725,80.19999695,78.69999695,78.86499786,13895700,76.32620010340001,78.71584999055,0.007209710442596773,0.028231148781046007
2024-05-31,76.6736145,78.33999634,78.5,77.16999817,77.95999908,20023900,76.40940002399999,78.64959999055,-0.01619993663882746,0.02849342845497954
2024-06-03,76.24298096,77.90000153,79.31999969,77.22000122,79.0,14244400,76.490800018,78.59349998445,-0.00561647728563075,0.0285539463291263
2024-06-04,76.78127289,78.44999695,78.85700226,77.77500153,78.18000031,10784400,76.617200012,78.53249996155,0.0070602748292398765,0.028336335943995
2024-06-05,78.13192749,79.83000183,79.93499756,78.86000061,78.98000336,13716200,76.784600067,78.4914999768,0.01759088506886175,0.02815380600739816
2024-06-06,78.30809784,80.01000214,80.05500031,78.76000214,79.41999817,11205300,76.9552000426,78.44869998905,0.0022547952633562574,0.027734094186405166
2024-06-07,76.74213409,78.41000366,79.31999969,78.13500214,78.94999695,12190300,77.091600189,78.4003499982,-0.01999748077996988,0.02802936162436127
2024-06-10,77.61319733,79.30000305,79.73999786,78.23999786,78.56999969,9490100,77.2304002378,78.34765003175,0.011350584727163104,0.028074616283014473
2024-06-11,76.24298096,77.90000153,79.08000183,77.66999817,79.0,11108400,77.3210002134,78.29160003635,-0.01765449515956863,0.0282397891291968
2024-06-12,76.37999725,78.04000092,78.79000092,77.63999939,78.75,12069600,77.4242002868,78.2327000425,0.00179716800064611,0.027947919230607087
2024-06-13,75.68000031,75.68000031,76.98999786,75.48999786,76.5,14026700,77.4890002442,78.14990005474999,-0.03024090956148595,0.028512146339441807
2024-06-14,73.34999847,73.34999847,74.29000092,73.26000214,74.20999908,18282700,77.5170002746,78.0465000532,-0.03078755061384586,0.026417022944682168
2024-06-17,74.55000305,74.55000305,75.08000183,73.83000183,74.02500153,13466300,77.5748002624,77.9510000608,0.01635998098201452,0.026503825247237846
2024-06-18,74.45999908,74.45999908,75.09999847,73.84999847,74.08499908,10305300,77.6298002624,77.85880004855,-0.001207296664221924,0.026486645254124735
2024-06-20,74.34999847,74.34999847,75.24900055,74.02999878,74.56999969,9709400,77.65700027460001,77.7555000302,-0.001477311460638231,0.026094614260105745
2024-06-21,73.66999817,73.66999817,74.65000153,73.66999817,73.79000092,10410800,77.6386003112,77.65060001340001,-0.009145935628692481,0.026068562070695446
2024-06-24,74.79000092,74.79000092,75.93499756,74.12000275,74.12000275,20134400,77.6374003602,77.55230003324999,0.015202969700304436,0.026119565331320267
2024-06-25,73.79000092,73.79000092,74.76000214,73.61000061,74.5,16986400,77.6874003602,77.47140003175,-0.013370771329039854,0.026146891558160346
2024-06-26,74.16999817,74.16999817,74.34999847,73.66999817,73.92500305,7010100,77.7584002686,77.39200000734999,0.005149711956393466,0.023686816372084463
2024-06-27,72.37000275,72.37000275,73.55000305,72.34999847,73.45999908,11865100,77.81360031140001,77.3103000257,-0.024268511047746744,0.021569283440097373
2024-06-28,72.0,72.0,72.55500031,71.80000305,72.37000275,10335000,77.8772003176,77.22880001045,-0.005112653529642075,0.021184437635599917
2024-07-01,72.18000031,72.18000031,73.01999664,72.01999664,72.51000214,9034200,77.9432003788,77.15150001504999,0.0025000043055554144,0.015966458952542048
2024-07-02,73.68000031,73.68000031,73.77700043,71.97000122,72.31999969,13419100,78.0354003912,77.07990001659999,0.020781379794372112,0.015940729445129656
2024-07-03,75.56999969,75.56999969,75.80500031,74.18000031,74.18000031,11768500,78.1332003788,77.02240001659999,0.025651457275353673,0.016951481314574024
2024-07-05,74.51999664,74.51999664,74.71499634,73.61000061,74.66999817,14928700,78.1734002688,76.9599000166,-0.013894442957619102,0.016645077978646998
2024-07-08,73.5,73.5,73.70999908,72.94999695,73.61000061,10919400,78.1508003238,76.89185001355,-0.013687556172707893,0.015359165972330955
2024-07-09,75.69999695,75.69999695,76.05999756,73.97000122,74.01000214,14458100,78.16260025060001,76.841650009,0.029931931292517033,0.016111713904550767
2024-07-10,76.01000214,76.01000214,76.65499878,75.25,75.27999878,12235200,78.1718002324,76.80115001665,0.00409518101043993,0.0160878736196072
2024-07-11,78.51999664,78.51999664,78.83000183,77.42199707,77.66000366,18896900,78.214000092,76.7522499846,0.03302189750471185,0.017263479530632897
2024-07-12,79.65000153,79.65000153,81.01000214,79.42500305,80.30000305,14857200,78.3100001532,76.71439998615,0.014391300794125872,0.017125339379354343
2024-07-15,78.01000214,78.01000214,78.59999847,77.44999695,78.08999634,12614900,78.3600001532,76.67489997854999,-0.020590073553009236,0.017491783196215544
2024-07-16,78.37999725,78.37999725,78.58000183,76.98000336,77.29000092,12304500,78.3210000616,76.6358499526,0.004742918854635958,0.017261522267953695
2024-07-17,77.04000092,77.04000092,77.94999695,76.48999786,77.86000061,10815500,78.2352000434,76.59334995260001,-0.01709615178635393,0.017519331594107804
2024-07-18,76.54000092,76.54000092,78.31999969,76.36499786,77.36000061,11108600,78.1350000008,76.5423499679,-0.006490134917303658,0.017499783397461336
2024-07-19,75.26999664,75.26999664,76.04499817,75.18000031,75.66000366,7557300,78.0529998786,76.4860499572,-0.0165926870229256,0.017382041640146822
2024-07-22,76.63999939,76.63999939,77.19000244,76.26000214,76.83000183,9166800,78.0165998848,76.44654994955,0.01820117990110215,0.0177506310661228
2024-07-23,76.09999847,76.09999847,76.31999969,75.44000244,75.67500305,7997100,77.94939987260001,76.40664993275,-0.007045941079045215,0.017434413165721693
2024-07-24,75.80000305,75.80000305,77.05999756,75.72000122,76.15000153,7924700,77.8645999152,76.36729995715001,-0.003942121235630092,0.01728835669164672
2024-07-25,75.40000153,75.40000153,76.21499634,75.12999725,75.37000275,8172600,77.6805999764,76.31399997700001,-0.0052770646953160805,0.017031855112990858
2024-07-26,76.52999878,76.52999878,76.76999664,74.55000305,75.26000214,10884500,77.6209999092,76.27239997855,0.014986700624275207,0.017273642837380115
2024-07-29,78.62000275,78.62000275,79.40000153,78.20500183,78.45999908,17364100,77.573600007,76.22965000145,0.02730960412018435,0.017051889689635946
2024-07-30,78.0,78.0,78.79000092,77.69999695,78.22000122,8431900,77.399600068,76.18075000755,-0.007886068790553424,0.016043510084133458
2024-07-31,78.84999847,78.84999847,80.01499939,78.33999634,79.33000183,12178600,77.205800019,76.1524499892,0.010897416282051209,0.01590738428455391
2024-08-01,77.98000336,77.98000336,79.36000061,77.83999634,78.76999664,8559600,76.9998001106,76.1222500228,-0.011033546314284437,0.016075816729211042
2024-08-02,77.44999695,77.44999695,77.47000122,75.76499939,76.79000092,10808700,76.8262001046,76.08795001975,-0.00679669642425107,0.016140876106141774
2024-08-05,76.98000336,76.98000336,77.25499725,73.87000275,74.02999878,16143300,76.7122001656,76.05330001825,-0.0060683487218652354,0.016080628782351548
2024-08-06,77.90000153,77.90000153,78.84999847,76.51000214,76.51000214,12128900,76.6542001352,76.0277500152,0.011951131850405305,0.01599644575398992
2024-08-07,77.83000183,77.83000183,78.94000244,77.45999908,78.91999817,9693900,76.585600129,76.0088500213,-0.0008985840645078236,0.015757406580100285
2024-08-08,80.30999756,80.30999756,80.30999756,78.75,78.84999847,14004300,76.5802000436,76.0106999969,0.03186426405869702,0.016675617195100433
2024-08-09,79.98999786,79.98999786,80.22000122,79.19499969,79.97000122,7755900,76.5988000496,76.0080999755,-0.003984556216191204,0.015935538610216318
2024-08-12,80.91000366,80.91000366,81.5,80.23000336,80.58999634,12127700,76.6244001778,75.99829998004999,0.011501510496477518,0.01591586837646578
2024-08-13,81.09999847,81.09999847,81.40000153,80.68000031,80.96499634,9365700,76.6796002204,75.9986499785,0.0023482239699110785,0.015916391715278436
2024-08-14,79.47000122,79.47000122,80.98000336,78.06999969,80.55000305,18058100,76.7110002142,75.98344997390001,-0.02009861012023273,0.016179068444133908
2024-08-15,79.54000092,79.54000092,81.87999725,77.73999786,77.90000153,31619400,76.73280029360001,75.96704998005,0.0008808317468904647,0.015585952535601163
2024-08-16,83.18000031,83.18000031,84.16000366,81.98000336,82.05000305,25249200,76.7998002632,75.96724998465,0.045763129845334705,0.01723027959914832
2024-08-19,83.91000366,83.91000366,84.90000153,83.48999786,83.98000336,14751000,76.8778002936,75.97409999835,0.008776188353923908,0.016928982522993134
2024-08-20,81.04000092,81.04000092,82.59999847,80.77500153,82.45999908,17880100,76.93040023879999,75.96689998615,-0.03420334423567828,0.01764901334718975
2024-08-21,83.52999878,83.52999878,83.80000305,81.70999908,81.84999847,14690000,77.0150001534,75.96749996175,0.03072554086540613,0.0183900968988923
2024-08-22,82.95999908,82.95999908,83.79000092,81.83000183,83.5,9729000,77.1162001044,75.95574996935,-0.0068238921145115095,0.017591930069793222
2024-08-23,85.41000366,85.41000366,85.79000092,84.36000061,84.90000153,17318000,77.2636001592,75.9559999846,0.029532360260001944,0.018167934404020883
2024-08-26,81.76000214,81.76000214,82.30500031,80.37000275,81.88999939,29321700,77.3852001958,75.937749977,-0.042735058700265616,0.019536298411531112
2024-08-27,81.44999695,81.44999695,82.65000153,81.26999664,82.26999664,9026100,77.5472001654,75.9209999465,-0.0037916485064318772,0.01955334940817794
2024-08-28,79.62000275,79.62000275,81.27999878,79.20500183,81.125,14024400,77.64860015939999,75.90544994345001,-0.022467701271043472,0.0197527608109891
2024-08-29,81.01999664,81.01999664,81.46499634,80.45999908,81.23999786,14154200,77.7798001106,75.89679992665,0.01758344438138071,0.01991426477885555
2024-08-30,83.33999634,83.33999634,84.75,82.58000183,84.72000122,20027300,77.959600068,75.90219989765001,0.028634902446473376,0.02016162132824676
2024-09-03,82.26999664,82.26999664,83.01999664,81.69999695,81.77999878,11638200,78.1316000374,75.8941998671,-0.012838969846299841,0.020182757201211217
2024-09-04,82.47000122,82.47000122,83.40000153,82.30000305,82.87000275,11114100,78.2852000434,75.87119987475,0.002431075582453035,0.020101188691030614
2024-09-05,82.43000031,82.43000031,83.01000214,82.0,82.10500336,8461000,78.4580000312,75.88779987325,-0.0004850358846641978,0.020070628193337797
2024-09-06,81.18000031,81.18000031,82.62000275,81.16999817,82.12000275,11712700,78.598200074,75.90569988245,-0.01516438184276403,0.02029108520241602
2024-09-09,81.44000244,81.44000244,81.625,80.31999969,80.93000031,10434400,78.77960006779999,75.92059989925,0.0032027855260796656,0.02015792881050212
2024-09-10,83.80000305,83.80000305,84.30000305,82.71499634,83.80000305,15327800,79.0156001288,75.9448999023,0.02897839561999893,0.02023157452779778
2024-09-11,84.80999756,84.80999756,84.83999634,83.5,83.57499695,11551700,79.2682000738,75.97414989469999,0.012052440014797883,0.0202120037963655
2024-09-12,85.48999786,85.48999786,85.68000031,84.86000061,85.02999878,10781300,79.50440002479999,76.0091498947,0.008017926182805502,0.02017997525710111
2024-09-13,84.69000244,84.69000244,84.88999939,83.81999969,84.38999939,8985500,79.68680007980001,76.044949913,-0.00935776628875451,0.020142374692488894
2024-09-16,83.59999847,83.59999847,84.37999725,83.26000214,84.03500366,11298200,79.8684001164,76.07924991604999,-0.012870515274482686,0.020273828348094082
2024-09-17,84.69999695,84.69999695,85.76999664,84.62999725,84.81999969,10113900,80.0924000554,76.12939990995001,0.013157876795831802,0.02028938156718053
2024-09-18,84.41999817,84.41999817,85.0,84.04000092,84.84999847,7858800,80.2668000798,76.17709991455,-0.003305770839227895,0.020258564853364285
2024-09-19,88.48999786,88.48999786,88.56500244,86.94999695,87.625,18618400,80.5163999942,76.24959991455,0.048211321703704346,0.021863250749431556
2024-09-20,88.29000092,88.29000092,89.51999664,88.05000305,89.22000122,12277000,80.7118000798,76.32589992525,-0.0022601078634494343,0.021271113361684003
2024-09-23,90.08999634,90.08999634,91.15000153,89.31999969,89.47000122,19744100,80.920599976,76.4144499207,0.020387307749956785,0.021444831117653423
2024-09-24,97.19000244,97.19000244,97.5,94.40000153,96.06999969,47423200,81.304199982,76.54294994360001,0.07881014972189093,0.025393364675994838
2024-09-25,95.45999908,95.45999908,96.18000031,94.05999756,94.37999725,18816600,81.6458000186,76.65859992985001,-0.01780021932881426,0.02576888891857914
2024-09-26,105.0699997,105.0699997,105.9700012,101.7600021,102.6900024,67261600,82.2063999942,76.8232499314,0.10067044534482306,0.030574407629555937
2024-09-27,107.3300018,107.3300018,109.4300003,105.7300034,105.9700012,50075200,82.82220001179999,77.00304992665001,0.021509489925314984,0.030599081571719405
2024-09-30,106.1200027,106.1200027,112.2200012,106.1050034,111.7200012,58561500,83.439200133,77.1766999432,-0.011273633464152333,0.03009895451444246
2024-10-01,112.7399979,112.7399979,112.7900009,106.1500015,106.4199982,44505000,84.1612001032,77.3830999373,0.06238216200120772,0.031661821226830915
2024-10-02,115.25,115.25,116.5699997,112.2200012,115.3099976,53732800,84.94420013380001,77.5967999266,0.022263634439893876,0.03058102022811777
2024-10-03,112.8399963,112.8399963,114.0899963,110.6299973,110.9000015,29267000,85.6849999988,77.7884498974,-0.02091109501084598,0.030955905649712716
2024-10-04,114.5299988,114.5299988,115.7300034,113.75,115.6650009,25644200,86.4675999442,77.99189990970001,0.014976981171701764,0.030790047018983174
2024-10-07,117.5199966,117.5199966,117.8199997,113.3700027,117.4499969,38404000,87.28739990060001,78.20254989575,0.0261066779998953,0.030726197511550327
2024-10-08,109.6800003,109.6800003,110.7600021,108.0400009,110.0999985,37414400,87.90859985159999,78.3841999049,-0.06671201945899308,0.03243986124560351
2024-10-09,107.8899994,107.8899994,109.3799973,105.6200027,105.8000031,28793000,88.50639983960002,78.5423498912,-0.01632021239153858,0.03270757211963354
2024-10-10,109.2799988,109.2799988,110.8399963,107.4800034,108.9800034,19736600,89.1149998462,78.7123498913,0.01288348695643804,0.03213222280345861
2024-10-11,110.1399994,110.1399994,111.0500031,107.2200012,108.0500031,18042600,89.75819976700001,78.88379989595,0.007869698109842949,0.03211356019098281
2024-10-14,107.8099976,107.8099976,110.0800018,106.9199982,108.3099976,21351600,90.36539977999999,79.0422998809,-0.021154910229643553,0.03244360662130319
2024-10-15,101.8399963,101.8399963,104.4100037,101.6399994,103.9899979,28942600,90.8625996388,79.1652998731,-0.05537521039699944,0.03431183597920609
2024-10-16,102.1699982,102.1699982,103.8499985,101.7799988,102.5049973,16432600,91.34799957220001,79.2885998534,0.0032403958365030405,0.034307870563174477
2024-10-17,100.0699997,100.0699997,101.4499969,99.55000305,101.25,15808200,91.7927995296,79.4151498412,-0.020553964343712816,0.034667242250393554
2024-10-18,102.4300003,102.4300003,103.3649979,101.6600037,103.3649979,20824600,92.2351995844,79.544349861,0.02358349762241496,0.03453240717028007
2024-10-21,100.9100037,100.9100037,101.6500015,100.1149979,100.4749985,10328600,92.6535997012,79.67559986120001,-0.01483936928193097,0.03478129720987692
2024-10-22,100.4599991,100.4599991,101.8899994,99.80000305,100.0100021,20650100,93.04459961,79.812849846,-0.004459464706173644,0.03461277456116159
2024-10-23,98.0,98.0,100.2200012,97.73500061,100.1650009,13638200,93.3825996406,79.93844985975,-0.024487349413085946,0.03505548966011819
2024-10-24,96.36000061,96.36000061,97.41000366,95.51999664,96.79000092,13602900,93.72039962839999,80.0601498796,-0.016734687653061187,0.03528262430139628
2024-10-25,97.41999817,97.41999817,98.90000153,97.05000305,98.30000305,16977100,94.0779995734,80.19019985215,0.0110003897186568,0.03520083622014398
2024-10-28,99.93000031,99.93000031,101.0500031,98.77999878,99.02999878,16044400,94.41299957339999,80.32794986745,0.025764752485624154,0.035221142840248555
2024-10-29,99.83000183,99.83000183,101.4499969,99.52999878,101.4499969,13685400,94.7313995368,80.4678998949,-0.001000685276591473,0.0352244663122445
2024-10-30,98.69999695,98.69999695,99.80000305,97.58000183,98.21499634,10179900,95.0845994574,80.61409988425,-0.011319291388216968,0.03532834564704706
2024-10-31,97.98000336,97.98000336,98.09999847,96.75499725,97.80000305,8379300,95.373599549,80.75934989950001,-0.00729476810789309,0.0344745877449407
2024-11-01,97.58000183,97.58000183,98.30000305,97.41999817,98.22000122,8501000,95.66599960399999,80.9069998934,-0.00408248128478117,0.034487538150979054
2024-11-04,98.40000153,98.40000153,99.87999725,98.36000061,98.81999969,8681900,95.9257995614,81.0518999102,0.008403358112542003,0.03435919980200101
2024-11-05,99.20999908,99.20999908,101.0899963,98.95500183,99.97000122,10804200,96.2747995002,81.20479991935,0.008231682290706699,0.03130577544364162
2024-11-06,96.73000336,96.73000336,97.31999969,94.76000214,95.80000305,18162900,96.58039962839999,81.31834995295,-0.024997437183727933,0.0314830983602069
2024-11-07,100.1399994,100.1399994,101.0999985,99.18000031,99.26000214,16340400,96.9907995614,81.4430499652,0.03525272326631712,0.026148983954792353
2024-11-08,94.19000244,94.19000244,96.37999725,93.69000244,96.11000061,24879800,97.25419967740001,81.54474998504999,-0.059416786455463,0.02783785283842008
2024-11-11,95.41999817,95.41999817,96.80000305,95.04499817,96.16000366,12556700,97.495799714,81.6517999652,0.013058665443644202,0.027971739422734506
2024-11-12,91.77999878,91.77999878,93.33000183,91.02999878,92.68000031,21641900,97.68599975679999,81.74279994995,-0.038147133303387704,0.025786017716817444
2024-11-13,92.0,92.0,92.87000275,91.27999878,92.55000305,12874500,97.8765997324,81.8411999515,0.002397049715890276,0.025271676248985353
2024-11-14,90.58000183,90.58000183,91.55500031,90.01000214,90.88999939,16946800,98.03959976280001,81.9332499698,-0.015434762717391304,0.025188624357699235
2024-11-15,88.58999634,88.58999634,90.69999695,87.23000336,90.19999695,31018300,98.1877996834,82.01389995609999,-0.021969589863056416,0.024980141953467008
2024-11-18,89.34999847,89.34999847,89.5,87.84999847,88.90000153,13513800,98.34599960400001,82.1013999561,0.00857887076869468,0.02434661026110009
2024-11-19,87.11000061,87.11000061,87.94000244,86.81800079,87.16000366,19289000,98.4121995552,82.1637999729,-0.025069926114795638,0.02200561885308465
2024-11-20,86.76999664,86.76999664,87.54000092,86.5,87.04000092,15174500,98.4513995368,82.20649993929999,-0.0039031565562974713,0.021949011887289448
2024-11-21,85.58000183,85.58000183,87.04000092,85.44499969,86.98000336,15869200,98.4531996162,82.2661999515,-0.013714358143139815,0.021653385848083136
2024-11-22,83.12999725,83.12999725,83.68000031,82.63500214,83.59999847,24999200,98.42199951239999,82.32794994385,-0.02862823706018136,0.02176268041091395
2024-11-25,85.58000183,85.58000183,85.875,83.75,84.25,15120100,98.46159957959999,82.3957499698,0.029471967533356347,0.02273694921291948
2024-11-26,85.18000031,85.18000031,86.08000183,84.86000061,85.81500244,10241500,98.47119964680002,82.45594997439999,-0.004674006911037254,0.020855599806367326
2024-11-27,86.58999634,86.58999634,87.54000092,86.47000122,86.97000122,13607600,98.51459961020001,82.53089996375,0.016553134830576743,0.021191857054025032
2024-11-29,87.37000275,87.37000275,87.48999786,85.97000122,86.41999817,7553500,98.492199708,82.60079998054998,0.009008042995374055,0.021144441631466015
2024-12-02,85.94999695,85.94999695,87.0,85.26999664,86.94000244,16537200,98.4453996286,82.66144996685001,-0.016252784197148262,0.02057648797745863
2024-12-03,85.68000031,85.68000031,86.63999939,85.37999725,86.00499725,13660700,98.35719970800001,82.7202999501,-0.003141322275521108,0.02050654382341129
2024-12-04,84.93000031,84.93000031,85.98999786,84.26999664,85.94999695,13613700,98.11199966539999,82.7792499547,-0.008753501368889083,0.020515938093626035
2024-12-05,84.15000153,84.15000153,85.09999847,83.92500305,84.79499817,12979600,97.8857997144,82.82209995320001,-0.009184019511985775,0.020212390161179886
2024-12-06,85.93000031,85.93000031,86.69000244,85.90000153,86.01000214,11751500,97.50299972660001,82.871149941,0.02115268862312991,0.020624713123391928
2024-12-09,92.31999969,92.31999969,94.12000275,91.83000183,92.01000214,32767300,97.20279968439999,82.95294994405002,0.07436284600194965,0.024960424389149256
2024-12-10,89.83000183,89.83000183,90.55999756,89.49500275,89.78500366,13859200,96.876999667,83.01954994249999,-0.026971380723149196,0.024831338859992936
2024-12-11,88.98000336,88.98000336,89.16500092,88.0,88.89499664,9866000,96.4017997762,83.07604995775,-0.00946230048629626,0.02485296181284902
2024-12-12,89.23000336,89.23000336,90.0,88.48999786,89.03500366,9951200,95.88139984339999,83.14924999285,0.00280962003326235,0.024834159360261007
2024-12-13,87.81999969,87.81999969,88.38999939,87.23999786,88.19000244,11608600,95.38099991120002,83.21819999739999,-0.015801900895501597,0.024932549871875556
2024-12-16,86.05999756,86.05999756,86.91899872,85.87000275,85.95999908,13216600,94.8115998864,83.27539997145,-0.020041017265004735,0.025118395786690055
2024-12-17,87.15000153,87.15000153,87.59999847,85.40000153,85.5,13288700,94.204199985,83.35114997910001,0.012665628641693294,0.025202160910224813
2024-12-18,85.0,85.0,87.22000122,84.82800293,86.39099884,11319500,93.710599979,83.41579998065001,-0.024670126130289183,0.025378769643003025
2024-12-19,84.30999756,84.30999756,85.38999939,84.23999786,85.0,13795100,93.2389999422,83.46879997305,-0.0081176757647059,0.025101852922282286
2024-12-20,82.27999878,82.27999878,83.0,81.69999695,82.20999908,21270500,92.6989999418,83.51749996235002,-0.02407779431561874,0.024201866619158525
2024-12-23,85.13999939,85.13999939,85.30999756,82.76999664,82.84999847,20055100,92.1989999416,83.57544994404999,0.034759366217871124,0.023152274837352813
2024-12-24,85.51999664,85.51999664,85.88999939,85.0,85.69999695,5235400,91.7531999224,83.62874992420001,0.004463204753612393,0.022997999154530047
2024-12-26,86.08000183,86.08000183,87.26999664,85.55999756,85.72000122,12008600,91.43800003300001,83.67884994554998,0.006548236810127062,0.022099093334837273
2024-12-27,85.05999756,85.05999756,85.26999664,84.29000092,84.88999939,8629400,91.0958000202,83.72219993639999,-0.011849491732288886,0.02215649498013341
2024-12-30,84.12999725,84.12999725,84.94999695,83.52999878,84.16999817,10731000,90.7769999712,83.775849915,-0.010933462693130114,0.02208013653074875
2024-12-31,84.79000092,84.79000092,85.34999847,84.41999817,84.41999817,7415000,90.42419998359999,83.83269992875,0.007845045662354444,0.021830499677471565
2025-01-02,84.94999695,84.94999695,85.43000031,84.19999695,84.38999939,10635700,90.1049998486,83.8898499303,0.0018869681361479707,0.02176084951406299
2025-01-03,85.54000092,85.54000092,85.55000305,84.76000214,85.09999847,7689500,89.806599885,83.95044994404999,0.0069453089015090175,0.021343969492307702
2025-01-06,85.51999664,85.51999664,87.36000061,85.08000183,86.55000305,18077100,89.55699981779999,84.00714992570002,-0.0002338587770031042,0.021333655127324515
2025-01-07,84.48000336,84.48000336,85.11000061,83.77999878,84.30500031,11144100,89.3193998728,84.06039993335,-0.012160819935223999,0.021301751637295644
2025-01-08,83.69000244,83.69000244,83.79000092,82.72000122,83.08999634,9661800,89.0447999582,84.1181999593,-0.009351336275799094,0.020697316746330824
2025-01-10,80.52999878,80.52999878,82.25,80.40000153,82.25,15393900,88.6567999276,84.16354995779999,-0.037758436705334186,0.02108012286851264
2025-01-13,80.54000092,80.54000092,81.08000183,80.05999756,80.15000153,10726600,88.27099990940002,84.20884994560001,0.0001242039010496132,0.02107588116213118
2025-01-14,81.68000031,81.68000031,82.65000153,81.48999786,82.38999939,8773700,87.9305999766,84.25929996545001,0.014154449676904823,0.021008867635892818
2025-01-15,82.44000244,82.44000244,82.79000092,82.15000153,82.62999725,11655700,87.6197999582,84.3096999746,0.009304629372129947,0.021014166230341094
2025-01-16,82.43000031,82.43000031,82.58999634,81.81999969,82.01999664,7566500,87.3167999278,84.3549999624,-0.00012132617302240689,0.0208352235062922
2025-01-17,85.12000275,85.12000275,85.58999634,83.02999878,83.19999695,21132400,87.05119995220001,84.4161999899,0.03263377932650169,0.02172432899778297
2025-01-21,85.37999725,85.37999725,86.90000153,84.91999817,86.87000275,17099500,86.77459991559999,84.48089996395,0.003054446564852986,0.02166705272081393
2025-01-22,86.40000153,86.40000153,86.54000092,84.41999817,85.0,10354800,86.567999879,84.55314998685,0.011946642221284387,0.021688227065388522
2025-01-23,86.09999847,86.09999847,86.19999695,84.95999908,85.80000305,9225600,86.2871998604,84.6253499609,-0.0034722575774008835,0.021366871820913704
2025-01-24,89.13999939,89.13999939,89.19000244,86.48000336,86.70999908,18791000,86.18619979939999,84.71249996245,0.03530779296191544,0.01754580163362007
2025-01-27,89.98999786,89.98999786,91.43000031,89.22000122,90.58999634,25999800,86.07759979320001,84.79749996245,0.009535544938486407,0.016939299399547525
2025-01-28,96.02999878,96.02999878,96.43000031,89.90000153,90.94000244,31296300,86.1625997932,84.90469997464999,0.06711858054932507,0.020770375503893303
2025-01-29,96.72000122,96.72000122,101.2799988,96.44999695,99.38999939,75053000,86.2569998176,85.0140499884,0.007185280107945946,0.020786162781829307
2025-01-30,102.7399979,102.7399979,103.6650009,97.13999939,97.30000305,45929000,86.500199739,85.17129997330001,0.06224148680795483,0.023118191067788948
2025-01-31,98.83999634,98.83999634,102.5,98.0,102.0,36503500,86.705199739,85.31239994124999,-0.037959914733461386,0.02401487302916295
2025-02-03,98.61000061,98.61000061,101.8700027,96.06999969,96.50499725,29282900,86.89039978179999,85.45739994125,-0.00232695000522698,0.02400370301681001
2025-02-04,102.3499985,102.3499985,103.6100006,99.68000031,100.5899963,29877500,87.19519973960001,85.6250499353,0.03792716627993542,0.02410998492451347
2025-02-05,99.27999878,99.27999878,101.8199997,99.02999878,100.1650009,17017900,87.4453997824,85.77704994295,-0.029995112506034816,0.024885362385040414
2025-02-06,100.3799973,100.3799973,101.7399979,99.86499786,101.25,12774600,87.7413996918,85.933599931,0.011079759604324169,0.02425162495165809
2025-02-07,103.5100021,103.5100021,107.5100021,103.0,104.4599991,39538200,88.1489997888,86.09774993994999,0.031181558918013552,0.024118483118747362
2025-02-10,111.3199997,111.3199997,111.6500015,106.6999969,107.3199997,42429400,88.6637997462,86.29179992774999,0.07545162246692683,0.02716959636881443
2025-02-11,112.7799988,112.7799988,115.5400009,111.0,113.9599991,55001300,89.21579971599998,86.4825499355,0.013115335105413184,0.02717414134020507
2025-02-12,118.3300018,118.3300018,119.8099976,114.9649963,115.8199997,44024700,89.85059982519999,86.69864994144999,0.049210880112192434,0.027807325543459546
2025-02-13,119.5400009,119.5400009,119.5699997,114.7600021,115.3300018,33191808,90.4939997882,86.9185999307,0.010225632397480311,0.027487002271387406
